ST_CASE,VEH_NO,PER_NO,P1,P2,P3,P4,P5,P6,P7,P8,P9,P10
40643,1,1,18,0,0,0,0,0,0,0,0,0
40643,2,1,0,0,0,0,0,0,0,0,0,0
40644,1,1,0,0,0,0,0,0,0,0,0,0
40645,0,1,0,0,0,0,0,0,0,0,0,0
40645,0,2,0,0,0,0,0,0,0,0,23,0
40645,1,1,22,16,19,0,0,25,17,11,0,0
40646,0,1,0,0,0,0,0,0,0,0,0,0
40646,1,1,0,0,0,0,0,0,0,0,0,0
40647,1,1,21,21,21,21,21,21,21,21,21,21
40648,1,1,0,0,0,0,0,0,0,0,0,0
40648,2,1,0,0,0,0,0,0,0,0,0,0
40649,1,1,23,16,23,19,18,25,0,0,2,0
40650,0,1,25,25,25,25,25,25,25,25,25,25
40650,1,1,12,5,0,38,0,28,34,0,9,0
40651,1,1,0,0,0,0,0,0,0,0,0,0
40652,1,1,18,18,18,18,18,18,18,18,18,18
40652,2,1,0,0,0,0,15,0,0,0,0,0
40655,0,1,0,0,0,0,0,0,0,0,0,0
40655,1,1,0,36,0,0,0,0,13,0,0,0
40656,1,1,23,23,23,23,23,23,23,23,23,23
40656,2,1,0,0,0,0,0,0,0,0,0,0
40657,1,1,0,0,0,0,9,0,0,0,0,0
40657,2,1,0,0,0,0,0,0,0,0,0,0
40658,0,1,11,11,11,11,11,11,11,11,11,11
40658,1,1,0,0,0,0,0,0,0,0,0,0
40659,0,1,16,16,16,16,16,16,16,16,16,16
40659,1,1,0,11,21,0,0,0,0,14,17,0
40660,1,1,0,0,0,0,0,0,0,0,0,0
40661,1,1,20,20,20,20,20,20,20,20,20,20
40662,0,1,0,0,0,0,0,0,0,0,0,0
40662,1,1,23,23,23,23,23,23,23,23,23,23
40662,2,1,0,0,14,16,0,0,0,0,13,21
40662,3,1,0,14,0,0,25,7,0,0,0,0
40663,0,1,0,0,0,0,0,0,9,10,0,10
40663,1,1,0,12,0,0,0,0,0,0,0,0
40664,1,1,9,12,0,24,23,18,22,19,14,0
40664,2,1,0,0,10,0,0,10,14,0,14,0
40665,1,2,0,3,12,0,23,10,21,10,10,0
40666,0,1,0,0,0,0,0,0,0,0,0,0
40666,1,1,0,0,0,0,0,15,0,0,0,0
40667,1,1,0,0,0,0,0,0,0,0,0,0
40667,2,1,0,0,0,0,0,0,0,0,0,0
40668,1,1,0,0,0,0,0,0,0,0,12,16
40668,2,1,0,0,0,0,0,0,0,0,0,0
40669,1,1,0,0,0,0,0,0,0,0,0,0
40670,1,1,0,0,0,0,0,0,0,0,0,0
40670,2,1,7,7,7,7,7,7,7,7,7,7
40670,3,1,0,0,0,0,0,0,0,0,0,0
40671,1,1,0,0,0,0,0,0,0,0,0,0
40671,2,1,0,0,0,0,0,0,0,0,0,0
40672,1,1,0,0,0,0,0,0,0,0,0,0
40672,2,1,20,24,0,0,0,8,3,0,33,0
40673,1,1,0,0,0,0,0,0,0,0,0,25
40673,2,1,0,0,0,0,0,0,0,0,0,0
40674,1,1,19,19,19,19,19,19,19,19,19,19
40674,2,1,0,0,0,0,0,0,0,0,0,0
40674,3,1,0,0,0,0,0,0,0,0,0,0
40674,4,1,0,0,0,0,0,0,0,0,0,0
40675,0,1,15,15,15,15,15,15,15,15,15,15
40675,1,1,12,0,26,0,14,0,22,0,0,0
40676,0,1,0,0,0,0,0,0,0,0,0,0
40676,1,1,0,0,0,0,0,0,0,0,0,0
40677,1,1,0,0,0,0,0,0,0,0,0,0
40677,2,1,0,0,0,0,0,0,0,0,0,0
40678,1,1,6,20,0,18,25,0,0,24,19,9
40679,1,1,0,0,0,0,0,0,0,0,0,0
40679,2,1,0,0,0,0,26,0,0,0,5,0
40680,0,1,3,3,3,3,3,3,3,3,3,3
40680,1,1,0,0,0,0,0,0,0,32,0,0
40681,1,1,19,19,19,19,19,19,19,19,19,19
40682,1,1,4,4,4,4,4,4,4,4,4,4
40683,1,1,0,0,0,0,0,0,0,0,0,0
40684,0,1,16,18,0,12,11,13,29,10,16,15
40684,1,1,0,0,0,0,0,0,0,0,0,0
40684,2,1,0,0,0,0,0,0,0,0,0,0
40685,1,1,0,0,0,0,0,0,0,0,25,42
40685,2,1,0,0,20,18,0,7,0,0,9,0
40686,0,1,0,0,0,0,0,0,0,0,0,0
40686,1,1,0,0,0,0,0,0,0,0,0,0
40687,1,1,0,0,0,0,0,0,0,0,0,0
40687,2,1,0,0,0,0,0,0,0,0,0,0
40688,1,1,0,0,0,24,0,0,0,0,0,0
40689,1,1,15,15,15,15,15,15,15,15,15,15
40690,0,1,0,0,0,0,0,0,0,0,0,0
40690,1,1,0,0,0,0,0,0,0,0,0,0
40691,1,1,8,8,8,8,8,8,8,8,8,8
40691,2,1,0,0,0,0,0,0,0,0,0,0
40692,1,1,0,0,0,12,0,0,0,0,0,0
40693,1,1,0,0,0,0,0,0,0,0,0,0
40694,1,1,0,0,0,0,0,0,0,0,0,0
40694,2,1,0,0,0,2,0,0,0,0,0,0
40695,1,1,0,0,0,0,0,0,0,0,0,0
40695,2,1,0,0,0,0,0,0,0,0,0,0
40695,3,1,0,0,0,0,0,0,0,0,0,0
40696,0,1,34,34,34,34,34,34,34,34,34,34
40696,1,1,0,0,0,0,0,0,0,0,14,0
40697,1,1,17,17,17,17,17,17,17,17,17,17
40698,1,1,0,0,0,0,0,0,0,0,0,0
40699,1,1,0,0,0,0,0,0,0,0,0,0
40699,2,1,7,7,7,7,7,7,7,7,7,7
40700,1,1,9,0,14,24,26,0,18,22,12,11
40700,2,1,3,3,3,3,3,3,3,3,3,3
40700,3,1,0,0,0,0,0,0,0,0,13,0
40700,4,1,0,0,0,0,0,0,0,0,0,0
40700,5,1,0,0,0,0,0,0,0,0,0,0
40701,0,1,0,0,0,0,0,0,0,0,0,0
40701,1,1,13,15,17,4,8,19,0,0,0,0
40702,1,1,34,34,34,34,34,34,34,34,34,34
40702,2,1,0,0,0,0,0,0,0,0,0,0
40703,0,1,0,0,0,0,0,0,0,0,0,0
40703,1,1,0,0,0,0,0,0,0,0,0,0
40704,1,1,0,0,0,0,0,0,0,0,0,0
40704,2,1,0,0,0,0,0,0,0,0,0,0
40705,1,1,0,0,0,0,0,0,38,0,0,0
40706,1,1,0,0,0,0,0,0,0,0,0,0
40706,2,1,0,0,0,0,0,0,4,0,0,0
40707,1,1,0,0,0,0,0,0,0,0,0,0
40708,0,1,35,35,35,35,35,35,35,35,35,35
40708,1,1,0,0,0,0,0,0,0,0,0,0
40709,1,1,0,0,0,0,0,0,0,0,0,0
40710,1,1,0,0,0,0,0,0,0,0,0,0
40710,2,1,0,0,0,0,0,0,0,0,0,0
40711,1,1,8,8,8,8,8,8,8,8,8,8
40712,1,1,0,0,9,0,9,0,0,29,0,0
40713,1,1,10,0,0,0,0,0,0,0,0,0
40714,1,1,0,8,0,0,0,0,0,0,0,0
40715,1,1,0,0,0,0,0,0,0,0,0,0
40715,3,1,0,0,0,0,0,0,0,0,0,0
40715,4,1,0,0,0,0,0,0,0,17,0,0
40715,5,1,0,10,0,0,0,0,0,0,0,0
40715,6,1,0,0,0,0,0,0,0,0,0,0
40715,7,1,0,0,0,0,10,0,0,0,0,0
40715,8,1,0,0,15,0,0,0,0,0,0,0
40715,9,1,0,0,0,0,0,0,0,0,0,0
40715,10,1,0,0,0,0,0,0,0,0,0,0
40715,11,1,0,0,0,16,0,5,0,0,0,0
40716,1,1,0,0,0,21,0,0,0,0,0,23
40716,2,1,0,0,0,0,0,0,0,0,0,0
40716,3,1,0,0,0,0,0,0,0,0,0,0
40717,1,1,13,13,13,13,13,13,13,13,13,13
40718,0,1,14,14,14,14,14,14,14,14,14,14
40718,1,1,0,0,0,0,0,0,0,0,0,0
40719,0,1,0,0,0,0,0,0,0,0,0,0
40719,0,2,0,0,0,0,0,0,0,0,0,0
40719,1,1,0,0,0,0,0,0,0,0,4,0
40720,1,1,21,21,21,21,21,21,21,21,21,21
40721,1,1,3,3,3,3,3,3,3,3,3,3
40721,2,1,0,0,0,0,0,0,0,0,0,0
40722,1,1,0,0,0,0,0,0,0,0,0,0
40722,2,1,0,0,0,0,0,0,0,0,0,0
40723,1,1,0,0,0,0,0,0,0,0,0,0
40724,1,1,0,0,0,0,0,0,0,0,0,0
40725,1,1,0,0,0,0,0,0,0,0,0,0
40725,2,1,0,0,0,0,0,0,0,0,0,0
40727,1,1,39,39,39,39,39,39,39,39,39,39
40728,1,1,0,0,0,0,0,0,0,0,0,0
40729,0,1,14,12,5,19,26,31,24,16,10,17
40729,1,1,0,0,0,0,0,0,0,0,0,0
40729,2,1,0,0,0,0,0,0,0,0,0,0
40730,1,1,0,36,0,0,0,0,0,0,0,0
40730,2,1,0,0,0,0,0,0,0,0,0,0
40731,0,1,0,0,0,0,0,24,0,0,0,0
40731,1,1,0,0,0,0,0,0,0,0,0,0
40732,0,1,0,12,0,15,0,0,14,0,32,0
40732,1,1,0,0,0,0,0,0,0,0,0,0
40733,0,1,0,0,0,0,0,0,0,0,0,0
40733,0,2,0,0,0,0,0,0,0,0,0,0
40733,1,1,0,0,0,0,0,0,0,0,0,0
40734,0,1,0,0,0,0,0,0,0,0,0,0
40734,1,1,10,10,10,10,10,10,10,10,10,10
40735,0,1,28,28,28,28,28,28,28,28,28,28
40735,1,1,0,0,0,0,0,0,0,0,0,0
40736,1,1,14,9,6,49,13,8,25,8,16,23
40737,2,1,0,0,0,0,0,0,0,0,0,0
40738,1,2,15,18,0,0,12,22,0,20,10,0
40739,1,1,0,0,0,26,0,13,3,21,0,0
40739,2,1,0,12,9,12,13,12,0,0,0,0
40740,1,1,0,0,0,0,0,0,0,0,0,0
40741,1,1,0,0,0,0,0,0,0,0,0,0
40741,2,1,0,0,0,0,0,0,0,0,0,0
40742,0,1,29,29,29,29,29,29,29,29,29,29
40742,1,1,0,0,0,0,13,0,0,0,0,0
40743,0,1,0,0,17,20,26,7,3,25,0,20
40743,1,1,0,0,0,0,0,0,0,0,0,0
40744,1,1,0,0,0,0,0,0,0,0,0,0
40744,2,1,0,0,0,0,0,0,0,0,0,0
40745,0,1,0,0,0,0,0,0,0,0,0,0
40745,1,1,14,13,0,17,0,0,0,25,0,0
40746,1,1,0,0,0,0,0,0,0,0,0,0
40747,1,2,20,0,21,0,8,8,5,30,14,0
40748,0,1,0,0,17,0,0,0,0,0,0,0
40748,1,1,0,0,0,0,0,0,0,0,0,0
40749,0,1,29,29,29,29,29,29,29,29,29,29
40749,1,1,0,0,0,0,0,0,0,0,0,11
40750,1,1,0,0,0,0,0,0,0,0,0,0
40750,2,1,0,0,0,0,0,0,0,0,0,0
40752,1,1,2,2,2,2,2,2,2,2,2,2
40752,2,1,0,0,0,0,0,9,0,0,0,0
40753,0,1,0,0,0,0,0,0,0,0,0,0
40753,1,1,0,0,0,0,0,0,0,9,0,0
40754,0,1,19,0,0,16,3,25,13,16,0,25
40754,1,1,22,22,22,22,22,22,22,22,22,22
40756,0,1,29,29,29,29,29,29,29,29,29,29
40756,1,1,0,0,0,10,0,0,0,0,0,0
40757,0,1,16,16,16,16,16,16,16,16,16,16
40757,1,1,0,0,0,0,0,0,0,21,0,0
40758,0,1,0,0,0,0,0,0,0,0,0,0
40758,0,2,0,13,23,0,0,0,0,0,0,0
40758,1,1,0,0,0,0,0,15,0,10,0,0
40759,1,1,0,0,0,0,0,0,0,0,0,0
40759,2,1,0,0,0,0,0,0,0,0,0,0
40760,0,1,0,0,0,12,0,25,29,0,0,40
40760,1,1,0,0,0,0,0,0,0,0,0,26
40761,0,1,0,0,0,0,0,0,0,0,0,0
40761,1,1,0,0,0,0,0,0,0,0,0,0
40762,0,1,0,0,0,0,0,0,0,0,0,0
40762,1,1,0,21,12,17,22,18,14,0,16,0
40763,0,1,0,0,18,0,0,0,0,0,0,0
40763,1,1,6,6,6,6,6,6,6,6,6,6
40764,0,1,0,0,0,0,0,0,0,0,0,0
40764,1,1,0,0,0,0,0,0,0,0,0,0
40765,1,1,0,0,0,0,0,0,0,0,0,0
40765,2,1,0,0,0,0,0,0,0,0,0,0
40765,3,1,0,0,0,0,0,0,0,0,0,0
40766,1,1,0,0,0,0,0,0,0,0,0,0
40766,2,1,0,0,0,0,0,0,0,0,0,0
40767,1,1,17,17,17,17,17,17,17,17,17,17
40767,2,1,0,0,0,0,0,0,0,16,0,10
40768,0,1,0,0,0,0,0,0,0,0,0,0
40768,1,1,27,27,27,27,27,27,27,27,27,27
40769,1,1,0,0,17,0,29,0,0,0,0,10
40770,1,1,0,0,0,0,0,0,0,0,0,0
40770,2,1,0,7,0,0,0,0,0,0,0,0
40770,3,1,0,0,0,0,0,0,0,0,0,0
40771,1,1,0,0,0,0,0,0,0,0,0,0
40771,2,1,0,0,0,0,0,0,0,0,0,0
40772,1,1,0,0,0,0,0,0,0,0,0,0
40773,1,1,0,0,0,0,0,0,0,0,0,0
40773,2,1,0,0,0,0,0,0,0,0,0,10
40774,0,1,18,18,18,18,18,18,18,18,18,18
40774,1,1,7,7,7,7,7,7,7,7,7,7
40774,2,1,0,0,0,0,0,0,0,0,24,0
40775,0,1,0,0,0,0,0,0,0,0,0,0
40775,1,1,0,0,0,0,0,0,0,0,0,0
40776,0,1,12,0,0,19,19,14,0,17,0,5
40776,0,2,4,4,4,4,4,4,4,4,4,4
40776,1,1,6,0,0,0,0,0,0,0,0,0
40777,1,1,11,11,13,14,7,25,22,34,6,6
40777,2,1,0,0,0,0,0,0,0,0,0,0
40778,0,1,0,0,0,0,0,0,0,0,0,0
40778,1,1,0,0,0,0,0,0,0,0,0,0
40780,1,1,0,0,0,0,0,0,0,0,0,0
40780,2,1,0,0,0,0,0,0,0,0,0,0
40781,0,1,0,0,31,0,0,25,0,0,0,0
40781,1,1,0,0,0,0,0,0,0,0,0,0
40782,1,1,14,14,14,14,14,14,14,14,14,14
40783,1,1,24,24,24,24,24,24,24,24,24,24
40783,2,1,0,0,0,0,0,8,0,0,0,0
40784,1,1,0,0,0,0,0,0,0,0,0,0
40785,0,1,25,25,25,25,25,25,25,25,25,25
40785,1,1,0,0,0,0,0,0,0,0,0,0
40786,1,1,0,0,0,0,0,0,0,0,0,0
40787,1,1,21,22,18,13,0,18,20,0,0,15
40788,1,1,0,0,0,0,0,0,0,0,0,0
40788,2,1,0,0,0,0,0,0,0,0,0,0
40789,1,1,0,0,0,0,0,0,0,0,0,0
40789,2,1,0,0,0,0,0,0,0,0,0,0
40790,1,1,0,0,0,0,0,0,0,0,6,0
40790,2,1,0,0,0,0,0,0,0,0,0,0
40790,3,1,0,0,0,0,0,0,0,0,0,0
40790,4,1,0,0,8,0,0,0,0,0,0,0
40791,1,1,16,0,0,0,0,0,0,0,13,0
40791,2,1,0,0,0,0,0,0,0,0,0,0
40792,1,1,0,0,0,0,0,0,0,0,0,0
40792,2,1,0,0,0,0,0,0,0,0,0,0
40793,0,1,0,0,0,0,0,0,0,0,0,0
40793,1,1,0,0,0,0,7,0,0,0,0,0
40794,1,1,0,0,0,0,0,0,0,0,0,0
40794,2,1,0,0,0,0,0,0,0,0,0,0
40795,1,1,0,0,0,0,0,0,0,0,0,0
40795,2,1,0,0,0,0,0,0,0,0,0,0
40795,3,1,0,0,0,0,0,0,0,0,0,0
40795,4,1,0,0,0,0,0,0,0,0,0,0
40795,5,1,0,0,0,0,0,0,0,0,0,0
40796,0,1,0,0,0,0,0,0,0,0,0,0
40796,1,1,0,0,0,0,0,0,0,0,9,0
40797,1,1,23,23,23,23,23,23,23,23,23,23
40798,1,1,0,0,0,0,0,0,0,0,0,0
40799,0,1,20,20,20,20,20,20,20,20,20,20
40799,1,1,0,0,18,0,0,0,0,0,0,0
40801,1,1,0,0,0,0,0,0,0,0,0,0
40801,2,1,0,0,0,0,0,0,0,0,0,0
40802,1,1,0,0,0,0,0,0,0,0,0,0
40803,1,1,0,0,0,0,0,25,0,19,0,0
40804,1,1,0,0,18,0,0,0,0,0,0,0
40805,1,1,3,3,3,3,3,3,3,3,3,3
40805,2,1,0,0,0,0,0,0,0,0,0,1
40805,3,1,0,0,0,0,0,0,0,0,0,0
40806,1,1,0,0,0,0,0,0,0,0,0,0
40807,1,1,9,9,9,9,9,9,9,9,9,9
40808,1,1,0,0,0,0,0,0,0,0,0,0
40808,2,1,0,0,0,0,29,14,13,0,0,0
40809,1,1,0,0,0,0,0,0,0,0,0,0
40809,2,1,0,0,0,0,0,0,0,0,0,0
40810,1,1,0,0,33,9,0,10,0,11,0,18
40811,1,1,10,10,10,10,10,10,10,10,10,10
40811,2,1,0,0,0,0,0,0,23,0,0,0
40812,1,1,26,26,26,26,26,26,26,26,26,26
40813,1,1,23,23,23,23,23,23,23,23,23,23
40813,2,1,9,0,0,0,0,0,0,0,14,0
40814,0,1,20,20,20,20,20,20,20,20,20,20
40814,1,1,16,0,0,0,8,0,17,0,13,0
40815,1,1,17,17,17,17,17,17,17,17,17,17
40816,1,1,0,0,0,0,0,0,0,0,0,0
40817,1,1,0,12,0,11,0,0,0,18,0,0
40818,1,1,17,17,17,17,17,17,17,17,17,17
40818,2,1,0,7,0,0,0,0,0,12,0,0
40819,1,1,2,2,2,2,2,2,2,2,2,2
40819,2,1,0,0,0,0,0,0,0,0,0,0
40820,1,1,0,0,0,0,0,0,0,0,0,0
40820,2,1,0,0,0,0,0,0,0,0,0,0
40821,1,1,0,0,0,0,5,0,0,0,0,0
40821,2,1,0,0,0,0,0,0,0,0,0,0
40822,1,1,0,0,0,0,0,0,0,0,0,0
40822,2,1,0,0,0,0,0,0,0,0,0,0
40823,1,1,0,0,0,0,0,0,0,0,0,0
40823,2,1,0,0,0,0,0,0,0,0,0,0
40824,1,1,0,0,0,0,0,0,0,0,20,16
40825,1,1,23,23,23,23,23,23,23,23,23,23
40826,1,1,0,0,0,0,0,0,0,0,0,0
40826,2,1,0,0,0,0,0,0,0,0,0,4
40827,1,1,12,12,12,12,12,12,12,12,12,12
40827,2,1,0,0,0,0,16,0,0,0,0,0
40828,1,1,0,0,0,0,0,0,0,0,0,0
40828,2,1,5,5,5,5,5,5,5,5,5,5
40828,3,1,0,0,0,0,25,0,0,0,0,0
40828,4,1,0,0,0,0,0,0,0,0,0,0
40828,5,1,0,0,0,0,0,0,0,0,0,0
40828,6,1,13,0,0,0,0,20,0,0,0,0
40829,1,1,0,0,0,0,0,0,0,0,0,0
40829,2,1,0,0,0,0,0,0,0,0,0,0
40830,1,1,0,0,0,0,0,0,0,0,0,0
40830,2,1,0,16,0,0,0,0,0,0,0,0
40831,1,1,0,0,0,0,0,0,0,0,0,0
40831,7,1,16,0,0,0,0,0,0,0,0,0
40832,1,1,0,0,0,0,0,0,0,0,0,0
40832,2,1,0,0,0,0,0,0,0,0,0,0
40832,3,1,0,0,0,0,0,0,0,0,0,6
40833,0,1,26,26,26,26,26,26,26,26,26,26
40833,1,1,0,0,0,0,0,0,0,0,0,0
40834,1,1,0,0,0,0,0,0,0,0,0,6
40834,2,1,0,0,0,0,0,0,19,0,0,0
40835,0,1,0,0,0,0,0,0,0,0,0,0
40835,1,1,0,0,0,0,0,0,0,0,0,0
40836,1,1,0,0,0,0,0,0,0,0,0,0
40836,2,1,0,0,0,0,0,0,0,0,0,0
40837,1,1,0,0,0,0,0,0,0,0,0,0
40837,2,1,0,0,0,0,0,0,0,0,0,0
40838,1,1,0,0,0,0,0,0,0,0,0,0
40839,0,1,17,0,0,0,0,0,0,0,26,0
40839,1,1,0,0,0,0,0,0,0,0,0,0
40840,1,1,0,0,0,0,0,0,0,0,0,0
40840,2,1,0,0,0,34,0,0,0,0,0,0
40840,3,1,0,0,0,0,0,0,0,0,0,0
40841,1,1,0,0,0,9,0,0,0,0,0,0
40842,1,1,19,19,19,19,19,19,19,19,19,19
40843,1,1,0,0,0,0,0,0,0,0,0,0
40844,0,1,19,0,0,0,0,0,0,0,0,0
40844,1,1,0,0,0,0,0,0,0,0,0,0
40845,1,1,0,0,0,0,0,0,0,0,0,0
40845,2,1,0,0,0,0,0,0,0,0,0,0
40846,0,1,0,0,0,31,0,0,17,10,0,0
40846,0,2,0,0,0,0,0,0,0,0,0,0
40846,1,1,0,0,0,0,0,0,0,0,0,0
40847,0,1,10,0,0,0,0,0,0,0,0,14
40847,1,1,24,14,5,14,26,34,10,9,21,13
40848,0,1,0,0,0,0,0,0,0,0,0,0
40848,1,1,0,0,0,0,0,0,0,0,0,0
40850,1,1,0,0,0,0,0,0,0,0,0,0
40850,2,1,0,0,0,0,0,0,0,0,0,0
40851,0,1,0,0,0,0,0,0,0,21,0,0
40851,1,1,3,3,3,3,3,3,3,3,3,3
40852,0,1,0,0,0,0,0,0,0,0,0,0
40852,1,1,8,8,8,8,8,8,8,8,8,8
40853,1,1,0,0,0,0,0,0,0,0,0,0
40853,2,1,6,16,21,18,0,12,15,16,25,30
40854,0,1,0,0,0,0,0,0,0,0,0,0
40854,0,2,0,0,0,0,0,0,0,0,0,0
40854,1,1,0,0,0,0,0,0,0,0,0,0
40855,0,1,11,11,11,11,11,11,11,11,11,11
40855,1,1,0,0,0,0,0,0,0,0,0,0
40856,1,1,13,21,13,22,17,28,12,0,38,20
40857,1,1,0,0,0,0,0,0,0,0,0,0
40857,2,1,0,0,0,0,0,0,0,0,0,0
40858,1,1,28,15,0,21,13,10,0,7,14,12
40858,2,1,0,0,0,0,23,0,0,0,0,0
40859,1,1,11,11,11,11,11,11,11,11,11,11
40860,0,1,20,33,5,17,20,41,8,15,50,29
40860,0,2,9,9,9,9,9,9,9,9,9,9
40860,0,3,19,19,19,19,19,19,19,19,19,19
40860,1,1,0,0,0,0,0,0,0,0,0,0
40860,2,1,17,10,0,19,35,0,0,0,21,0
40861,1,1,0,0,0,0,0,0,0,0,0,0
40861,2,1,0,0,0,0,0,0,0,0,0,0
40862,0,1,0,0,0,0,0,0,0,0,0,0
40862,1,1,0,0,0,0,0,0,0,0,0,0
40863,1,1,0,0,0,0,0,0,0,0,0,0
40863,2,1,0,0,0,0,0,0,0,0,0,0
40863,3,1,0,0,0,0,0,0,0,6,0,0
40864,0,1,0,0,0,0,0,0,0,0,13,0
40864,1,1,0,0,0,0,0,0,0,0,0,0
40865,1,1,0,0,0,0,0,0,0,0,0,0
40866,0,1,26,26,26,26,26,26,26,26,26,26
40866,1,1,0,0,0,0,0,0,0,0,0,0
40867,1,1,25,25,25,25,25,25,25,25,25,25
40868,0,1,0,0,0,0,0,0,0,0,0,0
40868,1,1,0,10,22,0,0,0,0,34,14,0
40869,1,1,5,5,5,5,5,5,5,5,5,5
40870,1,2,12,12,12,12,12,12,12,12,12,12
40871,1,1,18,18,18,18,18,18,18,18,18,18
40872,1,2,0,0,0,0,0,0,0,0,0,0
40872,2,1,0,0,0,0,0,0,0,0,0,0
40873,0,1,0,0,0,0,0,0,0,0,0,0
40873,1,1,17,0,10,17,19,15,0,0,25,6
40874,1,1,24,24,24,24,24,24,24,24,24,24
40875,1,1,0,0,0,0,0,0,0,0,0,0
40875,2,1,0,0,0,0,0,0,0,0,0,0
40875,3,1,0,0,0,0,0,0,0,0,0,0
40876,0,1,38,38,38,38,38,38,38,38,38,38
40876,1,1,0,0,0,0,0,0,0,0,0,0
40877,1,1,0,0,0,0,0,0,0,0,0,0
40878,1,1,0,0,0,0,0,0,0,0,0,0
40878,2,1,0,0,0,0,0,0,0,0,0,0
40879,1,1,0,0,0,0,0,0,0,0,0,0
40879,2,1,0,0,0,0,0,0,0,0,0,0
40880,1,1,0,0,0,0,0,0,0,0,0,0
40881,1,2,22,0,0,16,0,2,14,23,16,41
40882,0,1,40,0,0,23,0,0,0,21,9,0
40882,1,1,14,0,0,8,15,0,20,8,0,0
40883,1,1,0,0,11,0,0,0,8,0,0,24
40883,2,1,29,0,0,0,0,0,0,0,0,0
40884,1,1,0,0,0,24,0,0,10,14,0,0
40885,1,1,0,0,0,0,0,0,25,0,18,0
40885,2,1,0,0,0,0,0,0,0,0,0,0
40886,1,1,9,12,0,15,0,0,0,0,0,9
40886,2,1,22,0,0,0,28,20,0,0,0,0
40887,1,2,20,9,11,0,7,16,13,9,12,0
40888,1,1,0,0,15,20,8,0,0,20,0,0
40889,1,1,12,23,17,26,24,23,11,9,39,17
40890,1,1,12,0,0,0,12,0,13,0,0,8
40891,1,2,33,0,15,0,10,0,31,3,0,18
40893,0,1,0,10,0,0,0,21,9,0,0,0
40893,1,1,0,0,0,0,0,0,0,0,0,0
40894,1,4,22,11,0,0,0,14,10,7,6,23
40895,1,1,0,0,0,0,0,0,0,0,0,0
40895,2,1,0,0,0,0,0,0,0,0,0,0
40895,3,1,32,0,0,0,0,0,0,0,0,0
40899,1,2,0,0,0,17,0,23,7,5,0,0
40900,1,1,0,0,0,0,0,0,0,0,0,0
40900,2,1,0,15,0,0,0,6,0,0,0,0
40901,1,1,0,0,0,6,0,20,0,17,0,0
40902,0,1,0,0,0,0,0,0,0,0,26,0
40902,1,1,0,0,0,0,0,0,0,0,0,0
40903,1,1,0,0,0,0,0,0,0,0,0,0
40903,2,1,0,0,0,0,0,0,0,0,0,0
40904,0,1,0,0,0,0,0,0,0,0,0,0
40904,1,1,0,0,0,0,0,0,0,0,19,0
40905,0,1,0,0,0,0,0,0,0,0,0,0
40905,1,1,0,0,0,0,0,0,15,0,0,0
40906,1,1,0,0,0,0,16,0,0,0,0,0
40906,2,1,0,0,0,0,0,0,0,0,0,0
40907,0,1,0,0,0,0,0,0,0,25,0,0
40907,1,1,0,0,0,0,0,0,0,0,0,0
40909,1,1,10,0,0,0,0,0,0,0,0,0
40909,2,1,0,0,0,0,0,0,0,0,0,20
40910,1,2,22,22,22,22,22,22,22,22,22,22
40911,0,1,0,0,0,0,0,0,0,0,0,0
40911,1,1,0,0,0,0,0,0,0,0,0,0
40912,1,1,0,0,0,0,0,0,0,0,0,0
40912,2,1,14,0,17,0,0,18,0,0,0,0
40913,1,1,0,0,0,0,0,0,0,0,0,0
40913,2,1,0,0,0,0,0,0,0,0,0,0
40914,0,1,0,0,0,0,0,0,0,0,0,0
40914,1,1,0,0,0,0,0,0,0,0,0,0
40915,1,1,0,0,0,0,0,0,0,0,0,0
40915,2,1,0,0,0,0,0,0,0,0,0,18
40915,3,1,0,0,0,0,0,0,0,0,0,0
40916,1,1,0,0,0,0,0,0,0,0,0,0
40916,2,1,0,0,0,0,0,0,0,0,0,0
40916,3,1,0,6,0,17,0,0,0,4,4,0
40917,2,1,22,0,0,0,0,0,0,0,0,0
40918,1,1,0,0,0,0,0,0,0,0,0,0
40918,2,1,0,0,0,0,0,0,0,0,0,0
40919,1,2,0,0,16,9,12,21,0,0,27,0
40920,1,1,6,6,6,6,6,6,6,6,6,6
40921,1,1,0,0,0,0,0,0,0,0,0,0
40922,0,1,21,21,21,21,21,21,21,21,21,21
40922,1,1,0,0,0,0,0,0,0,0,0,0
40923,1,1,0,6,0,19,9,0,0,0,14,0
40923,2,1,0,0,0,0,0,0,0,0,0,0
40924,1,1,0,0,0,28,0,17,21,20,10,0
40925,1,1,30,11,0,10,25,24,22,12,10,17
40927,1,1,0,0,0,0,0,0,0,0,0,0
40928,0,1,0,0,0,0,0,0,0,0,0,0
40928,1,1,0,0,0,0,0,0,0,0,0,0
40929,1,1,0,0,6,30,0,0,0,0,0,0
40930,1,1,0,0,0,0,0,0,0,0,0,0
40931,0,1,0,0,0,0,0,0,0,0,0,0
40931,1,1,0,0,0,0,0,0,0,0,0,0
40932,0,1,0,0,0,0,0,0,0,0,0,0
40932,1,1,0,0,0,0,0,4,0,5,7,0
40933,1,1,0,0,0,0,0,0,0,0,0,0
40933,2,1,0,0,0,0,0,0,0,0,0,0
40934,0,1,0,0,0,0,0,0,0,0,0,0
40934,1,1,0,0,0,0,0,0,0,0,0,0
40935,1,1,23,23,23,23,23,23,23,23,23,23
40936,1,1,0,0,0,0,0,0,0,0,0,0
40936,2,1,25,0,7,0,0,0,0,0,0,8
40936,3,1,0,10,36,0,0,0,0,0,0,0
40937,0,1,0,0,0,0,0,0,0,0,0,0
40937,1,1,0,0,0,0,0,0,0,0,7,12
40938,0,1,0,0,0,0,17,21,29,0,6,0
40938,1,1,15,0,0,0,0,19,0,0,0,0
40939,1,1,0,0,0,0,0,35,14,13,0,0
40939,2,1,0,0,0,0,0,0,0,0,0,0
40940,0,1,31,31,31,31,31,31,31,31,31,31