ST_CASE,VEH_NO,PER_NO,P1,P2,P3,P4,P5,P6,P7,P8,P9,P10
80147,1,1,0,0,0,0,0,0,0,0,0,0
80147,2,1,0,0,0,0,0,0,0,0,0,18
80147,3,1,0,0,0,0,0,0,0,0,0,0
80148,1,1,32,32,32,32,32,32,32,32,32,32
80148,2,1,0,0,0,0,0,0,0,0,0,0
80149,1,1,0,0,0,0,0,0,7,0,0,0
80149,2,1,0,0,0,0,0,0,0,0,0,0
80150,0,1,0,0,0,0,0,0,0,0,0,0
80150,1,1,0,0,0,0,0,0,2,0,15,0
80151,1,1,0,0,0,0,0,0,0,0,0,0
80151,2,1,0,0,0,0,0,0,0,0,0,0
80152,0,1,0,0,0,0,0,0,0,0,0,0
80152,1,1,0,0,0,0,0,0,0,0,0,0
80153,0,1,0,0,0,0,0,0,0,0,0,0
80153,1,1,0,0,0,0,0,0,8,0,0,0
80154,1,1,6,6,6,6,6,6,6,6,6,6
80154,2,1,0,0,0,0,0,0,0,0,0,0
80155,1,1,0,0,0,0,0,0,0,0,0,0
80156,1,1,24,24,24,24,24,24,24,24,24,24
80157,1,1,0,0,0,0,0,0,0,19,18,0
80158,1,1,0,0,0,0,0,0,0,0,0,0
80159,1,1,20,20,20,20,20,20,20,20,20,20
80160,1,1,1,1,1,1,1,1,1,1,1,1
80161,0,1,0,0,0,0,0,0,0,0,0,0
80161,1,1,0,0,0,0,0,0,0,0,0,0
80162,1,1,36,36,36,36,36,36,36,36,36,36
80162,2,1,0,0,0,0,0,0,0,0,0,0
80163,1,1,0,0,0,0,0,0,0,0,0,0
80163,2,1,0,0,0,0,0,0,0,0,0,0
80164,1,1,50,50,50,50,50,50,50,50,50,50
80165,1,1,20,20,20,20,20,20,20,20,20,20
80166,1,1,0,0,0,0,0,0,0,0,0,0
80166,2,1,0,0,0,0,0,0,0,20,0,0
80166,3,1,0,0,0,0,0,0,0,0,0,0
80167,1,1,0,0,0,0,0,0,0,0,0,0
80168,1,1,0,0,0,13,0,0,0,0,0,0
80169,1,1,0,0,0,0,0,0,0,0,0,0
80169,2,1,0,0,0,0,20,10,0,0,0,0
80169,3,1,19,4,0,0,0,0,5,0,26,0
80170,1,1,0,0,0,0,0,8,0,0,0,0
80170,2,1,9,0,0,0,0,0,0,22,0,4
80171,1,1,20,20,20,20,20,20,20,20,20,20
80172,1,1,0,0,0,0,0,0,34,0,0,0
80173,1,1,9,9,9,9,9,9,9,9,9,9
80174,1,1,0,0,0,0,0,0,0,0,0,0
80175,1,1,0,0,0,0,0,0,0,0,0,0
80176,1,1,0,0,0,0,0,0,0,0,0,0
80176,2,1,0,0,0,0,0,0,0,0,0,0
80176,3,1,0,0,0,0,0,0,0,0,0,0
80177,1,1,22,0,19,0,0,0,0,0,0,0
80178,1,1,0,0,0,0,0,0,0,0,0,0
80179,1,1,0,0,0,0,0,0,0,0,0,0
80180,1,1,20,20,20,20,20,20,20,20,20,20
80180,2,1,0,0,0,0,0,0,0,0,0,0
80181,1,1,0,0,0,0,0,0,0,0,0,0
80181,2,1,0,0,0,0,0,0,0,0,0,0
80181,3,1,0,0,0,0,0,0,0,0,0,0
80182,1,1,0,0,0,0,0,0,0,0,0,0
80182,2,1,0,0,0,0,0,0,0,0,0,0
80183,1,1,23,23,23,23,23,23,23,23,23,23
80183,2,1,0,0,0,0,0,0,0,0,0,0
80184,1,1,0,0,0,0,0,0,0,0,0,0
80184,2,1,0,0,0,0,0,0,0,0,0,0
80185,1,1,0,9,0,0,0,0,0,0,0,0
80185,2,1,0,0,0,0,0,16,0,0,0,0
80186,0,1,23,23,23,23,23,23,23,23,23,23
80186,1,1,22,0,0,19,0,0,0,0,0,0
80187,1,1,0,0,0,0,0,0,0,0,0,0
80188,0,1,0,0,0,0,0,0,0,0,0,0
80188,1,1,0,0,0,6,24,0,0,0,0,0
80189,1,1,0,0,0,0,0,0,0,0,0,0
80189,2,1,0,0,0,0,0,0,0,0,0,0
80190,0,1,0,0,9,0,0,0,12,33,9,25
80190,1,1,24,0,0,0,0,21,3,0,0,0
80191,1,1,25,25,25,25,25,25,25,25,25,25
80191,2,1,0,0,23,0,0,0,0,0,0,0
80192,1,1,0,0,0,0,0,0,0,0,0,0
80193,1,1,19,19,19,19,19,19,19,19,19,19
80194,1,1,0,0,0,0,0,0,0,0,0,33
80194,2,1,0,0,0,0,0,0,0,0,0,0
80195,1,1,8,8,8,8,8,8,8,8,8,8
80196,1,1,21,21,21,21,21,21,21,21,21,21
80197,1,1,0,0,0,0,0,0,0,0,0,0
80197,2,1,0,0,0,0,0,0,0,0,0,0
80198,1,1,0,0,0,0,0,0,0,0,0,0
80199,1,1,0,0,0,0,0,0,0,0,0,0
80199,2,1,0,0,0,0,0,0,0,0,0,0
80199,3,1,0,0,0,0,0,0,0,0,0,0
80200,1,1,0,0,0,0,0,0,0,0,0,0
80201,1,1,22,22,22,22,22,22,22,22,22,22
80201,2,1,0,0,0,0,0,0,0,0,0,0
80202,0,1,34,34,34,34,34,34,34,34,34,34
80202,0,2,14,13,29,0,10,8,19,8,14,21
80202,1,1,9,17,26,21,10,7,11,15,12,3
80203,1,1,0,0,0,0,0,0,0,0,0,0
80203,2,1,0,0,0,0,0,0,0,0,0,0
80204,1,1,24,24,24,24,24,24,24,24,24,24
80205,1,1,0,0,0,0,0,0,0,0,0,0
80205,2,1,0,0,0,0,0,0,0,0,0,0
80206,1,1,0,0,0,0,0,0,0,0,0,0
80206,2,1,0,0,0,0,0,0,0,0,0,0
80207,0,1,0,0,0,0,0,0,0,0,0,0
80207,1,1,0,0,0,0,0,0,35,0,0,0
80208,1,1,0,0,0,0,0,0,0,0,0,0
80208,2,1,0,0,0,0,0,0,0,0,0,0
80209,0,1,0,0,0,0,0,0,0,0,0,0
80209,1,1,0,0,0,0,0,0,0,0,0,0
80210,1,1,13,13,13,13,13,13,13,13,13,13
80211,1,1,0,0,0,0,0,0,0,0,0,0
80211,2,1,0,0,0,0,0,0,0,0,0,0
80212,1,1,0,0,0,0,0,0,0,0,0,0
80212,2,1,0,0,0,0,0,0,0,0,0,0
80213,1,1,5,5,5,5,5,5,5,5,5,5
80214,1,1,0,0,0,0,0,0,0,0,0,0
80215,1,1,12,12,12,12,12,12,12,12,12,12
80216,1,1,17,17,17,17,17,17,17,17,17,17
80216,2,1,0,0,0,0,0,0,0,0,0,0
80217,1,1,0,0,0,0,0,0,0,0,0,0
80218,1,1,0,0,0,0,0,0,0,0,0,0
80219,1,1,23,23,23,23,23,23,23,23,23,23
80220,1,1,33,33,33,33,33,33,33,33,33,33
80221,1,1,0,0,0,0,0,0,0,0,11,0
80221,2,1,0,0,0,0,0,0,0,0,0,0
80222,1,1,0,0,0,0,0,0,0,0,0,0
80222,2,1,0,0,0,0,0,0,0,0,0,0
80223,1,1,0,0,0,0,0,0,0,0,0,0
80223,2,1,0,0,0,0,0,0,0,0,0,19
80224,1,1,4,4,4,4,4,4,4,4,4,4
80224,2,1,0,0,0,0,0,0,0,0,0,0
80225,1,1,0,0,0,0,0,0,0,0,0,0
80225,2,1,0,0,0,0,0,0,0,0,0,0
80226,0,1,17,17,17,17,17,17,17,17,17,17
80226,1,1,0,0,0,0,0,0,0,0,0,0
80227,0,1,19,19,19,19,19,19,19,19,19,19
80228,1,1,0,0,0,0,0,0,0,0,0,0
80228,2,1,0,0,0,0,0,0,0,0,0,0
80229,1,1,0,0,0,0,0,0,0,39,0,0
80229,2,1,0,0,0,25,0,0,0,0,0,0
80230,1,1,0,0,0,0,0,0,0,0,0,0
80230,2,1,0,30,0,0,0,0,0,0,0,0
80231,1,1,0,0,0,0,0,0,0,0,0,0
80231,2,1,0,0,0,0,0,0,0,0,0,0
80232,1,1,0,0,0,0,0,0,0,0,0,0
80233,1,1,0,0,0,0,0,0,0,0,0,0
80234,1,1,16,16,16,16,16,16,16,16,16,16
80235,1,1,0,0,0,0,0,0,0,0,0,0
80236,1,1,8,8,8,8,8,8,8,8,8,8
80236,2,1,0,0,0,0,0,0,0,0,0,0
80237,1,1,0,0,0,0,0,0,0,0,0,0
80237,2,1,0,0,0,0,0,0,0,0,0,0
80238,1,1,0,0,0,0,0,0,0,0,0,0
80238,2,1,13,21,8,4,4,6,12,7,0,17
80238,3,1,16,18,7,22,0,0,7,16,4,6
80239,1,1,0,0,0,0,0,0,0,0,0,0
80239,2,1,0,0,0,0,0,0,0,0,0,0
80240,1,1,0,0,10,0,0,0,0,0,0,0
80241,1,1,0,16,0,0,0,0,0,0,0,0
80242,1,1,0,0,0,0,0,0,20,0,0,0
80242,2,1,7,15,0,16,0,0,0,0,0,0
80243,1,1,0,0,0,0,0,0,0,0,0,0
80244,1,1,16,16,16,16,16,16,16,16,16,16
80245,1,1,0,0,0,0,0,0,0,0,0,0
80245,2,1,0,0,0,0,0,0,0,0,0,0
80245,3,1,0,0,0,0,0,0,0,0,0,0
80246,1,1,20,20,20,20,20,20,20,20,20,20
80246,2,1,0,0,0,0,0,0,0,0,0,0
80247,1,1,0,0,0,0,0,0,0,0,0,0
80248,1,1,0,0,0,0,0,0,0,0,0,0
80248,2,1,0,0,0,0,0,0,0,0,0,0
80249,1,1,0,0,0,0,0,0,0,0,0,18
80249,2,1,0,0,0,0,0,23,0,0,0,15
80250,1,1,0,0,0,0,0,0,0,23,0,0
80250,2,1,0,0,0,0,0,0,0,0,0,0
80250,3,1,0,0,0,0,0,0,0,0,0,0
80251,1,1,0,0,0,0,0,0,0,0,0,0
80252,1,1,0,0,0,0,0,0,0,0,0,0
80252,2,1,0,0,0,0,0,0,0,10,0,0
80253,1,1,0,0,0,0,0,0,0,0,0,0
80253,2,1,0,0,0,0,16,19,14,0,0,0
80253,3,1,0,0,0,0,0,0,0,0,0,0
80254,1,1,0,0,0,0,0,0,0,0,0,0
80254,2,1,0,0,0,9,0,0,0,0,0,0
80255,1,1,0,25,0,0,0,0,0,0,0,0
80256,1,1,0,0,0,0,0,0,0,0,0,0
80256,2,1,0,0,0,0,0,0,0,0,0,0
80256,3,1,0,0,0,0,0,0,0,0,0,0
80257,1,1,11,11,11,11,11,11,11,11,11,11
80257,2,1,0,0,0,0,15,0,0,0,0,0
80258,1,1,0,0,0,0,0,0,0,0,0,0
80259,1,1,0,0,0,0,0,0,0,0,0,0
80260,1,1,8,0,0,0,0,0,0,0,0,0
80260,2,1,0,0,0,0,0,0,0,0,0,0
80260,3,1,0,0,0,0,0,0,0,0,0,0
80260,4,1,0,0,0,0,0,0,0,0,0,0
80261,0,1,16,16,16,16,16,16,16,16,16,16
80261,1,1,0,0,0,0,0,0,0,0,0,0
80262,1,1,0,0,0,0,0,0,0,0,0,0
80262,2,1,0,0,0,0,0,0,0,0,0,0
80262,3,1,0,0,10,0,0,0,26,0,0,16
80263,1,1,12,12,12,12,12,12,12,12,12,12
80264,0,1,20,20,20,20,20,20,20,20,20,20
80264,1,1,0,0,0,12,0,0,0,0,16,0
80265,1,1,0,0,0,0,0,0,0,0,0,0
80266,1,1,26,26,26,26,26,26,26,26,26,26
80266,2,1,0,0,0,0,0,0,0,0,0,0
80267,1,1,0,0,0,0,0,0,0,0,0,0
80267,2,1,0,0,0,0,0,0,0,0,0,0
80268,1,1,19,19,19,19,19,19,19,19,19,19
80269,1,1,0,0,0,0,0,0,0,0,0,0
80269,2,1,0,0,0,0,0,0,0,0,0,0
80270,0,1,34,34,34,34,34,34,34,34,34,34
80270,1,1,24,10,10,0,0,0,20,5,0,13
80271,1,1,25,0,0,0,0,0,0,0,0,0
80271,2,1,0,0,0,0,0,0,0,0,0,0
80272,1,1,0,0,0,0,0,0,0,0,0,0
80272,2,1,0,0,0,0,0,0,0,0,0,0
80273,1,1,0,0,0,0,0,0,21,20,0,0
80274,1,1,28,28,28,28,28,28,28,28,28,28
80274,2,1,0,0,0,0,0,0,0,0,0,0
80275,1,1,8,8,8,8,8,8,8,8,8,8
80276,1,1,13,13,13,13,13,13,13,13,13,13
80276,2,1,0,0,0,0,0,0,0,0,0,9
80277,1,1,0,0,0,0,0,0,0,0,0,0
80277,2,1,0,0,0,0,0,0,0,0,0,0
80277,3,1,0,0,16,36,0,0,0,7,0,0
80278,1,1,13,13,13,13,13,13,13,13,13,13
80278,2,1,0,0,0,0,0,0,0,0,0,0
80279,0,1,26,26,26,26,26,26,26,26,26,26
80279,1,1,0,0,0,0,0,0,0,0,0,0
80280,1,1,3,3,3,3,3,3,3,3,3,3
80281,1,1,46,46,46,46,46,46,46,46,46,46
80282,1,1,19,19,19,19,19,19,19,19,19,19
80282,2,1,0,0,0,0,0,0,0,0,0,0
80283,1,1,10,10,10,10,10,10,10,10,10,10
80283,2,1,12,0,0,0,0,0,0,0,23,0
80284,1,1,0,0,0,0,0,0,0,0,0,0
80285,1,1,0,0,0,30,0,2,0,0,0,0
80285,2,1,0,0,0,0,0,0,0,0,0,0
80286,0,1,0,0,0,0,0,0,0,0,0,0
80286,1,1,37,0,0,0,0,0,0,0,0,0
80287,1,1,0,0,0,0,0,0,0,0,0,0
80288,1,1,1,1,1,1,1,1,1,1,1,1
80289,0,1,9,9,9,9,9,9,9,9,9,9
80289,1,1,0,16,0,0,0,0,0,0,0,0
80290,1,1,22,22,22,22,22,22,22,22,22,22
80290,2,1,0,0,0,0,0,18,0,0,0,0
80291,1,1,0,0,0,0,0,0,0,0,0,0
80292,1,1,14,14,14,14,14,14,14,14,14,14
80293,1,1,0,0,0,0,0,0,0,0,0,0
80293,2,1,0,0,0,0,0,0,0,0,0,0
80294,1,1,5,5,5,5,5,5,5,5,5,5
80295,1,1,0,0,0,0,0,0,0,0,0,0
80295,2,1,0,0,0,17,0,0,0,0,0,10
80296,1,1,0,0,0,0,0,0,0,0,0,0
80297,1,1,23,23,23,23,23,23,23,23,23,23
80299,1,1,19,19,19,19,19,19,19,19,19,19
80300,1,1,0,0,0,0,0,0,7,0,0,0
80300,2,1,0,0,0,0,0,0,0,0,0,0
80301,1,1,0,0,0,0,0,0,0,0,0,0
80301,2,1,0,0,0,0,0,0,0,0,0,0
80302,1,1,0,0,0,0,0,0,0,0,26,0
80302,2,1,0,0,0,0,0,0,0,0,0,0
80303,1,1,0,0,0,0,0,0,0,0,0,0
80303,2,1,0,0,0,0,0,0,0,0,0,0
80304,1,1,0,0,0,0,0,0,0,0,0,0
80304,2,1,0,0,0,0,0,0,0,0,0,0
80305,1,1,0,0,0,0,0,0,0,0,0,0
80305,2,1,0,0,0,16,0,0,0,0,0,0
80306,1,1,2,2,2,2,2,2,2,2,2,2
80306,2,1,0,0,0,0,0,0,0,0,0,0
80307,0,1,0,0,0,0,0,0,0,0,0,0
80307,1,1,0,0,0,0,0,0,0,0,0,0
80308,1,1,0,0,0,0,0,0,0,0,0,0
80308,2,1,0,0,0,0,0,0,0,0,0,0
80309,1,1,21,21,21,21,21,21,21,21,21,21
80309,2,1,0,0,0,0,0,0,16,0,0,0
80310,1,1,15,15,15,15,15,15,15,15,15,15
80311,1,1,0,0,0,0,0,0,0,0,0,0
80312,1,1,18,18,18,18,18,18,18,18,18,18
80313,1,1,14,14,14,14,14,14,14,14,14,14
80313,2,1,0,0,0,0,0,0,0,0,0,0
80313,3,1,14,0,0,0,0,0,0,0,0,0
80313,4,1,0,0,0,0,0,0,0,0,0,0
80313,5,1,0,0,0,0,0,0,0,0,0,0
80314,0,1,0,0,0,0,0,0,0,0,0,0
80314,1,1,16,0,0,0,0,0,0,0,0,0
80315,1,1,0,0,0,0,0,0,0,0,0,0
80315,2,1,0,0,0,0,0,0,0,0,0,0
80315,3,1,0,0,0,0,0,14,0,0,0,0
80316,1,1,0,0,0,0,0,0,0,0,0,0
80317,1,1,0,0,0,0,0,0,0,0,0,0
80317,2,1,0,0,0,0,0,0,0,0,0,0
80318,1,1,16,16,16,16,16,16,16,16,16,16
80319,0,1,25,25,25,25,25,25,25,25,25,25
80319,1,1,0,0,0,0,0,0,0,0,0,0
80320,0,1,0,0,0,0,0,0,0,0,0,0
80320,1,1,0,0,0,0,0,0,0,0,0,0
80321,1,1,15,15,15,15,15,15,15,15,15,15
80321,2,1,0,0,0,0,0,0,0,0,0,0
80322,1,1,0,0,0,0,0,0,0,0,0,0
80323,1,1,0,0,0,0,0,0,0,0,0,0
80323,2,1,0,0,0,0,0,0,0,0,0,0
80324,1,1,0,0,0,0,0,0,0,0,0,0
80325,1,1,0,0,0,0,0,10,0,0,0,0
80325,2,1,0,0,0,0,0,0,0,0,0,0
80326,1,1,2,2,2,2,2,2,2,2,2,2
80327,1,1,0,0,0,0,0,0,0,0,0,0
80327,2,1,0,0,0,0,0,0,0,0,0,0
80328,0,1,0,0,0,0,0,0,0,0,0,0
80328,1,1,0,0,0,0,0,0,0,0,0,0
80329,1,1,0,0,0,9,0,0,0,18,0,0
80329,2,1,0,0,7,0,0,0,0,0,0,0
80330,1,1,35,10,23,4,19,19,21,18,11,17
80331,0,1,3,3,3,3,3,3,3,3,3,3
80331,1,1,28,2,11,11,9,5,21,0,0,19
80332,1,1,10,10,10,10,10,10,10,10,10,10
80333,1,1,18,18,18,18,18,18,18,18,18,18
80334,1,1,0,0,24,0,0,0,0,0,0,10
80335,1,1,0,0,0,0,0,0,0,0,0,0
80336,1,1,0,0,0,0,0,0,0,0,0,0
80336,2,1,22,0,0,0,0,0,0,0,0,0
80337,1,1,0,0,0,0,0,0,0,0,0,0
80337,2,1,0,0,0,0,0,0,0,0,0,0
80338,1,1,15,15,15,15,15,15,15,15,15,15
80338,2,1,0,0,0,0,0,0,0,0,0,0
80339,1,1,0,10,25,30,3,12,24,18,10,20
80340,1,1,0,0,0,0,0,0,0,0,0,0
80340,2,1,1,1,1,1,1,1,1,1,1,1
80341,1,1,6,6,6,6,6,6,6,6,6,6
80341,2,1,0,0,0,0,0,0,3,9,0,0
80342,1,1,0,0,0,0,0,0,0,4,0,0
80343,1,1,0,0,0,0,0,0,0,0,0,0
80343,2,1,0,9,0,0,0,21,10,19,25,0
80343,3,1,0,22,22,21,15,0,0,0,0,11
80344,1,1,0,0,0,0,0,0,0,0,0,0
80344,2,1,0,0,0,0,0,9,0,0,0,0
80345,1,1,11,11,11,11,11,11,11,11,11,11
80345,2,1,0,0,0,0,0,0,0,0,0,0
80345,3,1,0,0,0,0,0,0,0,0,0,0
80346,1,1,0,0,0,0,0,0,0,0,0,0
80347,1,1,17,17,17,17,17,17,17,17,17,17
80348,1,1,0,0,31,0,0,0,0,0,0,0
80348,2,1,0,0,0,0,0,0,0,0,0,0
80349,1,1,26,6,12,10,8,37,7,0,8,35
80349,2,1,0,0,0,0,0,0,0,0,0,0
80350,0,1,0,0,0,0,0,0,0,0,0,0
80350,1,1,0,0,0,0,0,0,0,0,0,0
80350,3,1,0,0,0,0,0,0,0,0,0,0
80351,0,1,19,19,19,19,19,19,19,19,19,19
80351,1,1,0,0,0,0,0,0,0,0,0,0
80352,1,1,0,0,0,0,0,0,0,0,0,0
80353,1,1,23,23,23,23,23,23,23,23,23,23
80354,1,1,0,0,0,0,0,0,28,0,0,0
80355,1,1,0,0,0,0,0,0,0,0,0,0
80356,1,1,0,0,0,0,0,0,0,0,0,0
80357,1,1,23,23,23,23,23,23,23,23,23,23
80358,1,1,7,7,7,7,7,7,7,7,7,7
80359,1,1,0,0,0,0,0,0,0,0,0,0
80360,1,1,0,0,0,0,0,0,0,0,0,0
80360,2,1,0,0,0,0,0,0,0,0,0,0
80361,0,1,16,16,16,16,16,16,16,16,16,16
80361,1,1,16,16,16,16,16,16,16,16,16,16
80362,1,1,0,0,0,0,0,0,0,0,0,0
80362,2,1,0,0,0,0,0,0,0,0,0,0
80363,0,1,0,0,0,0,0,0,0,0,0,0
80363,1,1,0,0,0,0,0,0,0,0,0,0
80364,0,1,12,12,12,12,12,12,12,12,12,12
80364,1,1,8,28,18,23,41,14,30,18,12,8
80365,1,1,0,0,0,0,0,0,0,0,0,0
80366,0,1,37,37,37,37,37,37,37,37,37,37
80366,1,1,10,10,10,10,10,10,10,10,10,10
80367,1,1,0,0,0,0,0,0,0,0,0,0
80367,2,1,0,0,0,0,0,0,0,0,0,0
80368,1,1,0,0,0,0,0,0,0,0,0,0
80368,2,1,0,0,0,0,0,0,0,0,0,0
80369,1,1,21,21,21,21,21,21,21,21,21,21
80369,2,1,0,0,0,0,0,0,0,0,0,0
80370,0,1,28,28,28,28,28,28,28,28,28,28
80370,1,1,0,0,0,0,0,0,0,0,0,0
80371,1,1,0,0,0,0,0,0,0,0,0,0
80371,2,1,0,0,0,0,0,0,0,0,0,0
80372,1,1,0,0,0,0,14,0,16,0,0,0
80372,2,1,0,0,0,0,0,0,0,0,0,0
80373,1,1,21,21,21,21,21,21,21,21,21,21
80374,0,1,0,0,0,0,0,0,0,0,0,0
80374,1,1,0,0,0,0,0,0,0,0,0,0
80375,1,1,18,8,10,2,6,22,13,24,14,18
80376,1,1,0,0,0,0,0,0,0,0,0,0
80376,2,1,0,25,0,0,0,0,0,0,0,0
80377,1,1,0,0,0,0,0,0,0,0,0,0
80378,1,1,20,20,20,20,20,20,20,20,20,20
80379,1,1,13,13,13,13,13,13,13,13,13,13
80379,2,1,0,0,0,0,0,0,0,0,0,0
80380,1,1,14,14,14,14,14,14,14,14,14,14
80380,2,1,0,0,0,0,0,0,0,0,0,0
80381,1,1,16,16,16,16,16,16,16,16,16,16
80382,1,1,0,0,0,0,0,0,0,0,0,0
80382,2,1,0,0,0,0,0,0,15,0,0,0
80383,1,1,0,0,0,0,0,0,0,0,0,0
80384,0,1,32,32,32,32,32,32,32,32,32,32
80384,1,1,0,0,0,0,0,0,0,0,0,0
80385,1,1,0,0,0,0,0,0,0,0,0,0
80385,2,1,0,0,13,0,0,0,0,0,0,0
80386,0,1,0,0,0,0,0,0,0,0,0,0
80386,1,1,0,0,0,0,15,0,0,0,0,0
80387,1,1,0,0,0,0,0,0,0,0,0,0
80387,2,1,0,0,0,0,0,0,0,0,0,0
80388,1,1,29,0,0,17,0,0,0,0,0,0
80388,2,1,0,0,0,0,0,0,0,0,0,0
80389,0,1,28,28,28,28,28,28,28,28,28,28
80389,1,1,0,0,0,0,0,0,0,0,0,0
80390,1,1,0,0,0,0,0,0,0,0,0,0
80391,0,1,26,26,6,8,27,12,37,28,9,20
80391,1,1,0,0,0,0,0,0,0,16,0,0
80392,1,1,0,0,0,0,0,0,0,0,0,0
80392,2,1,0,0,0,0,0,0,0,0,0,0
80393,1,1,3,3,3,3,3,3,3,3,3,3
80394,1,1,0,0,0,0,0,0,0,0,0,0
80395,1,1,0,0,0,0,0,0,0,0,0,0
80396,0,1,0,0,0,0,22,24,0,0,0,0
80396,1,1,0,0,0,0,0,0,0,0,0,0
80397,1,1,0,0,0,0,0,0,0,0,0,0
80397,2,1,0,0,12,0,0,0,0,0,0,0
80397,3,1,0,0,0,0,0,0,0,0,0,0
80397,4,1,0,0,0,0,0,12,0,0,0,18
80397,5,1,0,0,0,0,0,0,0,0,0,0
80397,6,1,0,0,0,0,0,0,0,0,0,0
80397,7,1,0,0,0,0,8,0,0,0,0,0
80398,1,1,0,0,0,0,0,0,0,0,0,0
80398,2,1,0,0,0,0,0,0,0,0,0,0
80398,3,1,30,0,15,21,0,0,0,0,10,0
80398,4,1,0,0,0,0,0,0,0,0,0,0
80399,1,1,0,0,0,0,0,0,0,0,0,0
80400,1,1,0,0,0,0,0,0,0,0,0,0
80400,2,1,0,9,0,0,0,0,0,0,0,0
80401,1,1,0,0,0,0,0,0,0,0,0,0
80401,2,1,0,0,0,0,0,0,0,0,0,0
80402,1,1,0,0,0,0,0,0,0,0,0,0
80402,2,1,0,0,0,0,0,0,0,0,0,0
80403,1,1,0,0,0,0,0,0,0,0,0,0
80404,1,1,0,0,0,0,0,0,0,0,0,0
80404,2,1,0,0,0,0,0,0,0,0,0,0
80405,1,1,0,0,0,0,0,0,0,0,0,0
80405,2,1,0,0,0,0,0,0,11,0,0,0
80405,4,1,0,0,0,0,0,0,0,0,0,0
80406,1,1,0,0,0,0,0,0,0,0,0,0
80406,2,1,0,0,0,0,0,0,0,0,0,0
80407,1,1,0,0,0,0,0,0,0,0,0,0
80407,2,1,0,0,0,0,0,0,0,0,0,0
80408,0,1,22,22,22,22,22,22,22,22,22,22
80408,1,1,0,0,0,0,0,0,0,0,0,0
80409,1,1,0,0,0,0,0,0,0,0,0,0
80410,1,1,0,0,0,0,0,0,0,0,0,0
80411,1,1,0,0,0,0,0,0,0,0,0,0
80411,2,1,0,0,0,0,0,0,0,0,0,0
80412,1,1,6,6,6,6,6,6,6,6,6,6
80413,1,1,0,0,0,0,0,0,0,0,0,0
80414,1,1,0,0,0,0,0,0,0,0,0,0
80414,2,1,0,0,0,0,0,0,0,0,0,0
80414,3,1,0,0,0,0,0,0,0,0,0,0
80414,4,1,0,0,0,19,0,0,0,0,0,0
80414,7,1,0,0,0,0,0,0,0,0,0,0
80415,1,1,0,0,0,0,0,0,0,0,0,0
80415,2,1,0,0,0,0,0,0,0,0,0,0
80416,0,1,9,9,9,9,9,9,9,9,9,9
80416,1,1,0,0,0,0,0,0,0,0,0,0
80417,1,1,0,0,0,0,0,0,0,0,0,0
80417,2,1,0,0,0,0,0,0,0,0,0,0
80418,0,1,5,39,32,12,16,44,16,6,0,25
80418,1,1,0,0,0,0,0,0,0,0,0,0
80419,1,1,0,0,0,0,0,0,0,0,0,0
80420,1,1,0,0,0,0,0,0,0,0,0,0
80421,1,1,0,0,0,0,0,0,0,0,0,0
80422,1,1,0,0,0,0,0,0,0,0,0,0
80423,0,1,28,28,28,28,28,28,28,28,28,28
80423,0,2,17,10,0,7,14,16,23,0,33,19
80423,1,1,9,9,9,9,9,9,9,9,9,9
80424,0,1,0,0,0,0,0,0,0,0,0,0
80424,1,1,0,0,0,0,0,0,0,0,0,21
80425,1,1,0,0,0,0,0,0,0,0,0,0
80426,1,1,0,0,0,0,0,0,0,0,0,0
80427,0,1,0,0,0,0,0,0,0,0,0,0
80427,1,1,0,0,13,0,0,0,0,0,0,0
80428,0,1,14,14,14,14,14,14,14,14,14,14
80428,1,1,0,0,18,0,0,0,0,0,0,0
80429,1,1,26,26,26,26,26,26,26,26,26,26
80430,0,1,0,0,0,0,0,0,0,0,0,0
80430,1,1,0,0,0,0,0,0,0,0,0,0
80431,1,1,0,0,0,0,0,0,0,0,0,5
80431,2,1,0,0,0,0,0,0,0,0,0,0
80432,1,1,0,0,0,0,0,0,0,0,0,0
80432,2,1,0,0,0,0,0,0,0,0,0,0
80433,1,1,0,0,0,0,0,0,0,0,0,0
80433,2,1,19,0,0,0,0,0,0,0,0,0
80434,1,1,0,0,0,0,0,0,0,0,0,0
80434,2,1,0,0,0,0,0,0,0,0,0,0
80435,0,1,11,11,11,11,11,11,11,11,11,11
80435,1,1,0,0,0,0,0,0,0,0,0,0
80435,2,1,0,0,0,0,0,0,0,0,11,0
80435,3,1,0,0,0,9,0,0,0,0,0,0
80436,1,1,5,5,5,5,5,5,5,5,5,5
80436,2,1,0,0,0,0,14,0,0,8,0,0
80437,0,1,0,0,0,0,0,0,0,0,15,0
80437,1,1,0,25,0,0,0,0,0,0,0,0
80438,1,1,0,0,0,0,0,0,0,0,0,0
80439,1,1,5,5,5,5,5,5,5,5,5,5
80439,2,1,0,0,0,0,0,0,0,0,0,0
80440,0,1,0,0,0,0,0,0,0,0,0,0
80440,1,1,0,0,0,0,0,0,0,0,0,0
80441,0,1,32,32,32,32,32,32,32,32,32,32
80441,1,1,0,0,0,0,0,0,0,0,0,0
80442,1,1,0,0,0,0,0,0,0,0,0,0
80442,2,1,0,0,0,0,0,0,0,0,0,0
80442,3,1,0,0,0,0,0,0,0,0,0,0
80442,4,1,0,0,0,0,0,0,0,0,0,0
80443,1,1,0,0,0,0,0,0,0,0,0,0
80443,2,1,0,0,16,0,0,0,26,24,0,0
80444,1,1,0,0,0,0,0,0,0,0,0,0
80444,2,1,16,0,0,0,0,0,0,0,0,0
80445,1,1,0,0,0,0,0,0,0,0,0,0
80445,2,1,0,0,0,0,0,34,0,0,0,0
80446,0,1,17,17,17,17,17,17,17,17,17,17
80446,1,1,6,0,0,0,0,10,0,0,0,0
80447,1,1,0,0,0,0,0,0,0,0,0,0
80449,1,1,8,8,8,8,8,8,8,8,8,8
80450,1,1,1,1,1,1,1,1,1,1,1,1