ST_CASE,VEH_NO,PER_NO,P1,P2,P3,P4,P5,P6,P7,P8,P9,P10
90157,1,1,16,8,0,12,0,0,0,8,0,6
90157,2,1,0,0,0,13,15,0,0,5,0,25
90158,1,1,0,0,0,0,0,0,0,0,0,0
90159,1,1,0,0,0,0,0,0,0,0,0,0
90159,2,1,0,0,0,0,0,0,0,0,0,0
90160,0,1,0,0,0,0,0,24,0,0,11,0
90160,0,2,0,0,0,0,0,0,0,0,25,0
90160,1,1,0,0,0,0,0,0,0,0,0,0
90160,2,1,0,0,0,0,0,0,0,0,0,0
90161,1,1,0,0,0,0,0,0,0,0,0,0
90162,1,1,22,22,22,22,22,22,22,22,22,22
90163,1,1,25,25,25,25,25,25,25,25,25,25
90164,1,1,0,0,0,0,0,0,0,0,0,0
90164,2,1,23,0,0,0,0,0,0,0,0,0
90165,1,1,0,0,0,0,0,0,0,0,0,0
90166,1,1,0,0,0,0,0,0,0,0,0,0
90167,1,1,28,28,28,28,28,28,28,28,28,28
90168,1,1,0,0,0,0,0,0,0,0,0,0
90168,2,1,0,0,0,0,0,0,0,0,0,0
90169,0,1,5,5,5,5,5,5,5,5,5,5
90169,1,1,0,0,0,0,0,0,0,0,23,0
90170,1,1,15,15,15,15,15,15,15,15,15,15
90171,1,1,0,0,0,0,0,0,0,0,0,0
90172,1,1,17,17,17,17,17,17,17,17,17,17
90173,0,1,0,0,0,0,0,0,0,0,0,0
90173,1,1,1,1,1,1,1,1,1,1,1,1
90174,0,1,0,0,0,0,0,0,0,0,0,0
90174,1,1,12,0,0,0,0,0,0,0,0,0
90175,1,1,0,0,0,0,0,5,0,0,0,0
90175,2,1,0,0,0,0,0,0,0,0,0,0
90176,1,1,0,0,9,22,0,0,0,23,30,36
90176,2,1,0,0,0,0,0,0,0,0,0,0
90176,3,1,0,0,0,0,0,0,0,0,0,0
90177,1,1,0,0,0,0,10,0,5,0,3,8
90177,2,1,0,0,0,0,0,0,0,0,0,0
90177,3,1,0,0,0,29,0,14,0,0,0,37
90178,0,1,0,0,0,0,0,0,0,0,0,0
90178,1,1,0,0,0,0,0,0,0,0,0,0
90179,1,1,0,0,0,0,10,0,12,0,0,0
90179,2,1,0,0,0,0,0,0,0,0,0,0
90180,0,1,0,0,0,0,0,0,0,0,0,0
90180,1,1,0,0,0,0,0,0,0,0,0,0
90181,0,1,0,0,0,0,0,0,0,0,0,0
90181,1,1,0,0,0,0,0,0,29,0,0,14
90182,1,1,0,0,0,0,0,0,0,0,0,0
90182,2,1,0,0,0,0,0,14,0,18,0,0
90183,0,1,0,0,0,0,0,0,0,0,0,0
90183,1,1,0,0,0,0,23,0,0,0,0,0
90184,1,1,0,0,0,0,0,0,0,0,0,0
90184,2,1,0,0,0,0,0,0,0,0,0,0
90185,1,1,7,15,0,37,26,18,0,0,11,0
90187,1,1,48,0,11,15,0,0,19,4,18,24
90188,1,1,15,15,15,15,15,15,15,15,15,15
90188,2,1,1,1,1,1,1,1,1,1,1,1
90189,1,1,26,26,26,26,26,26,26,26,26,26
90190,1,1,23,23,23,23,23,23,23,23,23,23
90191,1,1,26,0,0,24,0,12,0,0,0,0
90191,2,1,19,19,19,19,19,19,19,19,19,19
90192,1,1,0,0,0,0,0,0,0,0,0,0
90193,1,1,0,0,0,0,0,0,0,0,0,40
90193,2,1,0,14,0,0,0,19,0,0,0,0
90193,3,1,23,23,23,23,23,23,23,23,23,23
90194,1,1,19,19,19,19,19,19,19,19,19,19
90195,0,1,0,0,0,0,0,0,0,0,0,0
90195,1,1,0,0,0,0,17,0,28,21,14,0
90197,0,1,0,0,0,0,0,0,0,0,0,0
90197,1,1,20,0,0,8,0,0,0,0,0,13
90198,1,1,0,0,0,0,0,0,0,16,0,0
90198,2,1,12,12,12,12,12,12,12,12,12,12
90199,1,1,0,0,0,0,19,0,0,0,0,0
90199,2,1,0,0,0,0,23,19,0,21,11,0
90200,1,1,0,0,0,0,0,0,0,0,0,10
90201,1,1,15,27,32,5,16,17,21,26,29,10
90202,0,1,0,0,0,0,0,0,0,0,0,0
90202,1,1,0,0,0,0,0,0,0,0,0,0
90203,1,1,26,26,26,26,26,26,26,26,26,26
90204,1,1,0,0,0,0,0,0,0,0,0,0
90204,2,1,0,13,19,0,10,0,0,0,14,0
90205,1,1,0,0,0,5,9,0,0,0,0,6
90205,2,1,0,0,0,0,0,0,0,0,0,0
90205,3,1,18,18,18,18,18,18,18,18,18,18
90206,1,1,0,0,0,0,0,0,0,0,0,0
90206,2,1,0,0,0,0,0,0,0,0,0,0
90207,1,1,0,0,0,0,0,0,0,0,0,0
90208,1,1,0,0,0,0,0,0,0,0,0,0
90208,2,1,0,0,0,0,0,0,0,0,0,0
90209,0,1,1,1,1,1,1,1,1,1,1,1
90209,1,1,0,0,0,0,0,0,0,0,14,0
90209,2,1,3,0,0,0,0,9,0,0,0,0
90210,1,1,0,0,0,0,0,0,0,0,0,0
90210,2,1,0,0,29,0,0,0,0,0,0,0
90211,1,1,30,30,30,30,30,30,30,30,30,30
90212,1,1,0,0,0,0,0,0,0,0,0,0
90213,1,1,12,12,12,12,12,12,12,12,12,12
90214,2,1,0,0,0,0,0,0,0,0,0,0
90214,3,1,0,0,0,0,0,0,0,0,0,0
90215,0,1,0,0,0,33,0,0,0,0,0,0
90215,0,2,16,24,0,0,0,12,0,0,0,0
90215,0,3,0,0,0,0,0,0,0,0,0,0
90215,0,4,0,0,0,0,0,0,0,0,0,0
90215,1,1,0,0,0,15,0,0,23,0,35,0
90215,2,1,0,0,0,0,20,0,0,0,0,0
90216,1,1,22,10,31,0,22,0,8,0,18,0
90217,1,1,24,24,24,24,24,24,24,24,24,24
90218,1,1,0,14,19,16,18,0,21,40,24,0
90219,1,1,0,0,0,0,0,0,0,0,0,0
90219,2,1,0,0,0,0,0,0,0,0,0,0
90221,1,1,0,0,0,0,0,0,0,0,0,0
90222,1,1,0,0,0,0,21,14,0,0,0,0
90223,0,1,0,15,0,0,0,0,23,0,0,0
90223,1,1,0,11,0,0,0,0,0,0,0,0
90223,2,1,0,0,22,0,11,0,0,0,14,11
90224,1,1,0,0,0,0,0,0,0,0,0,0
90225,1,1,12,12,12,12,12,12,12,12,12,12
90226,1,1,0,0,0,0,0,0,0,0,0,0
90226,2,1,0,0,0,0,0,0,51,13,0,0
90227,0,1,0,0,0,0,0,0,0,0,0,0
90227,1,1,20,22,0,21,0,22,5,18,23,0
90228,2,1,10,10,10,10,10,10,10,10,10,10
90229,1,1,0,0,0,0,0,0,0,0,0,0
90229,2,1,0,0,0,0,0,0,0,0,0,0
90230,1,1,0,0,0,0,0,0,0,0,0,0
90231,1,1,8,8,8,8,8,8,8,8,8,8
90231,2,1,0,0,0,0,0,0,0,0,0,21
90231,3,1,0,0,0,0,9,0,0,0,0,11
90231,4,1,0,6,28,8,0,22,0,0,0,0
90232,1,1,16,16,16,16,16,16,16,16,16,16
90233,0,1,18,0,0,13,0,0,0,0,0,0
90233,1,1,0,0,0,0,0,0,0,0,0,0
90234,0,1,0,0,0,0,0,0,0,0,0,0
90234,1,1,9,0,0,0,0,0,0,0,0,0
90235,0,1,0,0,0,0,0,0,0,0,0,0
90235,1,1,17,0,0,11,0,14,0,0,0,24
90236,0,1,8,8,8,8,8,8,8,8,8,8
90236,1,1,0,18,0,0,16,0,11,10,19,24
90237,1,1,0,0,0,0,0,0,0,23,0,0
90237,2,1,0,0,0,0,0,0,0,0,0,0
90238,1,1,0,0,24,8,0,0,0,0,0,0
90238,2,1,0,0,0,0,0,0,0,0,0,0
90238,3,1,0,0,0,0,0,0,0,0,0,0
90239,1,1,0,0,0,0,0,0,0,0,0,0
90240,1,1,0,15,17,0,5,0,0,0,14,12
90240,2,1,0,0,0,0,0,0,0,0,0,0
90241,1,1,0,0,0,0,0,0,0,0,0,0
90242,1,1,0,0,0,0,0,0,0,0,0,0
90242,2,1,0,0,0,0,0,0,0,0,0,0
90243,1,1,0,0,0,17,21,0,0,0,29,35
90244,0,1,0,0,0,0,0,0,0,0,0,0
90244,1,1,0,0,0,10,21,0,0,0,0,0
90245,1,1,0,8,0,0,28,0,0,0,0,19
90246,1,1,25,25,25,25,25,25,25,25,25,25
90247,1,1,18,18,18,18,18,18,18,18,18,18
90248,1,1,0,0,3,0,25,25,38,0,0,0
90248,2,1,0,0,0,0,0,0,0,0,0,0
90248,3,1,0,0,0,0,0,0,0,0,0,0
90249,0,1,0,0,0,22,0,0,0,0,0,0
90249,0,2,32,0,0,0,0,19,0,8,0,0
90249,1,1,0,0,0,0,0,0,0,0,0,0
90250,1,1,0,17,0,6,10,12,24,9,0,6
90250,2,1,0,13,0,0,23,0,19,7,0,0
90251,1,1,0,0,0,0,0,0,0,0,0,0
90251,2,1,0,9,0,0,0,29,0,0,0,0
90252,1,1,0,0,0,0,0,0,0,0,0,0
90252,2,1,0,0,0,0,0,0,0,0,0,0
90252,3,1,0,0,0,0,0,0,0,0,0,0
90253,1,1,8,8,8,8,8,8,8,8,8,8
90253,2,1,0,0,5,0,5,19,0,0,0,11
90254,0,1,0,0,0,0,0,0,0,0,0,0
90254,1,1,0,0,0,0,0,0,0,0,0,0
90255,1,1,22,6,20,0,0,13,21,6,30,16
90255,2,1,17,31,28,13,38,3,30,30,16,17
90256,0,1,0,0,0,0,0,0,0,0,0,0
90256,1,1,0,0,0,26,4,0,29,0,0,0
90257,1,1,0,0,0,0,0,0,0,0,0,0
90258,0,1,0,0,0,0,0,0,0,0,0,0
90258,1,1,0,0,0,23,0,42,0,0,13,0
90258,2,1,0,8,0,7,0,0,16,11,0,0
90259,1,1,0,0,0,0,8,0,9,0,0,0
90259,2,1,11,0,0,0,20,0,0,0,0,0
90260,0,1,0,0,0,18,30,0,0,0,5,6
90260,1,1,0,0,0,12,0,0,21,0,40,24
90261,1,1,0,0,0,38,0,0,0,0,0,0
90261,2,1,13,13,13,13,13,13,13,13,13,13
90262,1,1,16,16,16,16,16,16,16,16,16,16
90263,1,1,0,0,14,0,0,0,0,0,0,0
90264,0,1,0,0,0,0,0,0,0,0,0,0
90264,1,1,0,0,0,0,0,0,0,0,0,17
90265,1,1,23,0,0,0,0,0,0,0,0,0
90266,1,1,5,9,0,12,21,0,0,0,0,14
90267,1,1,0,23,0,0,0,0,11,23,23,9
90268,1,1,0,0,0,0,0,0,22,0,0,0
90268,2,1,14,14,14,14,14,14,14,14,14,14
90269,0,1,0,0,0,0,0,0,0,0,0,0
90269,1,1,0,0,0,0,0,0,27,16,0,0
90270,1,1,11,0,26,6,15,1,38,6,33,14
90271,1,1,29,29,29,29,29,29,29,29,29,29
100001,0,1,0,0,0,0,0,0,0,0,0,0
100001,1,1,0,0,0,0,0,0,0,0,0,0
100002,1,1,27,27,27,27,27,27,27,27,27,27
100003,1,1,0,0,0,0,0,0,0,0,0,0
100003,2,1,0,0,0,0,0,0,0,0,0,0
100004,0,1,0,0,0,0,0,0,0,0,0,0
100004,1,1,0,0,0,0,0,0,0,0,0,0
100005,1,1,15,15,15,15,15,15,15,15,15,15
100006,1,1,0,0,0,0,0,0,0,0,0,0
100006,2,1,0,0,0,0,0,0,0,0,0,0
100006,3,1,0,0,0,0,0,0,12,0,0,0
100007,0,1,0,8,25,29,41,23,26,24,18,36
100007,1,1,0,0,0,0,0,0,0,0,0,0
100008,1,1,0,0,0,0,0,0,0,0,0,0
100009,1,1,20,20,20,20,20,20,20,20,20,20
100010,1,1,17,17,17,17,17,17,17,17,17,17
100011,1,1,0,0,0,0,0,0,0,0,0,0
100011,2,1,0,0,0,0,0,0,0,0,0,0
100012,1,1,0,0,0,30,0,0,17,0,0,0
100012,2,1,0,0,4,0,30,0,0,0,0,0
100013,1,1,11,11,11,11,11,11,11,11,11,11
100013,2,1,9,0,0,0,0,0,0,0,0,4
100014,0,1,0,0,0,0,0,0,0,0,0,0
100014,1,1,25,25,25,25,25,25,25,25,25,25
100015,1,1,0,0,0,0,0,0,0,0,0,0
100016,0,1,7,7,7,7,7,7,7,7,7,7
100016,1,1,17,6,0,0,40,0,13,28,0,0
100017,0,1,31,31,31,31,31,31,31,31,31,31
100017,1,1,16,0,0,8,0,25,0,0,0,0
100018,1,1,0,0,0,0,0,0,0,0,0,0
100018,2,1,0,0,0,0,0,0,0,0,0,0
100019,0,1,14,14,14,14,14,14,14,14,14,14
100019,1,1,0,0,0,0,0,31,0,0,0,0
100020,0,1,0,0,0,0,0,0,0,0,0,0
100020,1,1,12,35,23,21,5,6,16,20,14,13
100021,0,1,24,24,24,24,24,24,24,24,24,24
100021,1,1,0,14,0,14,16,0,0,0,0,6
100022,0,1,17,17,17,17,17,17,17,17,17,17
100022,1,1,0,0,0,0,0,14,0,0,0,0
100023,1,1,0,0,0,0,0,0,0,0,0,0
100024,0,1,0,0,0,0,0,0,0,0,0,0
100024,1,1,10,0,0,0,0,0,0,16,0,0
100025,0,1,31,31,31,31,31,31,31,31,31,31
100025,1,1,5,0,16,28,0,0,23,0,0,0
100025,2,1,0,0,0,0,0,0,0,0,17,0
100026,1,1,8,8,8,8,8,8,8,8,8,8
100027,0,1,12,12,12,12,12,12,12,12,12,12
100027,1,1,0,0,0,0,0,0,0,0,0,0
100027,2,1,0,14,0,0,0,0,0,0,0,0
100027,3,1,0,0,0,0,0,0,0,0,0,0
100028,1,1,0,0,0,0,0,0,0,0,0,0
100028,2,1,0,0,0,0,0,0,0,0,0,0
100029,0,1,0,0,0,0,0,0,0,0,0,0
100029,1,1,0,0,0,0,0,0,0,0,0,0
100030,1,1,0,0,0,0,0,0,0,0,0,0
100030,2,1,0,0,0,0,0,0,0,0,0,0
100031,1,1,0,0,0,0,0,0,0,0,0,0
100031,2,1,0,0,0,0,0,0,0,0,0,0
100032,1,1,0,0,28,0,0,0,0,0,0,0
100032,2,1,0,0,0,0,0,0,0,0,0,0
100032,3,1,17,0,0,0,0,0,0,0,0,0
100033,1,1,0,0,0,0,0,0,0,0,0,0
100033,2,1,0,0,0,0,0,0,0,0,0,0
100034,1,1,0,0,0,0,0,0,0,0,0,0
100034,2,1,0,0,0,0,0,0,0,0,0,0
100035,1,1,0,0,0,0,0,0,0,0,0,0
100036,1,1,7,7,7,7,7,7,7,7,7,7
100036,2,1,0,0,0,0,0,0,0,0,0,0
100037,1,1,1,1,1,1,1,1,1,1,1,1
100037,2,1,0,21,0,0,0,0,0,0,0,0
100038,1,1,0,0,0,0,0,0,0,0,0,0
100039,1,1,0,0,0,0,0,0,0,0,0,0
100039,2,1,0,0,0,0,0,0,0,0,0,0
100040,0,1,0,0,0,0,0,0,0,0,0,0
100040,1,1,0,0,0,0,0,0,0,0,0,0
100041,1,1,20,20,20,20,20,20,20,20,20,20
100042,1,1,17,17,17,17,17,17,17,17,17,17
100042,2,1,0,0,0,0,0,0,0,0,0,0
100043,0,1,0,0,0,0,0,0,0,0,0,0
100043,1,1,0,0,0,0,0,0,0,0,0,0
100044,1,1,16,16,16,16,16,16,16,16,16,16
100045,0,1,0,0,0,0,0,0,0,0,0,0
100045,1,1,0,0,0,0,18,0,0,0,0,0
100046,0,1,26,13,0,41,7,0,0,0,24,8
100046,1,1,0,0,0,3,0,0,0,0,0,0
100047,1,1,15,15,15,15,15,15,15,15,15,15
100047,2,1,0,0,0,13,7,13,0,0,0,0
100047,3,1,0,0,0,0,3,15,0,0,0,0
100048,1,1,24,24,24,24,24,24,24,24,24,24
100049,1,1,18,18,18,18,18,18,18,18,18,18
100049,2,1,0,0,0,0,0,0,0,0,0,0
100050,1,1,0,0,0,0,0,0,0,0,12,0
100050,2,1,0,0,0,0,0,0,0,0,0,0
100051,0,1,33,33,33,33,33,33,33,33,33,33
100051,1,1,0,0,0,0,34,0,0,0,0,0
100052,1,1,14,14,14,14,14,14,14,14,14,14
100053,1,1,0,0,0,0,0,0,0,0,0,0
100053,2,1,0,0,0,0,0,0,0,0,0,0
100053,3,1,0,0,0,0,0,0,0,0,0,0
100054,1,1,0,0,0,0,0,0,0,0,0,0
100055,1,1,0,0,0,0,0,0,0,0,0,0
100055,2,1,0,0,0,0,0,0,0,0,0,0
100056,1,1,0,0,0,0,0,0,0,0,0,0
100056,2,1,0,0,0,14,0,0,0,0,0,0
100057,1,1,0,0,0,0,0,0,0,0,0,0
100057,2,1,0,0,0,11,0,0,0,0,0,0
100058,1,1,0,0,0,0,0,0,0,0,0,0
100058,2,1,0,0,0,0,0,0,0,0,17,0
100059,1,1,15,15,15,15,15,15,15,15,15,15
100060,0,1,0,0,0,0,0,0,0,0,0,0
100060,1,1,0,0,0,0,0,0,0,0,0,0
100061,1,1,0,0,0,0,0,0,0,0,0,0
100061,2,1,0,0,0,0,0,0,0,0,0,0
100062,1,1,0,0,0,0,0,0,0,0,0,0
100063,0,1,21,21,21,21,21,21,21,21,21,21
100063,1,1,0,0,0,9,0,0,0,0,0,9
100064,1,1,21,17,0,0,20,0,0,0,0,0
100065,1,1,0,0,0,0,0,0,0,0,0,0
100065,2,1,0,0,0,0,0,0,0,0,0,0
100066,0,1,0,0,0,0,0,0,0,0,0,0
100066,1,1,0,0,0,0,0,0,0,0,0,0
100067,0,1,0,0,0,0,0,0,0,0,0,0
100067,1,1,0,0,0,0,0,0,0,0,0,0
100068,1,1,23,23,23,23,23,23,23,23,23,23
100069,1,1,0,0,0,0,0,0,0,0,0,0
100069,2,1,0,0,0,0,0,0,0,0,0,0
100070,1,1,0,0,0,0,0,0,0,0,0,0
100071,1,1,24,0,0,0,0,0,0,0,34,0
100071,2,1,3,3,3,3,3,3,3,3,3,3
100072,0,1,27,27,27,27,27,27,27,27,27,27
100072,1,1,0,13,0,0,0,0,0,0,0,19
100072,2,1,3,0,19,18,0,0,18,0,0,0
100073,0,1,0,0,0,0,0,0,0,0,0,0
100073,0,2,0,0,0,0,0,0,0,0,0,0
100073,1,1,0,0,0,0,0,0,0,0,0,0
100074,1,1,0,0,0,0,0,0,0,0,0,0
100074,2,1,0,0,0,0,0,0,0,0,0,0
100074,3,1,0,0,0,0,0,0,0,0,0,0
100075,1,1,0,0,0,0,0,0,0,0,0,0
100075,2,1,0,0,0,0,0,0,0,0,0,0
100076,1,1,0,0,0,0,0,0,0,0,0,0
100076,2,1,0,0,0,0,0,0,0,0,0,0
100077,1,1,0,0,0,0,0,0,0,0,0,0
100077,2,1,27,0,0,0,0,0,0,0,0,0
100078,1,1,0,0,0,0,5,0,0,0,0,0
100078,2,1,0,0,0,0,0,0,0,0,0,0
100079,1,1,0,0,20,0,0,0,0,0,0,0
100079,2,1,9,0,0,0,27,0,0,0,0,3
100080,1,1,26,26,26,26,26,26,26,26,26,26
100081,1,1,1,1,1,1,1,1,1,1,1,1
100081,2,1,0,0,0,0,0,0,0,0,0,0
100082,1,1,0,0,0,0,0,0,0,0,0,0
100082,2,1,0,0,0,0,0,0,0,0,0,0
100083,0,1,0,0,0,0,0,0,0,0,0,0
100083,1,1,24,25,9,21,16,7,27,24,9,0
100084,0,1,16,16,16,16,16,16,16,16,16,16
100084,1,1,0,0,0,0,0,0,0,0,0,0
100085,1,1,0,0,0,0,0,0,0,0,0,0
100085,2,1,0,0,0,0,0,0,0,0,0,0
100086,1,1,35,35,35,35,35,35,35,35,35,35
100087,1,1,0,0,0,0,0,0,0,0,0,0
100087,2,1,0,0,0,0,0,0,0,0,0,0
100087,3,1,0,0,0,0,0,0,0,0,0,0
100088,1,1,0,0,0,0,0,0,0,0,0,0
100088,2,1,0,0,0,0,0,0,0,0,0,0
100089,1,1,13,13,13,13,13,13,13,13,13,13
100089,2,1,0,0,0,0,0,0,0,0,0,0
100089,3,1,0,0,0,0,0,0,0,0,0,0
100090,0,1,24,0,0,9,0,21,0,0,0,0
100090,1,1,0,0,0,0,0,0,0,0,0,0
100091,1,1,0,0,0,0,0,0,0,0,0,0
100091,2,1,0,0,0,0,0,0,0,0,0,0
100092,1,1,0,0,0,0,0,0,0,0,0,0
100092,2,1,0,0,0,0,0,0,0,0,0,0
100093,0,1,0,0,0,0,0,0,0,0,0,0
100093,1,1,12,18,12,46,17,20,0,0,21,0
100094,0,1,0,0,0,0,0,0,0,0,0,0
100094,1,1,0,0,0,0,0,0,0,0,0,0
100095,1,1,15,15,15,15,15,15,15,15,15,15
100095,2,1,12,0,0,0,0,0,0,0,0,0
100096,1,1,0,0,0,0,0,0,0,0,0,0
100096,2,1,0,0,0,0,0,0,0,0,0,0
100097,1,1,0,0,0,0,0,0,0,0,0,0
100097,2,1,0,0,10,0,0,0,0,0,0,0
100098,0,1,0,0,0,0,0,0,0,0,0,0
100098,1,1,0,0,0,0,0,0,0,0,0,0
100099,0,1,14,14,14,14,14,14,14,14,14,14
100099,1,1,0,0,0,11,15,0,0,0,0,0
100100,0,1,0,0,0,0,0,0,0,0,0,0
100100,1,1,0,0,0,0,0,8,0,0,0,0
100101,0,1,18,18,18,18,18,18,18,18,18,18
100101,1,1,25,0,0,0,0,0,0,0,0,0
100102,1,1,0,0,0,0,0,0,0,0,0,0
100102,2,1,0,0,0,0,0,0,0,0,0,0
100103,0,1,0,0,0,0,0,0,0,0,0,0
100103,1,1,0,11,0,0,0,0,0,0,0,0
100104,1,1,12,12,12,12,12,12,12,12,12,12
100105,1,1,0,0,0,0,0,0,0,0,0,0
100106,1,1,0,0,0,0,0,0,0,0,0,0
100107,0,1,9,9,9,9,9,9,9,9,9,9
100107,1,1,0,0,0,0,0,0,0,0,0,0
100108,1,1,0,0,0,0,0,0,0,0,0,0
100108,2,1,0,0,0,0,0,0,0,0,0,0
100109,1,1,0,0,0,0,0,0,0,0,0,0
100109,2,1,0,0,0,0,0,0,0,0,0,0
100110,0,1,28,28,28,28,28,28,28,28,28,28
100110,1,1,0,0,0,0,0,0,0,0,0,0
100111,1,1,0,0,0,0,0,0,0,0,0,0
100111,2,1,0,0,0,0,0,0,0,0,0,0
100112,1,1,0,0,0,0,0,0,0,0,0,0
100112,2,1,0,0,0,0,0,0,0,0,0,0
110001,1,1,18,18,18,18,18,18,18,18,18,18
110002,1,1,0,0,0,0,0,0,0,0,18,17
110002,2,1,0,5,0,0,0,0,0,0,0,0
110003,0,1,0,11,0,0,0,0,0,0,0,0
110003,1,1,0,0,0,0,0,0,0,0,0,0
110004,0,1,0,0,0,0,0,0,0,0,0,0
110004,1,1,8,22,8,16,28,21,11,12,14,11
110005,0,1,0,0,0,0,0,9,0,0,8,16
110005,1,1,19,8,6,15,15,23,2,13,15,10
110006,0,1,49,49,49,49,49,49,49,49,49,49
110006,1,1,0,10,0,0,0,24,0,19,19,0
110007,0,1,0,0,0,0,0,0,0,0,0,0
110007,1,1,0,0,0,0,0,0,0,0,0,0
110008,1,1,21,21,21,21,21,21,21,21,21,21
110009,0,1,0,0,0,0,0,0,0,0,0,0
110009,1,1,0,0,0,0,0,0,0,0,0,0
110010,1,1,25,25,25,25,25,25,25,25,25,25
110010,2,1,0,12,0,0,0,0,0,0,0,0
110011,1,1,20,20,20,20,20,20,20,20,20,20
110013,1,1,25,25,25,25,25,25,25,25,25,25
110014,1,1,15,15,15,15,15,15,15,15,15,15
110014,2,1,15,0,0,21,0,33,0,33,0,0
110014,3,1,11,0,0,0,0,31,0,0,0,0
110014,4,1,0,0,0,0,0,0,13,0,0,11
110015,0,1,0,0,0,0,26,0,0,0,0,0
110015,1,1,0,0,0,0,16,0,0,0,0,0
110016,0,1,12,12,12,12,12,12,12,12,12,12
110016,1,1,25,22,21,0,22,9,19,23,24,25
110017,0,1,0,0,0,0,0,0,0,0,0,0
110017,1,1,0,9,16,0,0,0,0,0,0,20
110018,1,1,0,0,0,0,0,0,0,0,0,0
110018,2,1,0,0,0,0,0,0,0,0,0,0
110019,1,1,22,22,22,22,22,22,22,22,22,22
110019,2,1,4,4,4,4,4,4,4,4,4,4
110020,0,1,0,0,0,0,0,0,0,0,0,0
110020,1,1,0,0,0,0,0,0,0,0,0,0
110021,1,1,0,0,0,0,0,0,0,0,0,0
110022,1,1,0,0,0,0,0,0,0,0,0,0
110023,1,1,0,0,0,0,0,0,0,0,0,0
110024,1,1,18,18,18,18,18,18,18,18,18,18
110025,1,1,6,0,0,0,11,0,22,0,0,0
110025,2,1,23,25,5,0,0,0,8,0,0,18
110026,0,1,36,22,15,5,0,22,14,0,7,0
110026,1,1,15,27,0,12,0,0,0,7,0,14
110027,1,1,10,10,10,10,10,10,10,10,10,10
110027,2,1,0,28,0,3,7,0,0,0,13,0
110028,1,1,11,0,0,0,0,0,0,0,0,0
110029,0,1,0,0,0,0,0,0,0,0,12,0
110029,1,1,0,0,0,0,0,0,0,0,0,0
110030,0,1,0,0,0,0,0,0,0,20,25,0
110030,1,1,0,0,0,0,0,0,0,0,0,0
120001,0,1,0,0,0,0,13,0,0,14,28,0
120001,0,2,8,32,16,8,5,0,0,0,0,0
120001,1,1,0,9,16,0,0,15,0,0,28,0
120002,0,1,7,0,0,0,0,0,0,0,0,0
120002,1,1,0,0,0,8,0,21,11,11,0,0
120003,1,1,23,23,23,23,23,23,23,23,23,23
120004,1,1,0,0,0,0,0,0,0,0,0,0
120004,2,1,0,0,0,0,0,0,0,0,0,0
120004,3,1,0,0,17,0,0,0,0,0,0,0
120005,1,1,0,0,0,0,0,0,0,0,0,0
120006,1,1,0,0,0,0,0,0,0,0,0,0
120006,2,1,0,0,0,0,0,0,0,0,0,0
120007,1,1,0,0,11,0,0,0,0,0,0,0
120009,1,1,12,12,12,12,12,12,12,12,12,12
120009,2,1,0,0,0,0,0,0,0,0,0,0
120010,0,1,14,14,14,14,14,14,14,14,14,14
120010,1,1,0,0,0,0,0,0,0,0,0,0
120010,2,1,0,0,0,0,0,0,0,0,0,0
120011,0,1,13,30,0,0,0,26,18,0,0,28
120011,1,1,0,0,0,0,0,0,0,0,0,0
120012,1,1,0,0,0,0,0,0,0,0,0,0
120013,0,1,34,34,34,34,34,34,34,34,34,34
120013,1,1,0,0,0,0,0,0,0,0,0,0
120014,0,1,0,0,0,0,0,0,13,0,0,0
120014,1,1,0,0,0,0,0,0,0,0,0,0
120015,0,1,0,0,6,0,0,14,29,7,27,0
120015,1,1,0,0,0,0,0,0,0,0,0,0
120016,0,1,0,0,0,0,0,0,0,0,0,0
120016,0,2,39,0,0,19,0,0,0,0,0,0
120016,1,1,0,0,0,0,0,0,0,0,0,0
120017,0,1,0,0,0,0,0,0,0,0,0,0
120017,1,1,0,0,0,0,0,0,0,0,0,0
120018,1,1,0,0,0,0,0,0,0,0,0,0
120019,1,1,16,16,16,16,16,16,16,16,16,16
120020,1,1,0,0,0,0,0,0,0,0,0,0
120020,2,1,0,0,0,0,0,10,0,21,0,0
120021,0,1,0,0,0,0,0,0,0,0,0,0
120021,1,1,0,0,0,0,0,0,0,0,0,0
120022,0,1,0,0,0,0,0,0,0,0,0,0
120022,1,1,0,0,0,0,0,0,0,0,0,0
120023,0,1,0,0,0,0,0,0,0,0,0,0
120023,1,1,0,0,0,0,0,0,0,0,10,0
120024,1,1,0,0,0,0,0,0,0,0,0,0
120024,2,1,0,0,0,0,0,0,0,0,0,0
120025,0,1,0,0,0,0,0,0,0,0,0,0
120025,1,1,0,0,0,0,0,0,0,0,0,0
120026,1,1,0,0,0,0,0,0,0,0,0,0
120026,2,1,0,0,0,0,0,0,0,0,0,0
120027,1,1,8,8,8,8,8,8,8,8,8,8
120027,2,1,0,0,0,0,0,0,0,0,0,0
120028,1,1,0,0,0,0,0,0,0,0,0,0
120028,2,1,0,26,0,0,0,0,0,0,0,0
120029,0,1,0,0,0,0,0,0,0,0,0,0