ST_CASE,VEH_NO,PER_NO,P1,P2,P3,P4,P5,P6,P7,P8,P9,P10
120913,0,1,0,32,0,0,0,0,0,35,0,18
120913,1,1,0,0,0,0,0,0,0,0,0,22
120914,1,1,0,0,0,0,0,0,0,0,0,0
120914,2,1,0,0,0,0,0,0,0,0,0,0
120914,3,1,0,0,0,0,0,0,0,0,0,0
120914,4,1,0,0,0,0,0,0,0,0,0,0
120915,1,1,16,16,16,16,16,16,16,16,16,16
120915,2,1,0,0,0,0,0,0,0,0,0,0
120916,1,1,0,0,0,0,0,0,0,0,0,0
120917,0,1,0,0,0,0,0,0,0,0,0,0
120917,1,1,0,0,0,0,0,0,0,0,0,0
120918,1,1,0,0,0,0,0,0,0,2,0,0
120919,1,1,0,0,0,0,0,0,0,0,0,0
120919,2,1,0,0,0,0,4,0,0,0,0,0
120920,0,1,0,10,0,0,0,0,0,0,0,0
120920,1,1,0,0,0,0,0,0,0,0,0,0
120921,1,1,10,10,10,10,10,10,10,10,10,10
120922,1,1,20,20,20,20,20,20,20,20,20,20
120922,2,1,0,0,0,0,0,0,0,0,0,0
120923,1,1,0,0,0,0,0,0,0,0,0,0
120924,1,1,24,24,24,24,24,24,24,24,24,24
120924,2,1,0,0,0,0,0,0,0,0,0,0
120925,0,1,0,0,21,0,0,0,0,0,9,0
120925,1,1,0,0,0,0,0,12,0,0,30,0
120926,1,1,15,15,15,15,15,15,15,15,15,15
120926,2,1,0,0,0,0,0,0,0,0,0,0
120926,3,1,0,0,0,0,0,0,0,12,0,21
120926,4,1,0,0,0,0,0,0,0,0,0,0
120927,1,1,21,21,21,21,21,21,21,21,21,21
120928,1,1,0,0,0,0,0,0,0,0,0,0
120928,2,1,0,0,0,0,0,0,0,0,0,0
120929,1,1,2,2,2,2,2,2,2,2,2,2
120930,1,1,29,0,11,0,21,25,15,6,0,2
120930,2,1,0,0,0,0,0,2,0,0,0,0
120931,0,1,0,0,0,0,0,0,0,0,0,0
120931,0,2,0,0,0,0,0,0,0,0,0,0
120931,0,3,0,0,0,0,0,0,0,0,0,0
120931,0,4,0,0,0,0,0,0,16,0,0,0
120931,0,5,0,0,0,0,0,0,0,0,0,0
120931,1,1,0,0,0,0,0,0,0,0,0,0
120932,1,1,30,0,0,0,36,0,0,0,0,0
120933,0,1,2,2,2,2,2,2,2,2,2,2
120933,1,1,0,0,0,0,0,0,0,0,0,0
120934,0,1,21,21,21,21,21,21,21,21,21,21
120934,1,1,13,13,13,13,13,13,13,13,13,13
120935,1,1,0,0,0,0,0,21,0,0,0,0
120935,2,1,0,0,0,0,0,0,0,0,0,0
120936,1,1,0,0,0,0,0,0,0,0,0,0
120936,2,1,0,0,0,0,0,0,0,0,0,0
120937,1,1,0,0,0,0,0,0,0,0,0,0
120938,1,1,0,0,0,0,0,0,0,0,0,0
120938,2,1,0,0,0,0,0,0,0,0,0,0
120939,1,1,20,20,20,20,20,20,20,20,20,20
120940,1,1,0,0,0,0,0,0,0,0,0,0
120940,2,1,0,18,0,0,0,0,0,0,0,0
120941,0,1,0,0,0,0,0,0,0,0,0,0
120941,1,1,0,0,0,0,10,0,0,0,0,0
120942,1,1,10,10,10,10,10,10,10,10,10,10
120943,1,1,0,0,0,0,0,0,0,0,0,0
120943,2,1,0,0,0,0,15,0,0,0,9,0
120944,0,1,0,0,0,0,0,0,0,0,0,0
120944,1,1,0,0,0,0,0,0,0,0,0,0
120945,1,1,0,0,0,0,0,0,0,2,0,0
120946,0,1,0,0,0,0,0,0,0,0,0,0
120946,1,1,0,0,0,0,0,16,0,0,0,0
120947,0,1,8,0,16,0,17,0,0,17,0,0
120948,1,1,0,0,0,0,0,0,0,0,0,0
120948,2,1,0,0,15,0,0,0,0,0,0,0
120949,1,1,0,0,0,0,0,0,0,0,0,0
120949,2,1,0,0,0,0,0,0,0,0,0,0
120950,1,1,0,0,0,0,0,0,0,0,0,0
120951,1,1,0,0,0,0,0,0,0,0,0,0
120952,1,1,0,0,0,0,0,0,0,0,0,0
120953,1,1,0,0,0,0,0,0,0,0,0,0
120954,1,1,12,12,12,12,12,12,12,12,12,12
120954,2,1,0,0,0,0,0,0,0,0,0,0
120955,1,1,0,0,0,0,0,0,0,0,0,0
120955,2,1,10,0,0,0,0,0,0,0,0,0
120956,1,1,13,13,13,13,13,13,13,13,13,13
120956,2,1,0,0,0,0,0,0,0,0,0,0
120958,0,1,0,0,0,0,0,0,0,0,0,0
120958,1,1,0,0,0,0,0,0,0,0,0,0
120959,0,1,26,0,0,0,0,0,0,17,0,0
120959,1,1,0,0,0,0,0,0,0,0,0,0
120962,1,1,0,0,0,0,0,0,0,0,0,0
120965,1,1,0,0,9,20,0,37,0,26,13,11
120966,1,1,0,0,0,0,0,0,0,0,0,0
120966,2,1,0,0,0,0,0,7,18,0,0,14
120967,0,1,0,0,0,0,0,27,0,0,0,0
120967,1,1,0,0,0,0,0,0,0,0,0,0
120968,1,1,0,0,0,0,0,0,0,0,0,0
120969,1,1,16,16,16,16,16,16,16,16,16,16
120969,2,1,0,0,0,0,0,0,0,0,0,0
120970,0,1,22,22,22,22,22,22,22,22,22,22
120970,1,1,0,0,0,0,0,0,0,21,0,0
120971,1,1,0,0,0,0,0,0,0,0,0,0
120971,2,1,0,0,0,0,0,0,0,0,0,0
120971,3,1,0,0,0,9,9,0,0,0,0,0
120972,1,1,13,13,13,13,13,13,13,13,13,13
120972,2,1,0,0,0,0,0,0,0,0,0,0
120973,1,1,0,0,0,0,0,0,0,0,0,0
120973,2,1,0,0,0,0,0,0,0,0,0,0
120974,1,1,0,0,0,0,0,0,0,0,0,0
120974,2,1,0,0,0,0,0,0,4,0,0,0
120974,3,1,0,0,0,0,0,0,0,0,0,0
120975,1,1,16,0,0,0,0,24,5,0,0,0
120976,1,1,19,19,19,19,19,19,19,19,19,19
120977,1,1,0,0,0,0,0,0,0,0,0,0
120977,2,1,15,0,0,0,0,0,0,0,0,0
120978,1,1,0,0,0,0,0,0,0,0,0,0
120978,2,1,0,0,0,0,0,0,0,0,0,0
120979,1,1,0,0,19,0,0,0,0,0,0,0
120979,2,1,0,0,0,0,0,0,26,0,0,0
120981,0,1,0,0,0,0,0,0,0,0,18,49
120981,1,1,0,11,0,0,0,10,0,0,0,0
120982,1,1,0,0,0,0,0,0,0,0,0,0
120982,2,1,0,0,0,0,0,0,0,0,0,0
120982,3,1,0,0,0,0,0,0,0,0,0,0
120983,0,1,0,0,0,0,0,0,0,0,0,28
120983,1,1,0,0,0,0,0,0,0,0,0,11
120984,0,1,0,0,0,0,0,0,0,0,0,0
120984,1,1,0,0,0,0,0,0,0,0,0,0
120985,0,1,0,0,0,0,0,0,0,0,0,0
120985,1,1,0,0,0,0,0,0,0,0,0,0
120986,1,1,0,0,0,0,0,0,14,0,0,0
120986,2,1,0,0,0,0,0,0,0,0,0,0
120987,1,1,17,17,17,17,17,17,17,17,17,17
120988,1,1,0,0,0,0,0,0,0,0,0,0
120990,1,1,0,0,0,0,0,0,0,0,0,0
120990,2,1,0,0,0,0,0,0,0,0,0,0
120990,3,1,0,0,0,0,0,0,0,0,0,0
120991,0,1,3,0,42,0,0,33,0,0,8,35
120991,1,1,0,0,0,0,20,0,0,0,0,0
120992,1,1,0,0,0,0,0,0,0,0,0,0
120993,1,1,29,29,29,29,29,29,29,29,29,29
120993,2,1,0,0,0,0,0,0,0,0,0,0
120994,1,1,0,0,17,0,0,0,9,0,12,0
120994,2,1,0,0,0,0,0,0,0,0,0,0
120995,1,1,0,0,0,0,0,0,0,0,0,0
120995,2,1,0,0,0,0,0,0,0,0,0,0
120996,1,1,0,0,0,0,0,0,0,0,0,0
120996,2,1,0,0,0,0,0,0,0,0,0,0
120996,3,1,0,0,0,0,30,0,0,0,0,0
120997,1,1,0,0,0,0,0,0,0,0,0,0
120998,1,1,43,16,5,0,15,20,25,21,0,20
120998,2,1,0,0,0,0,0,0,0,0,0,0
120999,1,1,0,0,0,0,20,0,0,0,0,32
121000,1,1,0,0,0,0,0,0,0,17,0,0
121000,2,1,0,0,0,0,0,0,0,0,0,0
121001,1,1,0,0,0,0,0,0,0,0,0,0
121002,1,1,0,10,0,0,0,0,0,0,0,0
121003,1,1,0,0,0,0,0,0,0,0,0,0
121003,2,1,0,0,0,0,0,0,0,0,0,0
121003,3,1,0,0,0,0,0,0,0,0,0,0
121004,0,1,16,14,34,7,0,7,0,0,18,25
121004,1,1,0,0,16,0,0,0,0,0,0,0
121005,0,1,0,32,0,0,0,0,16,43,0,0
121005,1,1,0,0,0,0,16,0,0,0,0,0
121006,0,1,24,24,24,24,24,24,24,24,24,24
121006,1,1,0,0,0,0,0,0,0,0,0,0
121006,2,1,0,0,0,0,0,0,0,0,0,0
121007,0,1,8,0,18,3,0,18,0,0,0,0
121007,1,1,0,0,21,0,0,0,0,0,0,0
121008,1,1,0,11,8,0,0,0,16,0,0,17
121008,2,1,0,0,0,0,0,0,0,0,0,0
121009,1,1,0,0,0,0,0,0,0,0,0,0
121009,2,1,0,0,0,0,0,0,0,0,0,0
121009,3,1,0,0,0,0,0,0,0,0,0,0
121010,0,1,0,0,0,0,0,0,0,0,0,0
121010,1,1,0,0,0,26,0,0,0,0,0,0
121011,0,1,0,0,0,0,0,0,0,0,0,0
121011,1,1,26,0,0,0,0,15,0,0,0,0
121012,1,1,0,0,0,0,0,0,0,0,0,0
121012,2,1,0,0,0,0,0,0,0,0,0,0
121013,1,1,0,0,0,0,0,0,0,0,0,0
121013,2,1,0,0,0,0,0,0,0,0,0,21
121014,0,1,7,23,0,0,0,14,14,0,0,0
121014,1,1,0,0,0,0,0,0,0,12,29,0
121015,1,1,1,1,1,1,1,1,1,1,1,1
121015,2,1,0,0,0,0,0,0,0,0,0,0
121016,1,1,19,22,14,5,0,0,0,0,17,0
121016,2,1,0,0,12,0,0,0,0,0,0,0
121016,3,1,0,0,0,9,0,0,0,0,0,0
121017,1,1,15,8,11,9,20,28,13,32,23,10
121017,2,1,0,0,0,0,0,17,0,17,0,0
121018,0,1,34,34,34,34,34,34,34,34,34,34
121018,1,1,17,23,18,24,5,13,18,17,14,7
121019,0,1,0,0,0,0,0,15,0,0,0,0
121019,1,1,0,0,0,0,0,0,0,0,0,0
121020,1,1,0,0,0,0,0,0,0,0,13,0
121020,2,1,0,0,0,0,0,0,0,0,0,0
121021,1,1,0,0,0,0,0,0,0,0,0,0
121021,2,1,0,0,5,0,0,0,0,0,0,0
121022,0,1,0,0,0,0,0,0,0,0,0,0
121022,1,1,0,0,0,0,0,0,0,0,0,0
121023,1,1,0,0,0,0,0,0,0,0,0,0
121023,2,1,0,0,0,0,0,0,0,0,0,0
121024,0,1,35,35,35,35,35,35,35,35,35,35
121024,0,2,13,10,43,46,0,19,16,20,35,41
121024,1,1,15,15,15,15,15,15,15,15,15,15
121025,1,1,0,0,0,0,0,0,0,0,0,0
121025,2,1,0,0,0,0,0,0,0,0,0,0
121025,3,1,0,0,0,0,0,0,0,0,0,0
121026,0,1,0,0,0,0,32,0,0,11,0,0
121026,1,1,0,0,0,0,0,0,0,0,0,5
121026,2,1,0,0,0,0,0,0,0,0,27,0
121027,1,1,0,0,0,0,0,0,0,0,0,0
121027,2,1,0,0,0,0,0,0,0,0,0,0
121028,0,1,24,0,0,0,10,6,0,0,27,0
121028,1,1,0,0,0,0,0,0,0,0,0,0
121029,1,1,0,0,0,0,0,0,0,0,0,0
121030,1,1,10,10,10,10,10,10,10,10,10,10
121030,2,1,0,0,0,0,0,0,0,0,0,0
121030,3,1,0,0,0,0,0,15,0,50,0,0
121031,1,1,0,0,0,0,0,0,0,0,0,0
121031,2,1,0,0,0,0,0,0,0,0,0,0
121032,1,1,0,0,0,0,0,0,0,0,0,0
121032,2,1,0,0,0,0,0,9,0,0,0,0
121032,3,1,0,0,0,0,0,0,0,0,0,0
121032,4,1,0,0,0,0,0,0,0,0,0,0
121033,1,1,0,0,0,0,0,14,0,26,17,27
121033,2,1,0,0,0,20,0,0,0,0,0,9
121034,1,1,0,0,0,0,0,0,0,0,0,0
121034,2,1,0,1,15,0,0,0,0,0,18,0
121035,1,1,14,14,14,14,14,14,14,14,14,14
121036,1,1,0,0,0,0,0,0,0,0,0,0
121036,2,1,0,0,0,0,0,0,0,0,0,0
121037,1,1,0,0,0,0,0,0,0,0,0,0
121037,2,1,0,0,0,0,0,0,0,0,12,0
121038,0,1,24,24,24,24,24,24,24,24,24,24
121038,1,1,0,0,0,0,0,0,0,0,0,0
121039,1,1,0,23,11,8,0,0,16,9,18,0
121040,1,1,0,0,0,0,0,0,0,0,0,0
121040,2,1,0,0,0,0,0,0,0,0,0,0
121041,1,1,0,0,0,0,0,0,0,0,0,0
121041,2,1,0,0,0,0,0,0,0,0,0,0
121042,1,1,0,0,0,0,0,0,0,0,0,0
121043,1,1,0,0,0,0,0,0,0,0,0,0
121044,1,1,0,12,0,0,0,0,0,0,0,0
121044,2,1,0,0,0,0,0,0,0,0,0,0
121045,1,1,0,0,0,0,0,0,0,0,0,0
121046,1,1,0,0,0,0,0,0,15,0,0,0
121047,0,1,13,13,13,13,13,13,13,13,13,13
121047,0,2,17,17,17,17,17,17,17,17,17,17
121047,1,1,0,0,0,38,0,0,0,0,0,0
121048,1,1,0,0,0,0,0,0,0,0,0,0
121048,2,1,0,0,0,0,0,0,0,0,0,0
121049,1,1,0,0,0,0,0,0,0,0,0,0
121049,2,1,0,0,0,0,0,0,0,0,0,0
121050,1,1,0,0,0,0,0,0,0,0,0,0
121051,0,1,30,30,30,30,30,30,30,30,30,30
121051,1,1,0,0,0,0,0,0,0,9,0,0
121052,1,1,0,0,0,0,0,0,0,0,0,0
121052,2,1,0,0,0,0,0,0,0,0,0,0
121053,1,1,0,0,0,0,0,0,0,0,0,0
121053,2,1,0,0,0,0,0,0,0,0,0,0
121053,3,1,0,0,0,0,0,0,0,0,0,0
121054,1,1,0,0,0,0,0,0,0,0,0,0
121055,1,1,0,0,0,0,0,0,9,0,0,0
121056,1,1,0,0,0,0,0,0,0,0,0,0
121056,2,1,0,0,0,0,0,0,0,0,0,0
121057,0,1,0,0,0,0,0,0,5,0,12,0
121057,1,1,0,0,0,0,0,0,0,0,0,0
121058,0,1,0,0,0,0,0,0,0,0,0,0
121059,1,1,0,0,0,0,0,0,0,15,31,0
121059,2,1,0,0,0,0,0,0,0,0,0,0
121060,1,1,0,0,0,0,0,4,0,0,0,0
121060,2,1,21,2,0,0,0,15,0,0,4,0
121060,3,1,0,0,0,0,28,0,0,0,0,0
121060,4,1,0,0,0,0,0,0,0,0,0,0
121061,1,1,0,0,0,0,0,0,0,0,0,0
121062,1,1,0,0,0,0,0,0,0,0,0,0
121063,1,1,19,19,19,19,19,19,19,19,19,19
121064,1,1,0,9,0,0,0,0,0,19,23,17
121064,2,1,0,0,0,0,0,0,0,0,0,0
121065,1,1,23,23,23,23,23,23,23,23,23,23
121066,1,1,22,22,22,22,22,22,22,22,22,22
121067,1,1,3,3,3,3,3,3,3,3,3,3
121067,2,1,0,0,0,0,0,0,0,0,0,0
121068,1,1,12,12,12,12,12,12,12,12,12,12
121069,1,1,0,0,0,0,0,0,0,0,0,0
121069,2,1,12,12,12,12,12,12,12,12,12,12
121070,0,1,0,0,0,0,0,0,0,0,0,0
121070,1,1,0,0,0,13,0,0,0,0,0,0
121071,1,1,12,0,28,15,0,10,0,0,0,0
121071,2,1,0,0,0,0,0,18,0,0,8,0
121071,3,1,0,0,0,0,0,22,11,10,0,15
121072,1,1,0,0,0,0,0,0,0,0,0,0
121073,0,1,11,11,11,11,11,11,11,11,11,11
121073,1,1,0,0,13,0,0,0,15,0,0,0
121074,1,1,21,21,21,21,21,21,21,21,21,21
121075,1,1,16,19,15,2,22,10,6,18,18,10
121076,1,1,0,0,0,0,0,0,0,0,0,0
121076,2,1,2,13,7,2,0,0,0,0,0,20
121077,0,1,0,0,0,0,0,0,0,0,0,0
121077,1,1,0,0,0,11,0,0,0,0,0,0
121079,1,1,17,17,17,17,17,17,17,17,17,17
121079,2,1,0,0,0,0,0,0,0,0,0,0
121080,1,1,7,6,14,31,14,18,23,9,30,24
121081,1,1,22,22,22,22,22,22,22,22,22,22
121083,1,1,5,5,5,5,5,5,5,5,5,5
121083,2,1,0,0,0,0,0,0,0,0,0,0
121084,1,1,0,0,0,0,0,0,0,0,0,0
121084,2,1,0,0,0,0,0,0,0,0,0,0
121085,1,1,0,0,0,0,0,0,0,0,0,0
121085,2,1,0,0,0,0,0,0,0,0,0,0
121086,1,1,0,0,0,0,0,0,0,0,0,0
121087,1,1,16,16,16,16,16,16,16,16,16,16
121088,1,1,34,34,34,34,34,34,34,34,34,34
121089,1,1,0,0,0,0,0,0,0,0,0,0
121089,2,1,0,0,0,0,0,0,0,0,15,0
121090,1,1,23,23,23,23,23,23,23,23,23,23
121090,2,1,0,0,14,0,0,0,0,16,27,0
121091,1,1,0,0,0,0,0,0,0,0,0,0
121091,2,1,9,9,9,9,9,9,9,9,9,9
121092,1,1,0,0,0,0,0,0,0,0,0,15
121092,2,1,0,0,27,12,0,0,5,0,0,0
121093,1,1,0,0,0,0,0,0,0,0,0,0
121093,2,1,0,0,0,11,0,0,0,0,0,0
121094,1,1,0,0,0,0,0,0,0,0,0,0
121094,2,1,0,0,0,0,0,0,0,0,0,0
121095,1,1,0,0,0,0,0,0,0,0,0,0
121096,1,1,0,0,0,0,0,0,0,0,0,0
121096,2,1,0,0,0,0,0,0,0,0,0,0
121097,1,1,0,0,0,0,0,0,0,0,0,0
121097,2,1,0,0,0,0,0,0,0,0,0,0
121098,1,1,24,17,0,0,0,0,0,0,0,0
121099,0,1,0,0,0,0,0,0,0,0,0,0
121099,1,1,17,0,15,0,0,0,21,15,0,0
121100,1,1,0,0,0,0,0,0,0,0,0,0
121100,2,1,0,0,0,0,0,0,0,0,0,0
121101,1,1,0,0,0,0,0,0,0,0,0,0
121101,2,1,0,0,0,0,0,0,0,0,0,5
121103,1,1,0,0,0,0,0,0,0,0,0,0
121103,2,1,0,0,0,0,0,0,0,0,0,0
121105,1,1,31,0,0,0,12,19,0,18,18,0
121105,2,1,0,0,0,0,0,0,0,0,11,0
121106,1,1,0,0,0,0,0,0,0,0,0,0
121107,1,1,0,0,0,0,0,0,0,0,0,0
121107,2,1,0,0,0,0,0,0,0,0,0,0
121107,3,1,0,0,0,0,0,0,0,0,0,0
121108,1,1,0,0,0,0,0,0,0,10,0,0
121109,0,1,0,0,0,0,11,0,0,0,0,0
121109,1,1,0,0,0,0,0,0,0,0,0,0
121110,1,2,0,0,23,0,0,0,8,0,9,0
121111,0,1,0,0,0,0,0,0,0,0,0,0
121111,1,1,0,0,0,0,0,0,0,0,0,0
121112,1,1,11,8,7,22,13,21,11,24,6,24
121113,1,1,0,16,0,0,25,16,0,0,0,0
121114,1,1,12,12,12,12,12,12,12,12,12,12
121114,2,1,0,0,0,0,0,0,0,0,0,0
121115,1,1,21,21,21,21,21,21,21,21,21,21
121115,2,1,24,0,0,0,27,0,0,20,0,0
121115,3,1,0,0,0,0,0,0,0,0,0,0
121116,0,1,0,0,0,0,0,0,0,29,0,0
121116,1,1,0,0,0,0,0,0,0,0,0,0
121117,1,1,14,0,15,0,26,3,30,6,0,22
121118,0,1,0,0,7,0,0,0,27,24,27,21
121118,1,1,0,0,0,0,0,0,0,0,0,0
121119,1,1,0,0,0,16,0,0,0,0,0,0
121119,2,1,18,0,0,0,18,0,0,0,0,0
121120,1,1,12,12,12,12,12,12,12,12,12,12
121120,2,1,0,0,0,0,0,15,0,19,0,0
121121,1,1,4,4,4,4,4,4,4,4,4,4
121121,2,1,27,27,27,27,27,27,27,27,27,27
121122,1,1,0,0,0,0,0,0,0,0,0,0
121122,2,1,0,0,0,0,0,0,0,0,0,0
121123,1,1,0,0,0,0,0,0,0,0,0,0
121123,2,1,0,0,0,0,8,0,0,0,0,0
121124,1,1,11,0,10,17,0,14,0,0,0,20
121124,2,1,0,0,0,0,13,0,0,0,0,0
121125,1,1,0,0,0,0,0,0,0,0,0,0
121125,2,1,0,0,0,0,0,0,0,0,0,0
121126,1,1,0,0,0,0,0,0,0,28,0,0
121126,2,1,0,0,0,0,0,0,0,0,0,0
121127,1,1,25,25,25,25,25,25,25,25,25,25
121128,1,1,0,0,0,0,0,0,0,0,0,0
121129,1,1,0,0,0,0,0,0,0,0,0,0
121129,2,1,0,0,0,0,0,0,0,0,0,0
121130,1,1,0,0,0,0,0,22,25,0,0,0
121131,1,1,0,0,0,0,0,0,0,0,0,0
121132,1,1,0,0,0,0,0,0,0,0,0,0
121132,2,1,0,0,0,0,0,0,0,0,0,0
121133,0,1,0,0,0,0,0,0,0,0,0,0
121133,1,1,0,0,0,0,0,0,0,0,0,0
121134,1,1,31,31,31,31,31,31,31,31,31,31
121135,1,1,21,21,21,21,21,21,21,21,21,21
121135,2,1,0,0,0,0,8,0,0,0,0,0
121136,1,1,0,0,0,0,0,0,0,0,0,0
121136,2,1,0,0,0,0,0,0,0,0,0,0
121137,1,1,0,0,0,0,0,0,0,0,0,0
121138,1,1,18,18,18,18,18,18,18,18,18,18
121139,1,1,0,0,7,0,0,0,0,0,0,0
121139,2,1,0,0,0,0,0,0,0,0,0,0
121140,1,1,0,25,0,0,0,14,0,0,0,0
121140,2,1,0,0,0,0,0,0,0,0,13,0
121141,0,1,20,20,20,20,20,20,20,20,20,20
121141,1,1,0,18,0,0,18,8,0,0,0,0
121142,1,1,0,0,0,0,0,0,0,0,0,0
121143,0,1,0,0,0,0,0,0,0,0,0,0
121143,1,1,0,0,0,0,0,0,0,0,0,0
121144,0,1,0,0,0,0,0,13,0,0,0,0
121144,1,1,0,0,0,0,0,0,0,0,0,0
121144,2,1,0,0,0,0,0,0,0,0,0,0
121144,3,1,0,0,0,0,0,0,0,0,34,0
121145,1,1,0,0,0,0,0,0,0,0,0,0
121145,2,1,0,0,0,0,0,0,0,0,0,0
121146,1,1,0,0,0,0,0,0,0,0,0,0
121146,2,1,0,19,0,0,0,8,8,0,0,0
121147,1,1,0,0,0,0,0,0,0,0,0,0
121147,2,1,0,0,0,0,0,0,0,0,0,0
121147,3,1,0,0,0,0,0,0,0,0,0,0
121148,0,1,0,0,0,0,0,0,0,0,0,0
121148,1,1,0,0,0,0,0,0,0,39,0,0
121150,1,1,0,0,0,0,0,0,0,0,0,0
121151,1,1,0,0,0,0,5,0,0,0,0,0
121151,2,1,0,0,0,0,0,0,0,0,0,0
121152,1,1,0,0,0,0,0,0,0,0,0,0
121152,2,1,0,0,0,0,0,0,0,0,0,0
121153,1,1,5,5,5,5,5,5,5,5,5,5
121153,2,1,0,0,0,0,0,0,0,0,0,0
121154,1,1,0,0,0,0,0,0,0,0,0,0
121154,2,1,0,0,10,0,0,0,0,0,0,0
121155,0,1,0,22,0,0,7,0,0,0,0,24
121155,1,1,0,0,0,0,0,0,0,0,7,0
121156,1,1,16,0,0,0,0,0,24,13,14,21
121157,0,1,0,0,0,22,23,5,28,0,13,0
121157,1,1,22,9,23,9,0,24,12,20,23,6
121157,2,1,0,0,0,0,0,6,0,0,0,0
121158,0,1,9,9,9,9,9,9,9,9,9,9
121158,1,1,0,9,0,0,0,17,0,8,0,0
121159,1,1,37,37,37,37,37,37,37,37,37,37
121160,1,1,0,0,0,0,0,0,0,0,0,0
121160,2,1,0,0,0,0,0,0,0,0,0,0
121161,0,1,0,0,0,0,0,0,25,0,0,0
121161,1,1,0,0,0,0,0,21,0,0,11,0
121162,1,1,0,0,0,0,0,0,0,0,0,0
121162,2,1,0,0,0,0,0,0,0,0,0,0
121163,0,1,0,0,12,0,8,0,0,32,0,0
121163,1,1,0,0,0,0,0,0,0,0,0,0
121164,1,1,0,0,0,0,0,0,0,0,0,0
121164,2,1,0,0,0,0,0,0,0,0,0,0
121164,3,1,5,0,0,0,0,0,0,0,0,0
121164,4,1,0,0,0,0,0,0,0,0,0,0
121165,1,1,0,0,0,0,0,0,0,0,0,0
121165,2,1,14,0,0,0,0,0,0,0,0,0
121166,0,1,22,22,22,22,22,22,22,22,22,22
121166,1,1,17,11,0,16,25,0,16,36,26,0
121167,1,1,20,20,10,18,25,18,14,7,21,22
121168,0,1,0,0,0,0,0,0,0,19,0,0
121168,1,1,0,0,0,0,0,0,0,0,4,0
121169,1,1,0,0,0,13,0,0,0,0,0,0
121169,2,1,0,23,0,0,0,14,0,0,0,0
121170,1,1,0,0,0,0,0,0,0,0,6,0
121170,2,1,0,0,0,0,0,18,0,0,0,0
121170,3,1,0,0,0,0,0,0,0,0,0,0
121171,0,1,0,0,0,0,0,0,0,0,0,0
121171,1,1,0,0,0,0,0,0,15,0,0,0
121172,0,1,37,37,37,37,37,37,37,37,37,37
121172,1,1,0,0,0,0,0,0,0,0,0,0
121173,1,1,0,0,0,0,0,0,0,0,0,0
121173,2,1,0,0,0,0,0,0,0,0,0,0
121174,1,1,0,0,0,0,20,0,0,0,0,0
121174,2,1,0,23,0,0,0,0,0,0,0,0
121175,0,1,0,0,0,0,0,0,0,0,0,0
121175,1,1,0,0,0,0,0,0,0,0,20,0
121176,0,1,0,0,0,0,0,0,0,15,0,0
121176,1,1,0,0,0,0,0,0,0,0,0,0
121177,1,1,0,0,0,0,0,0,0,0,0,0
121179,1,1,0,0,0,33,0,0,0,0,0,0
121180,1,1,0,0,0,0,0,0,0,0,0,0
121180,2,1,0,0,0,0,17,0,9,0,0,0
121181,1,1,0,0,0,0,0,0,0,0,0,0
121181,2,1,0,0,0,0,0,10,0,0,0,0
121181,3,1,0,0,21,0,9,0,0,0,0,0
121182,1,1,0,14,0,0,0,0,0,0,0,0
121182,2,1,0,0,0,0,0,0,0,0,21,0
121183,0,1,0,0,0,19,0,0,0,0,11,0
121183,1,1,0,0,20,0,9,0,0,0,0,0
121184,1,1,0,0,0,0,0,0,0,0,0,0
121184,2,1,0,0,0,0,0,0,0,0,0,0
121185,0,1,0,0,0,0,0,0,0,0,0,0
121185,1,1,0,0,0,0,0,0,0,0,0,0
121186,1,1,15,15,15,15,15,15,15,15,15,15
121187,0,1,17,17,17,17,17,17,17,17,17,17
121187,1,1,0,0,0,0,0,0,0,0,0,0
121188,0,1,0,0,0,0,0,7,0,0,0,0
121188,1,1,0,0,0,0,0,0,0,0,0,0
121189,0,1,0,0,0,0,0,0,0,0,0,0
121189,1,1,0,0,0,0,0,0,0,0,0,0
121190,1,1,0,0,0,0,0,0,0,0,0,0
121191,1,1,0,0,0,0,0,0,0,0,0,0
121191,2,1,0,0,0,0,0,20,0,0,0,0
121192,1,1,0,0,0,0,0,0,0,0,0,0
121193,1,1,14,14,14,14,14,14,14,14,14,14
121194,1,1,26,22,25,0,10,0,0,0,27,0
121194,2,1,0,0,12,0,0,4,2,4,31,0
121195,1,1,16,0,0,0,0,0,0,0,9,0
121195,2,1,0,0,0,0,0,0,0,0,0,0
121196,1,1,0,0,0,0,0,0,0,0,0,0
121196,2,1,0,0,0,0,0,0,12,0,11,0
121197,1,1,0,0,0,0,0,0,0,0,0,0
121197,2,1,0,0,0,0,0,0,0,0,0,0
121198,1,1,22,12,14,13,12,17,0,12,33,7
121199,1,1,26,7,25,17,15,9,0,19,13,11
121200,1,1,18,18,18,18,18,18,18,18,18,18
121201,1,1,0,0,12,0,0,0,0,0,0,0
121201,2,1,0,0,0,0,0,0,0,0,0,0
121202,0,1,0,0,0,0,0,0,0,0,0,0
121202,1,1,0,0,0,0,0,0,0,0,0,0
121203,1,1,11,11,11,11,11,11,11,11,11,11
121203,2,1,0,0,0,0,0,0,0,0,0,0