ST_CASE,VEH_NO,PER_NO,P1,P2,P3,P4,P5,P6,P7,P8,P9,P10
121204,0,1,20,20,20,20,20,20,20,20,20,20
121204,1,1,0,0,0,0,0,0,0,0,26,0
121205,1,1,13,13,13,13,13,13,13,13,13,13
121205,2,1,0,0,0,0,0,0,0,0,0,0
121206,1,1,0,0,0,0,0,0,0,0,0,0
121206,2,1,0,0,0,0,0,0,0,0,0,0
121207,1,1,0,0,0,0,0,0,0,0,0,0
121208,1,1,0,0,0,0,0,0,0,0,0,0
121208,2,1,0,0,0,0,0,0,0,0,0,0
121209,0,1,0,29,0,0,0,0,0,0,0,0
121209,1,1,0,0,0,7,0,0,23,0,0,7
121209,2,1,0,0,0,0,12,0,0,0,0,0
121210,1,1,17,17,17,17,17,17,17,17,17,17
121210,2,1,0,0,0,0,0,0,0,0,0,0
121211,1,1,20,20,20,20,20,20,20,20,20,20
121211,2,1,0,0,0,0,0,0,0,0,0,0
121212,1,1,0,0,0,0,0,0,0,0,0,0
121213,0,1,0,0,0,0,0,0,0,0,0,0
121213,1,1,0,0,0,0,0,0,0,0,0,0
121214,1,1,2,0,0,0,0,0,0,0,0,0
121214,2,1,0,0,0,0,0,0,0,0,0,0
121214,3,1,0,0,0,0,0,0,0,0,0,0
121215,1,1,0,0,0,0,0,0,0,0,9,0
121215,2,1,0,0,0,0,0,0,0,0,0,0
121216,1,1,26,12,29,0,7,0,25,21,19,25
121217,0,1,0,0,0,0,0,0,0,0,0,0
121217,1,1,0,0,0,0,0,0,0,0,0,0
121218,1,1,13,35,0,30,12,15,8,14,24,29
121219,1,1,0,0,0,0,0,0,0,0,0,0
121220,1,1,0,0,0,0,0,0,0,0,0,0
121220,2,1,0,0,0,0,0,0,0,0,0,0
121221,1,1,0,0,0,0,0,0,0,17,0,18
121221,2,1,0,0,0,0,0,0,0,0,0,0
121222,1,1,3,3,3,3,3,3,3,3,3,3
121222,2,1,0,0,0,0,0,0,0,0,0,0
121223,0,1,19,0,0,25,25,20,28,0,0,13
121223,1,1,0,0,12,0,0,0,0,0,0,0
121224,0,1,8,8,8,8,8,8,8,8,8,8
121224,1,1,0,0,0,0,0,0,0,0,0,0
121225,1,1,0,0,0,0,0,0,0,0,0,0
121226,1,1,8,0,0,0,21,0,0,7,10,0
121226,2,1,0,0,0,0,0,0,25,0,0,0
121227,1,1,0,0,0,0,0,0,0,0,0,0
121227,2,1,0,0,0,0,0,0,0,0,0,0
121228,1,1,0,0,0,0,0,0,0,0,0,0
121229,1,1,0,0,0,0,0,0,0,0,0,0
121229,2,1,0,0,0,0,0,0,0,0,0,0
121229,3,1,0,0,0,0,0,0,0,0,0,0
121229,4,1,0,0,0,0,0,0,0,0,27,0
121229,5,1,0,0,0,0,0,0,0,0,0,0
121230,0,1,0,0,20,0,49,25,16,0,9,12
121230,1,1,0,0,18,27,0,0,0,0,0,0
121231,0,1,46,0,0,0,0,0,15,19,0,17
121231,1,1,0,0,0,10,0,0,0,0,0,0
121232,1,1,0,0,0,0,0,0,0,0,0,0
121232,2,1,0,0,8,0,0,0,0,22,11,14
121233,0,1,0,0,12,28,0,0,0,21,0,15
121233,1,1,0,0,0,0,28,0,0,0,0,0
121233,2,1,0,0,19,0,0,0,8,0,0,18
121235,1,1,0,0,0,0,0,0,0,0,0,0
121235,2,1,0,0,0,0,0,0,0,0,0,0
121236,1,1,0,0,0,6,0,0,19,23,0,0
121236,2,1,0,9,0,9,0,0,0,0,25,0
121238,1,1,0,0,0,0,0,0,0,0,0,0
121239,1,1,2,2,2,2,2,2,2,2,2,2
121240,1,1,0,0,0,30,0,0,0,39,30,0
121241,0,1,23,0,22,0,0,0,11,0,22,0
121241,1,1,0,15,0,0,8,23,10,19,14,0
121242,1,1,0,0,0,0,0,0,0,0,0,0
121243,1,1,33,33,33,33,33,33,33,33,33,33
121243,2,1,0,0,0,0,0,0,0,0,0,0
121244,1,1,0,0,0,0,0,0,0,0,0,0
121245,1,1,0,0,0,0,0,0,0,0,0,0
121245,2,1,16,0,0,0,0,0,0,0,0,0
121246,1,1,0,0,0,0,0,0,0,0,0,0
121246,2,1,0,0,0,0,0,0,0,0,0,0
121247,0,1,0,0,0,0,0,0,0,0,0,0
121247,1,1,0,0,0,0,0,0,0,0,0,0
121248,1,1,0,0,0,0,9,0,0,0,0,0
121248,2,1,0,0,0,0,0,0,0,0,0,0
121249,1,1,21,21,21,21,21,21,21,21,21,21
121250,1,1,0,0,0,0,0,0,0,0,0,0
121250,2,1,0,0,0,0,0,0,0,0,0,0
121251,1,1,14,0,0,0,0,0,0,0,0,7
121251,2,1,0,0,0,0,0,0,12,0,0,0
121252,1,1,0,0,0,0,0,0,0,0,0,0
121253,0,1,0,32,0,14,0,8,13,0,6,48
121253,0,2,22,33,0,2,25,14,31,16,30,23
121253,1,1,39,28,28,38,0,28,0,28,22,22
121254,1,1,22,0,12,0,10,11,0,34,13,13
121255,1,1,0,0,0,0,0,0,0,0,0,0
121255,2,1,0,0,0,0,0,0,0,0,0,0
121256,1,1,2,2,2,2,2,2,2,2,2,2
121256,2,1,0,0,0,0,0,0,0,0,0,0
121257,1,1,0,0,0,0,0,0,0,0,0,0
121257,2,1,0,0,0,0,0,0,0,0,0,0
121258,1,1,18,18,18,18,18,18,18,18,18,18
121259,1,1,0,0,0,0,23,0,10,0,0,0
121260,1,1,19,19,19,19,19,19,19,19,19,19
121261,1,1,26,26,26,26,26,26,26,26,26,26
121262,1,1,3,3,3,3,3,3,3,3,3,3
121264,1,1,0,0,0,0,0,0,0,0,0,0
121265,0,1,37,37,37,37,37,37,37,37,37,37
121265,1,1,0,0,0,0,0,0,0,0,17,0
121266,1,1,21,0,15,13,39,12,0,16,0,0
121267,1,1,0,0,0,0,0,0,0,0,0,0
121267,2,1,0,0,0,0,0,0,0,0,0,0
121268,1,1,0,0,0,0,23,0,0,0,0,23
121268,2,1,0,0,0,0,0,0,0,0,0,0
121269,1,1,0,0,0,0,12,0,0,0,0,0
121269,2,1,5,0,7,9,4,4,0,2,35,28
121270,1,1,0,0,0,0,0,0,0,0,0,0
121270,2,1,0,0,0,0,0,0,0,0,0,0
121271,1,1,12,12,12,12,12,12,12,12,12,12
121272,1,1,0,0,0,0,0,0,0,0,0,0
121272,2,1,0,0,0,0,0,0,0,0,0,0
121273,1,1,0,0,0,0,0,0,0,0,0,0
121273,2,1,0,0,0,0,0,0,0,0,0,13
121274,1,1,0,0,9,21,0,0,0,0,0,0
121274,2,1,7,7,7,7,7,7,7,7,7,7
121275,1,1,0,0,0,0,0,0,0,0,0,0
121275,2,1,0,0,0,0,0,0,0,0,0,0
121275,3,1,0,0,0,0,0,0,0,0,26,0
121275,4,1,0,0,0,0,0,0,0,20,0,0
121276,1,1,16,16,16,16,16,16,16,16,16,16
121276,2,1,0,0,0,0,0,0,14,0,0,0
121277,1,1,0,0,0,0,0,0,0,0,0,0
121277,2,1,0,0,0,0,0,0,0,0,0,0
121277,3,1,0,0,0,0,0,0,0,0,0,0
121278,0,1,0,31,0,0,0,0,0,0,0,0
121278,0,2,0,0,0,0,0,0,0,0,0,0
121278,1,1,0,0,0,0,0,0,0,0,0,0
121279,0,1,9,25,0,0,38,0,29,0,0,15
121279,1,1,16,17,27,0,17,16,8,0,20,0
121280,0,1,0,0,21,0,0,0,16,4,28,15
121280,1,1,20,0,0,0,0,0,0,0,0,0
121281,0,1,32,0,0,0,0,0,0,0,0,0
121281,1,1,0,0,0,0,0,0,0,0,0,0
121282,1,1,0,24,50,0,0,0,13,0,0,0
121283,1,1,0,0,0,0,0,0,0,0,0,0
121283,2,1,0,0,0,0,0,0,0,0,0,0
121284,0,1,3,3,3,3,3,3,3,3,3,3
121284,1,1,0,0,0,0,0,0,0,0,0,20
121285,1,1,0,0,0,0,0,0,0,0,0,0
121285,2,1,0,0,0,0,0,0,0,0,0,0
121287,1,1,0,0,0,0,0,0,0,0,0,0
121287,2,1,0,0,0,0,0,0,0,29,0,0
121288,1,1,0,0,0,0,0,0,0,0,0,0
121288,2,1,0,15,0,0,0,0,0,0,0,0
121288,3,1,0,0,0,0,0,0,0,0,0,0
121289,0,1,0,0,0,0,0,0,0,0,0,0
121289,1,1,0,4,0,0,18,0,0,0,0,0
121290,1,1,0,0,0,0,0,0,0,0,0,0
121290,2,1,0,0,22,0,17,0,0,0,17,0
121291,0,1,0,0,0,0,0,0,22,0,0,0
121291,1,1,0,0,0,0,0,0,0,0,0,0
121292,0,1,0,0,0,0,0,0,0,0,0,0
121292,1,1,0,0,0,0,0,0,0,0,0,0
121293,1,1,0,16,0,7,26,12,12,0,0,20
121293,2,1,0,0,9,0,0,0,0,15,0,0
121293,3,1,0,0,0,14,0,0,0,0,0,0
121293,4,1,0,0,0,0,0,0,9,0,0,0
121294,1,1,14,0,23,18,0,15,9,16,18,0
121295,1,1,0,0,0,0,0,0,0,0,0,0
121295,2,1,0,0,0,0,0,0,0,0,0,0
121296,1,1,20,20,20,20,20,20,20,20,20,20
121297,0,1,0,0,0,0,0,0,0,0,0,0
121297,1,1,0,0,0,0,0,0,0,0,0,0
121298,0,1,0,0,0,0,0,0,0,0,0,0
121298,1,1,0,0,0,0,0,0,0,0,0,0
121299,1,1,0,0,0,19,0,0,0,0,0,0
121299,2,1,0,0,0,0,0,0,0,0,0,0
121300,0,1,0,0,0,0,0,0,0,0,0,23
121300,1,1,13,6,12,18,8,31,22,16,7,20
121301,1,1,16,16,16,16,16,16,16,16,16,16
121302,1,1,0,0,0,0,0,0,0,0,0,0
121303,1,1,0,0,0,0,0,0,0,0,0,0
121303,2,1,0,0,0,0,0,0,0,0,0,0
121304,1,1,0,0,0,0,0,0,0,0,0,0
121305,1,1,0,0,0,0,0,0,0,0,0,0
121305,2,1,0,0,0,0,0,0,0,0,0,0
121305,3,1,0,0,0,0,0,0,18,0,0,0
121306,1,1,0,18,0,0,0,0,0,0,0,0
121306,2,1,0,0,0,0,0,0,0,0,0,0
121307,1,1,21,0,0,18,0,0,0,0,0,0
121308,1,1,0,0,0,0,0,0,0,0,0,0
121308,2,1,0,0,0,0,0,0,0,0,0,0
121309,1,1,0,0,0,9,0,6,13,0,0,0
121309,2,1,0,0,22,0,0,0,0,0,27,0
121310,0,1,0,0,0,0,0,0,0,0,0,0
121310,1,1,0,0,0,0,0,0,0,0,0,0
121310,2,1,0,0,0,0,24,0,0,0,0,0
121311,1,1,0,0,0,0,0,0,0,0,0,0
121312,1,1,0,0,0,0,0,0,0,0,0,0
121312,2,1,0,0,0,0,0,0,0,0,0,0
121312,3,1,0,8,0,0,0,0,0,0,0,0
121312,4,1,0,0,0,0,0,0,0,0,0,0
121313,1,1,26,26,26,26,26,26,26,26,26,26
121314,1,1,0,0,0,0,0,0,0,0,0,0
121314,2,1,0,0,0,13,0,0,0,0,0,0
121315,1,1,22,22,22,22,22,22,22,22,22,22
121316,1,1,0,0,0,0,0,0,0,0,0,0
121316,2,1,18,18,18,18,18,18,18,18,18,18
121317,0,1,14,14,14,14,14,14,14,14,14,14
121317,0,2,15,23,0,14,19,0,24,0,0,16
121317,1,1,8,8,8,8,8,8,8,8,8,8
121318,1,1,0,0,0,0,0,0,0,0,0,0
121318,2,1,0,0,0,0,0,0,0,0,0,0
121319,1,1,0,0,0,12,0,0,0,0,0,0
121320,1,1,0,0,0,0,0,0,0,0,0,0
121320,2,1,0,0,0,0,0,0,0,0,0,0
121320,3,1,0,0,0,0,0,0,0,0,0,0
121321,1,1,0,0,0,0,0,0,0,0,0,0
121321,2,1,0,0,0,0,0,0,0,0,0,0
121322,0,1,15,25,28,6,0,17,23,22,14,20
121322,1,1,0,51,0,0,0,0,23,0,0,0
121323,1,1,0,0,0,0,0,7,0,0,15,25
121324,1,1,0,0,0,0,0,0,0,0,0,0
121325,1,1,9,9,9,9,9,9,9,9,9,9
121325,2,1,0,0,0,0,0,0,0,0,0,0
121327,1,1,0,0,0,0,0,0,0,0,0,0
121328,1,1,0,0,0,0,0,0,0,0,0,0
121329,1,1,0,13,0,0,0,0,0,14,0,0
121329,2,1,0,0,0,0,0,0,0,0,0,0
121330,2,1,0,0,0,0,0,0,0,0,0,0
121331,1,1,0,0,0,0,0,0,0,0,0,0
121331,2,1,0,0,0,0,0,0,0,0,5,0
121332,1,1,0,0,0,0,0,0,0,0,0,0
121332,2,1,0,0,0,0,0,0,0,0,0,0
121333,1,2,0,0,11,0,0,0,0,0,0,0
121334,0,1,0,24,0,16,17,0,0,0,0,33
121334,1,1,0,0,0,5,0,0,0,0,0,0
121336,1,1,0,0,0,0,0,0,0,0,0,0
121336,2,1,0,0,0,0,0,0,0,0,0,0
121337,0,1,0,0,0,0,0,0,0,0,0,0
121337,1,1,0,0,0,0,0,0,0,0,0,0
121337,2,1,0,0,0,0,0,0,0,0,0,0
121338,1,1,18,0,0,0,0,0,0,0,0,0
121338,2,1,0,0,0,0,0,0,0,0,0,0
121339,1,1,0,0,0,0,0,0,0,0,0,0
121340,1,1,24,24,24,24,24,24,24,24,24,24
121340,2,1,0,26,0,0,19,0,30,0,0,0
121341,1,1,11,11,11,11,11,11,11,11,11,11
121341,2,1,0,0,0,0,0,0,0,0,0,0
121342,1,1,12,12,12,12,12,12,12,12,12,12
121343,0,1,2,2,2,2,2,2,2,2,2,2
121343,1,1,0,0,0,0,0,0,0,0,0,0
121344,0,1,0,0,0,0,0,0,0,0,0,37
121344,1,1,0,0,0,0,0,0,0,0,0,0
121345,1,1,0,0,0,20,0,0,0,0,0,0
121346,1,1,18,18,18,18,18,18,18,18,18,18
121347,1,1,0,0,0,0,0,0,0,0,0,0
121347,2,1,0,26,0,0,0,0,0,0,0,0
121348,0,1,15,12,5,33,8,20,21,14,17,24
121348,1,1,0,0,0,0,0,1,0,5,23,0
121348,2,1,0,0,0,0,0,0,0,0,0,0
121348,3,1,0,0,0,0,0,0,0,0,0,0
121348,4,1,0,0,0,0,0,0,0,0,0,0
121350,1,1,0,0,0,0,0,0,0,0,0,0
121350,2,1,0,0,0,0,0,0,0,0,0,0
121351,1,1,0,16,0,0,0,0,0,0,0,0
121351,2,1,0,0,0,0,0,0,0,0,0,0
121352,1,1,0,0,0,0,0,0,0,0,0,0
121353,1,1,0,0,0,0,0,0,0,0,0,0
121354,1,1,18,0,19,19,0,0,0,0,17,0
121354,2,1,0,0,0,0,0,0,0,0,0,0
121355,1,1,0,0,0,0,0,0,0,0,0,0
121355,2,1,0,0,0,0,0,0,0,0,0,0
121355,3,1,0,0,0,0,0,0,22,0,0,9
121356,1,1,0,0,0,0,0,0,0,0,0,0
121356,2,1,0,0,0,0,0,0,0,0,0,0
121357,0,1,0,0,0,0,14,0,0,21,19,26
121357,1,1,13,13,13,13,13,13,13,13,13,13
121358,1,1,0,16,0,14,0,0,0,0,0,0
121359,0,1,12,25,15,19,35,16,11,33,24,34
121359,1,1,0,38,0,0,16,0,11,0,0,10
121360,0,1,6,0,13,0,0,22,32,35,0,4
121360,1,1,0,0,0,0,0,0,0,0,0,0
121361,1,1,0,0,0,0,0,0,0,0,0,0
121361,2,1,0,8,0,0,7,20,11,22,33,0
121362,0,1,0,0,0,0,0,0,0,0,0,0
121362,1,1,9,13,11,19,0,19,26,20,30,0
121363,1,1,0,0,0,21,0,0,0,0,0,0
121364,1,1,10,7,38,22,19,2,20,26,30,13
121365,1,1,0,0,10,0,0,0,0,17,0,0
121365,2,1,0,0,0,0,0,0,0,0,0,0
121366,1,1,0,0,0,0,0,0,0,0,0,0
121366,2,1,0,0,0,0,0,0,0,0,0,0
121367,0,1,0,0,0,0,0,0,11,0,0,0
121367,1,1,0,0,0,16,0,0,0,0,0,0
121368,1,1,0,2,3,0,3,23,15,26,9,0
121368,2,1,0,0,0,0,0,0,0,0,0,0
121369,1,1,0,0,0,0,0,0,0,0,0,0
121369,2,1,0,0,0,0,0,0,0,0,0,0
121369,3,1,0,0,0,0,17,0,33,0,0,0
121370,1,1,3,3,3,3,3,3,3,3,3,3
121371,1,1,0,0,0,0,0,0,0,0,0,0
121371,2,1,10,10,10,10,10,10,10,10,10,10
121373,1,1,0,0,0,0,0,0,0,0,0,0
121373,2,1,13,0,30,0,0,0,0,0,0,0
121373,3,1,0,0,0,0,0,0,0,0,0,0
121374,1,1,0,0,0,0,0,0,0,0,0,0
121374,2,1,0,0,0,0,0,0,0,0,0,0
121375,0,1,0,0,0,0,0,0,0,0,0,0
121375,1,1,0,0,0,0,0,0,0,0,0,0
121376,0,1,0,0,0,0,0,0,13,0,0,11
121376,1,1,0,0,0,0,0,0,0,0,0,0
121377,0,1,17,0,39,0,13,0,0,0,0,0
121377,1,1,0,0,0,0,0,0,0,0,0,0
121377,2,1,0,0,0,0,0,0,15,0,0,0
121378,1,1,0,0,8,0,0,0,0,0,0,0
121378,2,1,0,0,0,0,0,0,0,0,0,0
121379,1,1,0,0,0,22,11,0,0,10,0,0
121380,1,1,0,0,0,0,0,0,0,0,0,0
121381,1,1,0,0,0,0,0,0,0,0,0,0
121382,1,1,0,0,0,0,0,0,0,0,0,0
121382,2,1,13,8,0,0,3,10,0,0,17,0
121383,1,1,0,0,0,0,0,0,0,0,0,0
121384,1,1,0,0,0,0,0,4,0,0,0,0
121384,2,1,16,0,0,0,0,0,0,0,0,23
121384,3,1,0,0,0,0,0,0,0,0,0,0
121385,1,1,0,0,0,0,0,0,0,0,0,0
121387,1,1,0,0,0,0,0,0,0,0,0,0
121387,2,1,0,0,0,0,0,0,0,0,0,0
121388,0,1,0,14,0,0,0,0,0,0,0,0
121388,1,1,11,0,0,0,0,0,0,0,0,0
121389,0,1,0,0,26,0,0,0,0,0,10,20
121389,1,1,0,0,0,0,0,0,0,0,0,5
121390,1,1,9,0,0,0,0,0,0,0,0,0
121390,2,1,0,0,0,0,0,0,0,0,26,0
121391,1,1,0,0,0,0,0,0,0,0,0,0
121392,1,1,28,28,28,28,28,28,28,28,28,28
121392,2,1,0,0,0,0,0,0,0,0,0,0
121393,1,1,0,0,0,0,0,15,0,0,0,0
121393,2,1,29,0,0,0,0,0,16,0,0,0
121394,0,1,22,22,22,22,22,22,22,22,22,22
121394,1,1,0,0,0,0,0,0,0,0,0,0
121395,1,1,25,25,25,25,25,25,25,25,25,25
121395,2,1,0,0,0,0,0,0,0,0,0,14
121395,3,1,17,0,0,0,0,0,0,0,0,0
121396,1,1,0,0,3,0,0,15,0,0,0,0
121396,2,1,0,0,0,17,0,0,0,1,0,0
121397,0,1,0,0,14,0,0,0,0,0,0,39
121397,1,1,0,0,0,0,19,0,0,0,0,0
121398,0,1,0,0,0,0,0,0,0,0,0,0
121398,1,1,0,0,0,0,0,0,0,0,0,0
121399,2,1,0,16,0,0,27,0,0,0,0,0
121400,1,1,0,0,0,0,0,0,0,0,0,0
121400,2,1,5,5,5,5,5,5,5,5,5,5
121401,1,1,0,0,0,0,0,0,0,0,0,0
121402,1,1,0,0,0,0,0,0,0,0,0,0
121403,1,1,0,0,0,13,0,0,10,7,17,0
121403,2,1,0,0,0,0,0,0,0,0,0,0
121403,3,1,0,0,0,0,0,0,0,0,0,0
121404,0,1,0,0,0,15,0,0,0,0,0,0
121404,1,1,0,0,0,0,0,19,0,0,0,0
121405,0,1,15,15,15,15,15,15,15,15,15,15
121405,1,1,0,31,0,0,0,5,0,0,0,0
121406,1,1,0,0,0,0,0,23,0,0,0,0
121406,2,1,0,0,0,0,0,0,0,0,0,0
121407,0,1,11,14,40,24,9,13,0,0,23,0
121407,1,1,27,0,0,0,16,26,24,9,17,0
121408,0,1,32,0,8,0,7,0,0,0,45,0
121408,1,1,0,0,0,0,0,22,0,0,12,8
121409,1,1,0,0,0,0,0,0,0,0,0,0
121410,1,1,0,0,0,0,0,0,0,0,0,0
121411,0,1,0,0,0,0,23,0,0,0,0,0
121411,1,1,0,12,0,0,0,0,0,0,0,0
121412,0,1,0,26,36,0,14,24,0,0,19,0
121412,1,1,0,0,0,0,0,0,0,15,0,0
121413,0,1,0,0,16,0,0,28,0,0,0,0
121413,1,1,0,0,0,5,0,0,0,0,0,0
121413,2,1,0,0,0,0,0,0,0,0,0,0
121414,1,1,9,9,9,9,9,9,9,9,9,9
121414,2,1,0,0,0,0,0,0,0,0,0,0
121415,1,1,9,9,9,9,9,9,9,9,9,9
121416,1,1,0,0,0,0,0,15,0,0,11,0
121417,1,1,0,0,0,0,0,0,0,12,0,0
121417,2,1,0,0,0,0,0,0,0,6,0,0
121418,1,1,0,0,0,0,0,0,0,0,0,0
121419,0,1,0,0,0,0,0,0,0,0,0,0
121419,1,1,0,0,0,0,0,0,0,0,0,17
121420,1,1,0,0,0,0,0,0,0,0,0,0
121421,1,1,0,0,0,0,0,0,0,0,0,0
121422,1,1,0,0,13,0,13,0,0,0,0,0
121423,1,1,0,0,0,0,0,0,0,0,0,0
121424,1,1,0,0,0,0,0,0,0,0,0,0
121425,1,1,0,0,0,0,0,0,0,0,0,0
121425,2,1,0,0,0,23,16,0,0,0,7,7
121426,1,1,0,0,4,0,0,7,12,0,17,0
121426,2,1,0,0,0,0,0,0,0,13,0,23
121427,1,1,32,32,32,32,32,32,32,32,32,32
121428,0,1,0,0,0,0,0,0,0,0,18,0
121428,0,2,0,0,0,0,0,0,0,0,0,0
121428,1,1,0,0,0,0,0,0,0,0,0,0
121429,0,1,0,0,0,0,0,0,0,0,0,0
121429,1,1,0,0,0,0,0,0,0,0,0,0
121430,0,1,0,0,0,24,0,0,0,0,0,6
121430,1,1,0,0,0,0,0,0,0,0,0,0
121431,0,1,11,11,0,0,3,0,0,0,8,22
121431,1,1,9,0,0,0,0,0,22,16,0,0
121434,1,1,0,0,0,0,0,0,0,0,0,0
121434,2,1,0,0,0,5,0,14,0,0,13,0
121435,0,1,0,0,0,0,0,0,0,0,0,4
121435,1,1,0,0,0,11,0,0,0,26,0,0
121436,1,1,14,14,14,14,14,14,14,14,14,14
121436,2,1,20,0,0,0,0,0,0,0,0,0
121437,1,1,0,0,0,0,0,0,0,0,0,0
121438,1,1,14,14,14,14,14,14,14,14,14,14
121438,2,1,13,13,13,13,13,13,13,13,13,13
121439,0,1,10,10,10,10,10,10,10,10,10,10
121439,1,1,0,0,0,0,0,0,0,0,0,0
121441,1,1,0,0,0,11,11,0,0,37,0,17
121441,2,1,0,0,0,0,0,0,0,0,0,0
121441,3,1,10,10,10,10,10,10,10,10,10,10
121442,1,1,0,0,0,0,0,0,0,0,0,0
121442,2,1,0,0,0,0,0,0,0,0,0,0
121442,3,1,0,0,0,0,0,0,0,0,0,0
121443,0,1,0,0,0,0,0,0,0,0,0,0
121443,1,1,0,0,0,0,0,0,0,0,0,0
121444,0,1,0,0,0,0,7,0,0,0,0,0
121444,1,1,9,0,18,20,26,13,12,11,11,21
121445,1,1,41,41,41,41,41,41,41,41,41,41
121445,2,1,0,0,8,0,7,0,0,0,0,0
121446,1,1,0,22,8,0,0,0,0,0,3,18
121447,1,1,0,0,0,0,0,0,0,0,0,0
121447,2,1,0,0,0,0,0,0,0,0,0,0
121448,1,1,0,0,0,0,0,25,0,0,0,15
121449,1,1,0,0,0,0,0,0,0,0,0,0
121449,2,1,0,0,0,0,0,0,0,0,0,0
121450,0,1,0,0,0,0,0,0,0,0,0,0
121450,0,2,0,0,0,0,0,0,0,0,0,0
121450,0,3,0,0,0,0,0,0,0,0,0,0
121450,0,4,0,0,0,0,0,0,0,0,0,0
121450,1,1,0,0,0,0,0,0,0,0,0,0
121450,2,1,0,0,0,0,0,0,0,0,0,0
121450,3,1,0,0,0,0,0,0,0,0,0,0
121451,1,1,0,0,0,0,0,0,0,0,0,0
121451,2,1,0,4,0,0,0,0,0,0,0,0
121451,3,1,0,0,0,0,0,0,0,0,0,0
121451,4,1,0,0,0,0,0,0,0,0,0,0
121452,0,1,0,0,0,23,0,18,0,0,13,0
121452,1,1,0,0,0,27,0,0,0,0,0,0
121453,1,1,0,0,0,0,0,0,0,0,0,0
121454,0,1,26,26,26,26,26,26,26,26,26,26
121454,1,1,0,0,0,0,0,0,0,0,0,0
121455,0,1,13,0,0,0,0,14,26,0,0,0
121455,1,1,24,0,0,0,0,0,0,0,0,0
121456,1,1,0,0,0,0,0,0,0,0,0,0
121456,2,1,0,0,0,0,0,14,0,0,0,0
121457,1,1,0,0,0,0,0,13,0,0,24,0
121457,2,1,0,0,0,0,0,0,0,0,0,0
121458,1,1,0,0,0,0,0,0,0,0,0,0
121459,1,1,29,29,29,29,29,29,29,29,29,29
121460,0,1,4,32,14,19,16,21,20,24,24,6
121460,1,1,0,0,0,0,0,0,0,0,0,0
121461,1,1,0,0,7,0,0,0,0,0,0,16
121461,2,1,0,0,0,0,0,0,0,0,0,0
121462,1,1,0,0,30,0,17,3,33,0,0,0
121462,2,1,0,0,0,0,0,0,0,0,0,0
121463,1,1,28,28,28,28,28,28,28,28,28,28
121463,2,1,0,16,14,0,0,0,0,0,0,2
121464,1,1,0,0,0,0,0,11,0,7,0,44
121464,2,1,0,0,0,0,0,0,0,19,0,0
121465,1,1,23,32,50,26,14,21,20,10,19,25
121466,1,1,0,0,0,0,0,10,0,0,0,17
121467,0,1,18,0,0,0,0,16,27,0,0,0
121467,0,2,42,0,0,0,0,0,26,0,0,18
121467,1,1,0,0,0,0,0,0,0,0,0,0
121468,0,1,3,3,3,3,3,3,3,3,3,3
121468,1,1,19,0,0,0,21,0,0,0,0,12
121469,1,1,0,0,0,0,0,0,0,0,0,0
121470,0,1,14,16,31,38,23,22,12,28,22,25
121470,1,1,0,0,0,0,0,0,0,0,0,0
121471,0,1,3,3,3,3,3,3,3,3,3,3
121471,1,1,0,10,0,16,14,0,0,0,0,0
121472,1,1,0,0,0,0,0,0,0,0,0,0
121472,2,1,0,0,12,0,0,0,0,0,0,0
121473,1,1,0,0,0,0,0,0,0,0,0,0
121474,1,1,16,16,16,16,16,16,16,16,16,16
121475,1,1,0,0,0,0,0,0,0,0,0,0
121475,2,1,0,0,0,0,0,0,0,0,0,0
121477,0,1,0,0,0,0,0,0,0,0,0,0
121477,1,1,0,0,0,0,0,0,0,0,0,0
121478,0,1,0,15,0,0,10,0,0,0,15,0
121478,1,1,13,0,0,10,0,0,0,6,12,23
121479,0,1,34,34,34,34,34,34,34,34,34,34
121479,1,1,0,11,0,0,0,7,0,0,0,0
121481,1,1,0,0,0,0,0,0,0,0,0,0
121481,2,1,0,0,0,0,0,0,0,0,0,0
121482,1,1,0,0,0,0,0,0,0,0,0,0
121482,2,1,0,0,0,0,0,0,0,0,0,0
121482,3,1,0,21,0,0,0,0,0,0,0,0
121482,4,1,0,0,0,0,0,0,0,0,0,0
121483,0,1,0,0,0,0,0,0,0,0,0,0
121483,1,1,0,0,0,0,0,0,0,0,0,0
121484,1,1,25,14,21,33,7,19,19,4,33,13
121485,0,1,3,3,3,3,3,3,3,3,3,3
121485,1,1,0,0,0,22,0,15,21,0,6,0
121486,1,1,17,17,17,17,17,17,17,17,17,17
121487,1,1,0,0,0,0,16,0,0,0,0,0
121488,1,1,0,0,0,0,0,0,0,0,0,0
121489,0,1,0,43,0,21,0,24,0,39,3,0
121489,1,1,0,44,0,0,0,18,19,0,0,0
121490,1,1,20,20,20,20,20,20,20,20,20,20
121492,1,1,0,0,0,17,0,12,17,8,0,0
121493,1,1,21,21,21,21,21,21,21,21,21,21
121494,0,1,30,0,0,0,9,17,0,0,0,0
121494,1,1,0,0,0,0,0,0,0,0,0,0
121495,1,1,0,0,0,0,0,0,0,0,0,0
121496,1,1,14,14,14,14,14,14,14,14,14,14
121497,0,1,0,0,0,0,0,0,0,0,0,0