ST_CASE,VEH_NO,PER_NO,P1,P2,P3,P4,P5,P6,P7,P8,P9,P10
122052,1,1,0,0,0,0,0,0,0,0,0,0
122053,1,1,0,0,0,0,0,0,0,0,0,0
122053,2,1,0,0,0,0,0,0,0,0,0,0
122054,1,1,0,0,0,0,0,0,0,0,0,0
122054,2,1,0,0,0,0,0,0,0,0,0,0
122055,1,1,0,0,0,0,0,0,0,0,0,0
122056,0,1,0,11,0,20,0,0,0,0,0,0
122056,1,1,0,0,0,0,0,0,17,0,0,0
122057,0,1,0,0,0,0,0,0,0,0,0,0
122057,1,1,19,0,0,0,0,0,0,0,0,0
122058,1,1,0,0,0,0,0,0,0,0,0,0
122058,2,1,0,0,0,0,0,0,0,0,0,0
122058,3,1,0,0,0,0,0,0,0,0,0,8
122060,1,1,0,0,5,0,0,23,0,0,0,0
122060,2,1,0,0,0,22,0,0,0,4,14,0
122061,0,1,0,0,0,0,0,0,0,0,0,13
122061,1,1,0,0,0,16,0,0,0,0,0,12
122062,1,1,18,18,18,18,18,18,18,18,18,18
122062,2,1,0,0,0,0,0,0,0,0,0,0
122063,1,1,0,0,0,0,0,0,0,0,0,0
122064,1,1,0,0,0,0,0,0,0,0,0,0
122064,2,1,0,0,0,0,0,0,0,0,0,0
122065,0,1,0,0,0,0,0,0,0,0,0,0
122065,1,1,0,0,0,0,0,0,0,0,0,0
122065,2,1,0,0,23,0,0,0,0,0,0,0
122066,1,1,0,0,0,0,0,0,0,0,0,0
122066,2,1,9,9,9,9,9,9,9,9,9,9
122066,3,1,0,0,0,0,0,0,0,0,0,0
122067,1,1,5,0,0,18,10,20,8,0,0,0
122067,2,1,0,0,0,0,0,15,0,0,0,0
122068,0,1,0,0,0,0,0,0,0,0,0,0
122068,1,1,0,0,0,0,0,0,0,0,0,0
122069,0,1,3,3,3,3,3,3,3,3,3,3
122069,0,2,0,0,0,0,0,0,0,0,0,0
122069,1,1,0,0,0,0,0,0,0,0,0,0
122070,1,1,19,0,5,25,0,0,0,0,11,28
122070,2,1,0,0,0,0,0,0,0,0,0,0
122071,1,1,0,0,0,0,0,0,0,0,0,0
122071,2,1,0,0,0,0,0,0,0,0,0,0
122072,1,1,0,0,0,8,20,0,0,0,0,0
122073,1,1,0,0,0,0,0,0,0,0,0,0
122073,2,1,0,0,0,0,0,0,0,0,0,0
122074,0,1,21,21,0,0,0,0,23,10,0,0
122074,1,1,0,0,0,0,0,0,0,0,0,0
122075,0,1,0,0,0,0,0,0,0,0,0,0
122075,1,1,0,0,0,19,0,0,0,0,0,0
122076,0,1,0,0,0,0,0,0,0,0,0,0
122076,1,1,0,0,0,0,0,0,0,0,0,19
122077,0,1,34,0,27,0,0,28,0,4,16,0
122077,1,1,0,0,0,0,0,0,0,0,0,16
122078,1,1,0,0,0,0,0,0,0,19,0,0
122078,2,1,0,0,0,0,0,27,0,28,0,0
122078,3,1,0,0,0,0,0,0,15,0,0,0
122079,1,1,0,0,0,0,0,0,0,0,0,0
122080,1,1,0,0,0,0,0,0,0,0,0,0
122080,2,1,0,0,0,0,0,0,0,0,0,0
122080,3,1,0,0,0,0,0,0,0,0,0,0
122081,1,1,8,8,8,8,8,8,8,8,8,8
122081,2,1,0,0,0,9,0,0,0,0,0,13
122082,1,1,30,22,25,42,20,16,17,12,9,20
122083,1,1,13,13,13,13,13,13,13,13,13,13
122084,1,1,0,0,0,0,0,0,0,0,0,0
122084,2,1,17,17,17,17,17,17,17,17,17,17
122085,1,1,0,0,0,20,0,0,0,11,18,0
122086,1,1,6,6,6,6,6,6,6,6,6,6
122086,2,1,0,0,0,0,0,0,0,0,0,0
122087,1,1,0,0,0,0,0,0,0,0,0,0
122087,2,1,0,0,0,0,0,0,0,0,0,0
122089,0,1,0,0,0,0,0,0,39,0,0,0
122089,1,1,16,0,0,0,16,0,0,0,15,0
122090,1,1,0,23,0,0,0,36,0,13,0,0
122090,2,1,0,0,5,6,0,7,15,0,21,0
122091,1,1,28,28,28,28,28,28,28,28,28,28
122092,0,1,24,24,24,24,24,24,24,24,24,24
122092,1,1,0,0,0,0,0,0,0,0,0,0
122093,1,1,0,0,0,0,0,0,0,0,0,0
122093,2,1,0,0,0,0,0,0,0,0,0,0
122094,0,1,0,0,0,0,0,0,0,0,0,0
122094,1,1,0,0,0,0,0,0,0,0,0,0
122095,1,1,0,0,0,0,0,0,0,0,0,0
122095,2,1,0,0,0,0,0,0,0,0,0,0
122096,1,1,0,0,0,0,0,0,0,0,0,0
122097,0,1,0,0,0,0,0,0,0,0,0,0
122097,0,2,0,0,0,0,0,0,0,0,10,0
122097,1,1,0,0,0,0,0,0,0,0,0,0
122097,2,1,13,0,0,0,0,0,10,0,0,0
122097,3,1,0,0,0,0,0,0,0,0,0,0
122098,1,1,0,0,0,0,0,0,0,0,0,0
122099,0,1,44,44,44,44,44,44,44,44,44,44
122099,1,1,0,0,0,0,0,0,0,0,0,0
122100,1,1,21,21,21,21,21,21,21,21,21,21
122101,0,1,0,0,0,0,0,0,0,0,0,0
122101,1,1,0,0,0,0,0,0,0,0,0,0
122102,1,1,0,0,0,0,0,0,0,0,0,20
122103,1,1,0,0,20,17,0,0,0,11,0,0
122104,1,1,14,14,14,14,14,14,14,14,14,14
122104,2,1,0,0,0,0,0,0,0,0,0,0
122104,3,1,0,0,0,0,0,0,0,0,0,0
122105,1,1,0,0,0,0,0,0,0,0,0,0
122105,2,1,0,0,0,0,0,0,0,0,0,0
122106,1,1,0,0,0,8,0,17,0,0,0,0
122106,2,1,0,0,0,0,0,0,0,0,0,0
122107,1,1,4,4,4,4,4,4,4,4,4,4
122108,1,1,0,0,0,0,0,0,0,0,0,0
122108,2,1,0,0,0,0,0,0,0,0,0,0
122109,1,1,0,0,7,0,0,19,0,0,0,0
122109,2,1,0,0,15,0,0,0,0,0,0,0
122110,0,1,30,29,0,39,3,19,27,0,0,25
122110,1,1,0,0,0,0,0,0,0,0,0,0
122111,1,1,16,0,0,0,0,0,0,0,0,0
122111,2,1,0,0,0,0,0,0,0,0,0,0
122112,0,1,18,0,13,0,24,0,0,14,32,21
122112,1,1,0,35,0,0,0,0,20,30,0,0
122114,1,1,29,29,29,29,29,29,29,29,29,29
122115,1,1,0,0,0,0,0,0,0,0,0,0
122115,2,1,0,15,0,0,0,0,0,0,0,0
122117,1,1,33,33,33,33,33,33,33,33,33,33
122118,1,1,0,0,0,0,0,0,0,0,0,0
122119,1,1,19,19,19,19,19,19,19,19,19,19
122120,1,1,0,0,0,0,0,0,0,0,0,0
122120,2,1,10,10,10,10,10,10,10,10,10,10
122121,1,1,8,8,8,8,8,8,8,8,8,8
122122,0,1,0,7,0,0,0,37,27,0,0,0
122122,1,1,12,26,10,19,14,6,0,0,25,12
122123,1,1,0,0,0,0,0,0,0,0,0,0
122123,2,1,0,0,0,0,0,0,0,0,0,0
122125,1,1,0,0,0,0,0,0,0,0,0,0
122126,1,1,18,18,18,18,18,18,18,18,18,18
122126,2,1,0,23,0,0,0,9,0,0,0,0
122127,1,1,2,17,26,19,0,0,19,24,6,13
122128,1,1,0,0,0,0,0,0,0,0,0,0
122129,1,1,23,23,23,23,23,23,23,23,23,23
122130,0,1,28,0,0,0,0,0,0,20,0,0
122130,1,1,0,0,0,0,0,0,0,0,0,0
122131,0,1,0,0,27,6,0,0,0,0,0,7
122131,1,1,0,18,0,0,0,0,0,0,0,0
122132,1,1,0,0,0,0,0,0,0,0,0,0
122132,2,1,0,0,0,0,0,0,0,0,0,0
122133,1,1,0,0,0,0,0,0,0,0,0,0
122133,2,1,0,0,0,0,0,0,0,0,0,0
122134,1,1,0,0,0,0,0,0,0,0,0,0
122134,2,1,0,0,0,0,0,0,0,0,0,0
122135,1,1,0,0,0,0,0,0,0,0,0,0
122135,2,1,0,0,0,0,0,0,0,0,0,0
122136,1,1,22,22,22,22,22,22,22,22,22,22
122136,2,1,0,0,0,0,12,0,0,0,0,8
122136,3,1,0,0,0,0,0,0,24,0,0,0
122136,4,1,0,0,0,0,0,0,19,0,0,0
122137,1,1,0,0,0,0,0,0,0,0,0,0
122137,2,1,0,0,0,0,0,0,0,7,0,38
122138,1,1,0,0,0,0,32,0,0,0,25,0
122139,1,1,18,16,0,0,11,0,0,15,28,0
122139,2,1,0,10,0,0,0,0,16,27,0,16
122140,1,1,0,0,0,0,0,0,0,0,0,0
122140,2,1,0,0,0,0,0,0,0,0,0,0
122140,3,1,0,0,0,19,0,0,0,23,0,0
122140,4,1,0,0,0,0,0,0,0,0,0,0
122141,0,1,0,0,0,0,0,0,0,0,0,0
122141,1,1,0,0,0,0,0,0,0,0,0,0
122142,0,1,32,0,0,0,0,0,19,10,8,0
122142,1,1,0,0,0,0,0,0,0,0,0,0
122143,0,1,0,0,0,0,0,0,0,0,0,0
122143,1,1,0,0,0,0,0,0,0,0,0,0
122144,1,1,0,0,0,0,0,0,0,0,0,0
122144,2,1,0,0,0,0,0,0,0,0,0,0
122145,1,1,15,15,15,15,15,15,15,15,15,15
122146,1,1,0,10,16,0,28,0,0,0,0,0
122147,0,1,0,0,0,0,0,0,0,0,0,0
122147,1,1,0,0,0,0,0,0,0,0,0,0
122147,2,1,0,0,0,0,0,0,0,0,0,0
122148,1,1,0,0,0,0,0,0,0,0,0,0
122148,2,1,0,0,0,0,0,0,0,0,0,0
122149,0,1,0,0,0,0,0,0,0,0,0,0
122149,1,1,0,0,0,0,0,0,0,0,0,0
122150,1,1,0,0,0,0,0,0,0,0,0,0
122150,2,1,0,0,0,0,0,0,14,0,0,0
122151,1,1,0,0,0,0,0,8,0,0,0,0
122151,2,1,0,0,0,0,14,0,0,0,0,0
122152,1,1,0,0,0,0,0,0,0,0,0,0
122152,2,1,0,0,0,0,0,0,0,0,0,0
122153,1,1,0,0,0,0,0,0,0,0,0,0
122154,0,1,7,4,0,0,26,22,0,21,0,17
122154,1,1,0,0,0,0,0,0,0,0,0,5
122155,1,1,0,23,3,0,0,0,0,0,0,0
122156,1,1,0,0,0,0,0,0,0,0,0,0
122157,1,1,0,0,0,0,0,0,0,0,0,0
122157,2,1,0,0,0,0,0,0,0,0,0,0
122158,0,1,22,0,0,22,9,47,20,22,0,37
122158,1,1,0,0,0,0,0,0,0,0,0,0
122159,1,1,0,0,0,12,0,0,0,0,0,0
122160,1,1,25,25,25,25,25,25,25,25,25,25
122160,2,1,0,0,0,15,0,0,0,0,0,0
122160,3,1,0,0,0,0,0,0,0,0,0,0
122161,1,1,26,0,13,0,0,0,0,0,0,0
122161,2,1,0,0,0,0,0,0,0,0,0,0
122162,0,1,0,0,0,0,0,0,0,0,0,0
122162,1,1,0,0,0,0,0,0,0,0,0,5
122163,1,1,0,0,0,0,0,0,0,0,0,0
122163,2,1,19,19,19,19,19,19,19,19,19,19
122164,1,1,12,12,12,12,12,12,12,12,12,12
122165,1,1,0,10,0,21,0,10,7,0,7,0
122165,2,1,0,0,0,0,0,0,0,0,0,0
122166,1,1,0,0,0,13,0,10,0,0,0,28
122166,2,1,0,0,0,0,0,0,0,0,0,0
122167,1,1,19,11,18,28,16,20,12,12,7,7
122167,2,1,0,0,0,0,0,0,0,0,0,0
122168,0,1,13,27,0,24,13,33,0,0,14,36
122168,1,1,0,0,0,0,0,0,9,11,0,0
122168,2,1,0,0,0,0,0,0,13,0,0,0
122169,0,1,0,0,0,0,0,0,0,0,0,0
122169,1,1,0,0,0,0,4,7,0,0,0,12
122169,2,1,0,0,0,0,0,0,15,0,0,0
122169,3,1,0,0,0,0,0,0,0,0,0,0
122170,0,1,0,0,0,0,0,0,0,0,0,0
122170,1,1,0,0,17,0,0,0,0,20,0,0
122170,2,1,0,0,0,0,0,0,0,0,0,0
122171,1,1,0,0,0,0,0,37,0,34,0,0
122171,2,1,0,0,0,0,0,0,0,18,12,0
122171,3,1,0,0,0,0,0,0,0,0,0,0
122172,1,1,0,13,0,36,0,0,0,14,0,0
122174,1,1,0,0,5,0,0,0,0,0,0,0
122174,2,1,0,0,0,0,0,0,0,0,0,0
122175,1,1,11,11,11,11,11,11,11,11,11,11
122176,1,1,0,0,0,0,0,0,0,0,0,0
122176,2,1,0,0,0,0,0,0,0,0,0,0
122177,1,1,0,0,0,0,0,0,0,0,0,0
122177,2,1,0,0,0,0,0,0,0,0,0,0
122178,1,1,12,13,0,23,0,0,0,0,0,0
122178,2,1,0,0,0,0,12,0,0,0,0,0
122178,3,1,0,0,0,0,0,0,0,0,0,0
122180,1,1,20,20,20,20,20,20,20,20,20,20
122182,1,1,0,0,0,0,0,0,0,0,0,0
122183,0,1,0,0,0,0,0,0,0,0,0,0
122183,1,1,0,0,0,0,0,0,0,0,0,0
122184,0,1,19,32,0,0,0,29,0,13,24,0
122184,1,1,10,10,10,10,10,10,10,10,10,10
122185,1,1,0,0,0,0,0,0,0,0,0,0
122186,1,1,0,0,0,0,0,0,0,0,0,0
122186,2,1,0,0,0,0,0,0,0,0,0,0
122187,0,1,0,0,0,0,0,0,0,0,0,0
122187,1,1,0,0,0,0,0,0,0,19,0,0
122188,1,1,21,4,0,20,11,0,0,0,0,12
122189,1,1,0,0,0,0,0,0,0,0,0,0
122190,1,1,0,0,0,0,0,0,0,0,0,0
122190,2,1,0,0,0,0,0,0,0,0,0,0
122190,3,1,0,0,0,0,0,0,0,0,0,0
122190,4,1,9,0,0,0,0,0,0,0,0,0
122190,5,1,0,0,0,0,0,0,0,0,0,0
122191,1,1,0,0,0,0,0,0,0,0,0,0
122191,2,1,0,0,0,0,0,0,0,0,0,0
122192,1,1,0,0,0,0,0,0,0,0,0,0
122192,2,1,0,0,0,0,0,0,0,0,0,0
122193,1,1,0,0,0,0,0,0,0,0,0,0
122194,1,1,0,0,0,0,0,0,0,0,0,0
122195,1,1,0,0,0,0,0,0,0,0,0,0
122195,2,1,0,0,0,0,0,0,0,0,0,0
122196,0,1,0,0,16,15,39,18,0,0,11,0
122196,1,1,0,0,0,0,0,0,0,28,0,0
122197,1,1,0,0,0,20,0,0,0,14,0,0
122198,0,1,0,0,0,0,0,0,0,0,0,0
122198,1,1,0,0,18,0,14,17,0,0,19,0
122199,1,1,0,0,0,0,0,0,0,0,0,0
122199,2,1,0,0,0,0,0,0,0,0,0,0
122200,1,1,0,0,0,0,0,0,0,0,0,0
122200,2,1,0,0,0,0,0,0,0,0,0,0
122201,1,1,13,13,13,13,13,13,13,13,13,13
122202,1,1,0,0,0,0,0,0,0,0,0,0
122203,1,1,0,0,0,0,0,0,11,0,26,0
122204,0,1,36,36,36,36,36,36,36,36,36,36
122204,1,1,0,0,0,0,0,0,0,0,0,0
122205,1,1,22,22,22,22,22,22,22,22,22,22
122206,0,1,0,0,0,0,0,0,0,0,0,0
122206,1,1,0,0,0,0,0,0,0,0,0,0
122207,0,1,0,0,0,0,16,0,0,0,0,0
122207,1,1,0,0,0,0,0,0,0,0,14,0
122208,1,1,0,0,0,0,0,0,0,14,0,0
122208,2,1,0,0,0,0,0,0,0,0,0,0
122209,1,1,0,0,0,0,0,0,0,0,0,0
122210,1,1,10,10,10,10,10,10,10,10,10,10
122210,2,1,0,0,0,0,0,0,0,0,0,0
122211,1,1,0,0,0,9,0,0,0,0,0,0
122212,0,1,0,0,0,0,0,0,0,0,0,0
122212,1,1,0,0,0,0,0,0,0,0,0,0
122213,1,1,0,0,0,0,0,0,0,0,0,0
122213,2,1,0,0,0,0,0,0,0,0,0,0
122213,3,1,0,0,0,0,0,0,0,0,0,0
122213,4,1,0,0,0,0,0,0,0,0,0,0
122214,1,1,0,0,0,0,0,0,0,0,0,0
122214,2,1,0,0,0,0,0,0,0,0,0,0
122215,1,1,0,0,0,0,0,0,0,0,0,0
122215,2,1,0,0,0,0,0,0,0,0,0,0
122216,1,1,0,0,0,0,0,0,0,0,0,0
122217,1,1,0,0,0,0,0,0,0,0,0,0
122217,2,1,0,0,0,0,0,0,0,0,0,0
122217,3,1,0,0,0,0,0,0,0,0,0,0
122217,4,1,0,0,0,0,0,0,0,0,0,0
122217,5,1,0,0,0,0,0,0,0,0,0,0
122219,0,1,0,0,0,8,0,23,42,0,32,34
122219,1,1,0,0,0,0,0,0,0,0,0,0
122220,1,1,7,11,0,26,0,28,0,5,0,18
122221,1,1,0,0,26,0,0,0,0,0,0,12
122221,2,1,0,0,0,0,0,0,0,0,0,0
122222,1,1,10,0,18,0,0,24,0,17,0,0
122223,1,1,0,0,0,0,0,0,0,0,0,0
122223,2,1,0,0,0,0,0,0,0,0,0,0
122224,0,1,0,0,0,0,0,0,0,0,0,0
122224,1,1,0,0,23,0,0,18,0,0,16,21
122225,1,1,15,14,16,12,20,8,13,24,4,6
122226,1,1,0,0,0,0,0,0,0,0,0,0
122227,1,1,0,0,0,0,0,0,0,0,0,0
122228,1,1,16,16,16,16,16,16,16,16,16,16
122228,2,1,0,0,0,11,0,0,0,0,0,0
122230,0,1,37,0,0,13,0,0,25,37,20,0
122230,1,1,0,0,10,0,0,0,0,0,0,0
122232,1,1,7,7,7,7,7,7,7,7,7,7
122233,0,1,2,2,2,2,2,2,2,2,2,2
122233,1,1,3,3,3,3,3,3,3,3,3,3
122234,0,1,0,0,0,0,0,0,0,39,0,21
122234,1,1,0,0,0,0,0,0,0,0,0,0
122235,0,1,26,26,26,26,26,26,26,26,26,26
122235,1,1,0,0,0,0,0,0,0,0,10,0
122236,1,1,12,11,20,0,0,12,14,8,11,7
122236,2,1,15,2,0,0,0,0,0,0,0,0
122237,1,1,0,0,0,0,0,0,0,0,0,0
122237,2,1,0,0,0,0,0,0,0,0,0,0
122238,0,1,0,0,0,0,0,0,0,0,0,0
122238,1,1,0,0,0,0,0,0,0,0,0,0
122239,0,1,0,0,0,0,0,0,0,0,0,0
122239,1,1,0,0,0,9,0,0,0,0,0,0
122240,1,1,0,0,0,0,0,0,0,0,0,0
122242,1,1,0,0,0,0,0,0,0,0,0,0
122242,2,1,0,0,0,0,0,0,0,0,0,0
122243,0,1,0,0,0,0,0,0,0,0,0,0
122243,1,1,0,0,0,0,0,0,0,0,12,0
122243,2,1,0,0,0,0,0,0,29,0,0,0
122244,1,1,0,0,0,0,0,0,0,0,0,0
122244,2,1,0,0,0,10,0,0,0,0,0,0
122245,1,1,0,0,0,0,0,0,0,0,0,0
122246,1,1,0,0,0,0,0,0,8,0,0,0
122246,2,1,0,0,0,0,0,0,0,0,0,0
122247,1,1,0,0,0,0,0,0,0,0,0,0
122248,1,1,19,19,19,19,19,19,19,19,19,19
122249,1,1,0,0,0,0,0,0,0,0,0,0
122250,1,1,0,0,0,18,0,0,0,0,0,0
122250,2,1,0,0,0,0,0,0,0,0,0,19
122251,1,1,0,9,0,21,0,17,33,0,0,3
122251,2,1,0,0,9,0,0,0,0,10,0,0
122252,0,1,0,0,0,0,0,0,0,0,0,0
122252,1,1,0,0,0,0,0,0,0,0,0,0
122253,1,1,0,0,0,0,0,0,0,0,0,0
122253,2,1,0,0,0,0,0,0,0,0,0,0
122254,1,1,0,0,0,0,0,13,0,0,0,0
122255,1,1,0,0,0,0,0,0,21,0,0,0
122255,2,1,0,0,0,0,0,32,0,0,0,0
122257,1,1,0,0,0,0,0,0,0,0,0,0
122257,2,1,0,0,0,0,0,0,0,0,0,0
122258,1,1,0,20,0,0,0,0,0,0,0,0
122258,2,1,8,8,8,8,8,8,8,8,8,8
122259,0,1,0,0,0,0,0,0,0,0,0,0
122259,1,1,0,0,0,0,0,0,0,0,0,0
122260,1,1,15,0,7,15,6,19,19,11,17,14
122262,0,1,0,0,0,0,0,0,0,0,0,0
122262,1,1,0,0,0,14,0,22,13,18,0,0
122264,1,1,0,0,0,0,0,0,0,0,0,0
122264,2,1,0,0,0,0,0,0,0,0,0,0
122265,0,1,0,0,0,0,0,16,0,0,0,0
122265,1,1,0,18,0,11,0,15,0,13,0,0
122265,2,1,0,22,0,30,18,20,22,17,0,0
122267,1,1,0,0,0,0,0,0,0,0,0,0
122267,2,1,0,0,0,0,0,0,0,0,0,0
122267,3,1,0,0,0,0,0,0,0,0,0,0
122268,1,1,0,0,0,0,0,0,0,0,0,0
122268,2,1,0,0,0,0,0,0,0,0,0,0
122269,1,1,0,0,0,0,0,0,0,0,0,0
122269,2,1,0,0,0,0,0,0,0,0,0,0
122269,3,1,0,0,0,0,0,0,0,0,0,0
122269,4,1,0,0,0,0,0,0,0,0,0,0
122269,5,1,0,0,0,0,0,0,0,0,0,0
122270,0,1,14,14,14,14,14,14,14,14,14,14
122270,1,1,9,13,12,33,0,0,17,0,19,0
122271,1,1,0,0,0,0,0,0,0,0,0,0
122271,2,1,0,0,0,0,0,0,0,0,0,0
122272,1,1,0,0,0,0,0,0,0,0,0,0
122272,2,1,0,0,0,5,0,0,0,0,0,0
122273,1,1,0,0,0,0,0,0,0,0,0,0
122273,2,1,0,0,0,0,0,0,0,0,0,0
122274,1,1,0,9,0,0,15,0,0,19,0,23
122275,1,1,0,0,0,0,0,0,0,0,0,0
122276,1,1,24,24,24,24,24,24,24,24,24,24
122277,1,1,0,0,0,0,0,0,0,0,0,0
122278,1,1,26,26,26,26,26,26,26,26,26,26
122279,1,1,0,0,0,0,0,0,0,0,0,0
122280,1,1,7,7,7,7,7,7,7,7,7,7
122281,0,1,0,0,0,0,0,0,0,0,0,0
122281,1,1,0,0,0,0,0,0,0,0,0,0
122282,1,1,0,0,0,0,0,0,0,0,0,0
122283,1,1,0,0,0,0,0,0,0,0,0,0
122283,2,1,0,0,0,0,0,0,0,0,0,0
122285,1,1,0,0,0,0,0,0,0,22,0,0
122285,2,1,0,0,0,0,0,0,0,0,0,0
122285,3,1,0,0,0,0,0,0,0,0,0,0
122286,1,1,0,0,0,0,0,0,0,0,0,0
122286,2,1,0,0,0,0,0,0,0,0,0,0
122287,0,1,22,0,0,0,0,0,0,0,0,0
122287,1,1,0,8,20,0,0,15,0,0,0,0
122287,2,1,0,0,0,0,0,0,0,0,10,0
122287,3,1,0,0,0,0,0,0,0,0,0,0
122288,1,1,21,21,21,21,21,21,21,21,21,21
122289,1,1,28,28,28,28,28,28,28,28,28,28
122290,1,1,0,0,0,0,0,0,0,0,0,0
122290,2,1,0,0,0,0,0,0,0,0,0,0
122291,0,1,34,27,36,7,28,19,9,31,12,10
122291,1,1,0,10,0,0,0,0,0,0,0,0
122291,2,1,0,0,11,0,0,0,0,0,0,0
122292,1,1,18,18,18,18,18,18,18,18,18,18
122293,1,1,16,16,16,16,16,16,16,16,16,16
122293,2,1,0,0,0,0,0,0,0,0,0,0
122294,1,1,17,0,11,0,0,0,0,8,0,14
122294,2,1,0,0,0,0,0,0,0,0,0,0
122295,1,1,0,0,17,1,18,11,10,0,0,0
122295,2,1,0,0,0,0,0,0,0,0,0,0
122295,3,1,0,0,0,0,0,0,14,0,15,0
122296,0,1,0,0,0,45,0,0,0,0,0,0
122296,1,1,6,13,0,0,0,12,0,0,0,0
122297,1,1,0,0,0,0,0,0,0,0,0,0
122297,2,1,0,0,0,0,0,0,0,0,0,0
122298,1,1,0,0,0,0,0,0,0,0,0,0
122298,2,1,0,0,0,0,0,0,0,0,0,0
122299,0,1,0,0,0,0,0,0,0,0,0,0
122299,1,1,0,0,0,14,0,0,0,0,23,0
122300,0,1,35,28,25,0,0,15,0,0,17,36
122300,1,1,0,28,0,0,0,0,10,0,0,0
122300,2,1,0,0,0,0,0,0,0,0,0,0
122301,1,1,53,53,53,53,53,53,53,53,53,53
122301,2,1,20,20,20,20,20,20,20,20,20,20
122301,3,1,27,0,0,0,0,0,0,0,0,0
122302,1,1,0,0,0,0,0,0,0,0,0,0
122302,2,1,9,9,9,9,9,9,9,9,9,9
122303,0,1,0,0,0,0,0,0,0,0,0,0
122303,1,1,0,0,0,0,0,0,0,0,0,0
122304,1,1,0,0,0,0,0,0,0,0,0,0
122304,2,1,0,0,0,22,0,0,21,0,0,0
122305,0,1,0,0,0,0,0,0,0,0,0,0
122305,1,1,32,13,0,0,40,0,19,12,0,0
122306,0,1,0,0,0,0,0,0,0,0,0,0
122306,1,1,0,0,0,0,0,0,0,0,0,0
122307,1,1,18,18,18,18,18,18,18,18,18,18
122308,1,1,2,2,2,2,2,2,2,2,2,2
122308,2,1,0,0,0,0,0,0,0,0,0,0
122309,1,1,0,0,0,0,0,0,0,0,0,0
122309,2,1,0,0,0,0,0,0,0,0,0,0
122311,0,1,16,16,16,16,16,16,16,16,16,16
122311,1,1,0,0,0,13,0,0,0,0,0,0
122312,1,1,0,0,0,0,0,0,0,0,0,0
122312,2,1,0,0,0,0,0,0,0,0,21,0
122314,1,1,0,0,0,0,0,0,20,0,0,0
122315,1,1,0,0,0,0,0,0,0,0,0,0
122315,2,1,0,0,15,0,0,0,0,0,0,0
122316,1,1,21,0,20,0,6,0,9,18,28,0
122317,1,1,0,0,0,0,0,0,0,0,0,0
122317,2,1,0,0,0,0,0,0,0,0,0,0
122318,0,1,0,0,17,0,0,0,0,12,0,0
122318,1,1,0,0,0,11,0,11,0,0,0,0
122319,0,1,0,0,0,0,0,0,0,0,0,0
122319,1,1,7,0,15,19,13,0,0,10,0,2
122320,0,1,18,18,18,18,18,18,18,18,18,18
122320,1,1,0,0,0,0,0,0,0,0,0,0
122321,1,1,0,13,24,0,14,7,0,18,3,23
122322,0,1,0,0,0,0,0,0,0,0,0,0
122322,1,1,17,0,0,0,0,0,0,0,0,0
122323,1,1,0,0,0,0,0,0,0,0,0,0
122323,2,1,0,0,0,6,0,34,0,0,0,0
122324,0,1,9,9,9,9,9,9,9,9,9,9
122324,1,1,0,11,0,0,0,0,0,0,0,0
122326,1,1,0,0,0,0,0,0,4,12,0,0
122327,1,1,0,0,12,0,0,0,0,0,7,0
122327,2,1,0,0,0,13,0,0,9,0,0,0
122328,1,1,0,0,0,0,0,0,0,0,0,0
122329,0,1,0,29,0,19,12,0,19,18,21,16
122329,1,1,0,0,0,0,0,0,0,0,0,0
122330,1,1,19,19,19,19,19,19,19,19,19,19
122331,0,1,0,26,0,16,0,0,0,25,29,28
122331,1,1,0,0,0,0,0,0,0,14,0,0
122332,1,1,0,0,0,0,0,0,0,0,0,0
122332,2,1,0,0,0,0,0,0,0,0,0,12
122334,0,1,0,0,0,0,0,0,0,0,0,0
122334,1,1,0,0,0,0,0,0,0,0,0,0
122335,0,1,0,0,0,0,0,0,0,0,0,0
122335,1,1,0,0,0,0,0,0,0,0,0,0
122336,1,1,0,0,0,0,0,0,0,0,0,0
122336,2,1,0,0,0,0,0,0,0,0,0,0
122337,1,1,0,0,0,0,0,0,0,0,0,0
122337,2,1,5,5,5,5,5,5,5,5,5,5
122338,1,1,0,0,0,0,0,18,14,0,0,12
122338,2,1,0,0,0,0,0,4,0,0,0,0
122339,1,1,0,22,0,0,0,0,0,2,0,0
122339,2,1,0,0,0,0,0,0,0,0,0,0
122340,0,1,0,0,0,0,0,0,0,0,0,0
122340,1,1,0,0,0,0,0,0,0,0,0,0
122341,0,1,0,0,0,15,0,0,0,0,0,0
122341,1,1,0,0,0,0,0,0,0,0,0,0
122342,1,1,0,0,0,0,0,0,0,0,0,0
122342,2,1,0,0,0,0,0,0,9,0,0,0
122344,1,1,26,26,26,26,26,26,26,26,26,26
122345,1,1,21,21,21,21,21,21,21,21,21,21
122346,1,1,0,0,0,0,0,0,0,0,0,0
122346,2,1,0,0,0,0,0,0,0,0,0,0
122347,0,1,0,0,0,0,0,0,0,0,0,0
122347,1,1,0,0,0,0,0,0,0,0,0,0
122348,0,1,0,0,0,43,0,0,0,0,16,0
122348,0,2,15,0,27,22,0,11,0,13,0,0
122348,1,1,0,0,0,0,0,0,33,0,0,0
122349,0,1,20,20,20,20,20,20,20,20,20,20
122349,1,1,0,26,0,0,0,0,0,0,21,0