ST_CASE,VEH_NO,PER_NO,P1,P2,P3,P4,P5,P6,P7,P8,P9,P10
122655,0,1,0,0,0,19,0,27,0,0,0,0
122655,1,1,0,0,0,0,0,0,0,0,0,0
122656,0,1,23,23,23,23,23,23,23,23,23,23
122656,1,1,0,0,0,0,0,0,0,0,0,0
122657,1,1,0,0,0,0,0,0,0,0,0,0
122657,2,1,0,0,0,0,0,0,0,0,0,0
122658,1,1,0,0,0,0,0,0,0,0,0,0
122659,1,1,10,10,10,10,10,10,10,10,10,10
122659,2,1,0,0,0,15,0,0,0,0,0,0
122660,1,1,10,10,10,10,10,10,10,10,10,10
122660,2,1,0,0,0,0,0,0,0,0,0,0
122661,0,1,0,14,0,0,0,0,0,0,0,0
122661,0,2,0,0,0,0,0,0,0,0,0,0
122661,1,1,0,0,0,0,0,0,0,0,0,0
122662,0,1,0,0,0,0,0,0,0,0,0,0
122662,1,1,0,0,0,0,0,0,0,0,0,0
122663,1,1,0,0,0,0,0,0,0,0,0,0
122663,2,1,0,0,0,0,0,0,0,0,0,0
122664,0,1,7,0,0,0,9,0,3,0,20,0
122664,1,1,0,0,0,0,0,0,0,0,0,0
122665,1,1,25,0,12,0,6,0,0,0,0,7
122666,1,1,17,0,19,21,11,0,3,0,8,30
122666,2,1,0,0,0,0,16,0,7,0,0,0
122668,1,1,0,0,0,0,0,0,0,0,0,0
122668,2,1,0,0,0,0,0,0,0,0,0,0
122669,0,1,0,0,0,0,14,23,0,0,0,14
122669,1,1,0,0,0,0,0,0,0,0,0,0
122671,1,1,0,0,0,0,0,0,0,5,0,0
122671,2,1,0,0,0,0,0,0,0,0,0,0
122672,1,1,0,0,0,0,0,0,0,0,0,0
122672,2,1,17,0,0,0,0,0,0,0,0,0
122673,1,1,0,0,0,0,0,11,0,0,0,0
122673,2,1,0,0,0,0,0,0,0,0,0,0
122674,1,1,0,0,0,0,0,0,0,0,0,0
122674,2,1,0,0,0,0,0,0,0,0,0,0
122675,1,1,16,16,16,16,16,16,16,16,16,16
122676,1,1,0,0,0,0,0,0,0,0,0,0
122677,0,1,0,0,0,0,0,0,0,0,0,0
122677,1,1,0,0,0,0,0,0,0,0,0,0
122678,0,1,0,0,0,0,0,0,0,0,0,0
122678,0,2,0,0,0,0,0,0,0,0,0,0
122678,1,1,0,0,0,0,0,0,0,0,0,0
122679,1,1,23,23,23,23,23,23,23,23,23,23
122679,2,1,19,22,15,0,0,0,0,0,0,0
122680,1,1,3,3,3,3,3,3,3,3,3,3
122680,2,1,0,0,0,0,0,0,0,0,0,0
122681,1,1,2,2,2,2,2,2,2,2,2,2
122681,2,1,0,0,0,0,0,0,0,0,0,0
122682,1,1,0,0,0,0,0,0,0,0,0,0
122682,2,1,0,0,0,0,0,0,0,0,0,0
122683,1,1,0,0,0,0,0,0,0,0,0,0
122683,2,1,0,0,0,0,0,16,0,0,0,0
122684,0,1,0,0,0,0,0,0,0,0,0,0
122684,1,1,0,0,0,0,0,0,0,0,0,0
122685,1,1,0,0,0,0,0,0,0,0,0,0
122685,2,1,0,0,0,0,0,0,0,0,0,0
122686,1,1,0,0,0,0,0,0,0,0,0,0
122686,2,1,0,0,0,0,0,0,0,0,0,0
122687,0,1,0,0,0,0,0,0,0,0,0,0
122687,1,1,21,21,0,0,0,0,0,0,0,0
122688,1,1,0,29,0,8,14,28,0,28,0,0
122690,0,1,17,13,15,14,32,17,19,23,16,38
122690,1,1,29,0,0,0,0,0,0,0,0,0
122691,0,1,0,0,0,24,0,0,0,26,0,0
122691,1,1,23,13,9,0,0,0,0,6,0,0
122691,2,1,0,15,0,0,0,0,0,0,0,0
122693,0,1,0,0,0,0,0,0,0,0,0,0
122693,1,1,0,0,0,0,0,0,0,0,0,0
122694,1,1,0,17,0,0,0,0,0,0,14,13
122694,2,1,0,0,0,16,0,0,0,11,0,11
122695,1,1,0,0,0,0,0,0,17,0,0,0
122695,2,1,0,0,0,0,0,0,0,0,0,0
122695,3,1,0,0,0,0,0,0,0,0,0,0
122695,4,1,0,0,0,0,0,0,0,0,0,0
122696,1,1,0,0,0,0,0,0,0,18,0,31
122696,2,1,0,0,0,0,0,0,11,0,0,0
122697,1,1,0,6,0,0,0,0,0,0,0,0
122697,2,1,0,0,0,0,21,0,0,0,11,0
122698,1,1,0,0,0,0,0,0,0,0,0,0
122699,1,1,0,0,0,0,3,0,0,8,0,0
122700,1,1,23,23,23,23,23,23,23,23,23,23
122701,1,1,25,25,25,25,25,25,25,25,25,25
122702,1,1,0,0,0,0,0,0,0,0,0,21
122702,2,1,0,0,0,0,0,0,0,0,0,0
122703,0,1,0,0,0,0,0,0,0,0,0,0
122703,1,1,0,0,0,0,0,0,0,0,0,0
122703,2,1,0,0,0,0,0,0,0,0,0,0
122704,0,1,15,15,15,15,15,15,15,15,15,15
122704,1,1,13,0,34,0,0,32,0,0,22,0
122705,1,1,0,0,0,0,0,0,8,0,0,0
122706,1,1,18,18,18,18,18,18,18,18,18,18
122707,0,1,0,0,0,0,0,0,0,0,0,0
122707,1,1,0,0,0,0,0,0,0,0,0,0
122708,1,1,0,18,23,0,0,29,0,0,0,0
122709,0,1,27,0,18,9,0,0,0,17,0,28
122709,1,1,0,0,0,0,0,0,0,0,0,0
122710,0,1,0,0,0,0,0,0,0,0,0,0
122710,1,1,0,0,0,0,0,0,13,0,0,0
122711,1,1,0,0,0,0,0,0,0,0,0,0
122711,2,1,0,0,0,0,0,0,0,0,0,0
122712,1,1,0,0,10,0,0,0,0,0,0,0
122713,0,1,34,0,0,0,0,0,0,0,0,0
122713,0,2,0,0,0,0,0,0,0,0,0,15
122713,0,3,0,29,0,0,0,16,18,0,5,30
122713,1,1,0,0,0,0,0,0,0,0,0,0
122713,2,1,0,0,0,0,0,0,0,0,0,0
122715,1,1,0,0,0,0,0,0,0,0,0,0
122715,2,1,0,0,0,0,0,0,0,0,0,0
122716,1,1,0,0,0,0,0,0,0,0,0,0
122717,0,1,0,0,0,0,0,0,0,0,0,0
122717,1,1,0,0,0,0,0,0,0,0,0,0
122718,1,1,0,0,0,0,0,0,0,0,0,6
122718,2,1,0,0,0,0,0,0,0,0,0,0
122719,1,1,10,10,10,10,10,10,10,10,10,10
122720,1,1,0,0,0,0,0,0,0,0,0,0
122720,2,1,0,0,0,0,0,0,0,0,0,0
122721,1,1,0,0,0,0,0,0,0,0,0,0
122722,0,1,0,15,17,0,0,0,0,0,16,0
122722,1,1,0,0,0,0,0,0,0,0,0,0
122723,0,1,0,0,0,0,0,0,0,0,0,0
122723,1,1,0,0,22,0,0,0,0,0,29,0
122724,0,1,16,30,6,0,33,0,36,29,0,0
122724,1,1,0,17,0,0,0,0,0,0,0,4
122725,0,1,0,17,0,0,0,0,29,0,0,38
122725,1,1,0,0,0,0,13,0,0,0,0,0
122728,1,1,0,0,0,0,0,0,0,0,0,0
122729,1,1,20,20,20,20,20,20,20,20,20,20
122730,1,1,0,0,0,0,0,0,0,0,0,0
122731,1,1,0,0,21,0,0,0,0,0,0,9
122732,1,1,0,0,0,0,0,0,0,0,0,0
122733,1,1,0,0,0,0,0,0,0,0,0,0
122733,2,1,0,0,0,0,0,0,0,0,0,0
122734,1,1,0,0,0,0,0,0,0,0,0,0
122735,1,1,0,12,0,0,7,0,0,0,0,0
122735,2,1,0,0,0,0,26,15,0,14,0,0
122735,3,1,19,0,0,0,0,0,0,0,0,0
122736,1,1,2,2,2,2,2,2,2,2,2,2
122737,1,1,4,4,4,4,4,4,4,4,4,4
122738,0,1,0,0,0,0,0,0,0,0,0,0
122738,1,1,0,0,0,0,0,0,0,0,0,0
122739,1,1,0,0,0,0,0,0,0,0,0,0
122739,2,1,0,0,0,0,0,0,0,0,0,0
122740,1,1,0,0,0,0,0,0,0,0,0,0
122740,2,1,0,0,0,0,0,0,0,0,0,0
122740,3,1,0,0,0,0,0,0,0,0,0,0
122741,1,1,12,12,12,12,12,12,12,12,12,12
122742,1,1,0,0,0,0,0,0,0,0,0,0
122742,2,1,0,0,0,0,0,0,0,0,0,0
122743,0,1,0,19,0,0,0,0,0,0,21,0
122743,2,1,0,0,0,0,0,0,0,0,0,0
122744,1,1,0,0,0,0,0,0,0,0,0,0
122745,1,1,0,0,0,0,0,0,0,0,0,0
122745,2,1,0,0,0,0,0,0,0,0,0,0
122746,0,1,0,0,0,0,0,0,0,0,0,0
122746,0,2,12,0,0,0,0,0,0,0,0,0
122746,1,1,0,0,0,0,0,9,0,0,0,0
122747,0,1,10,21,15,35,21,12,30,17,23,15
122747,1,1,0,0,0,18,0,0,0,0,0,16
122748,1,1,8,8,8,8,8,8,8,8,8,8
122749,1,1,0,0,0,0,0,0,0,0,0,0
122749,2,1,0,0,0,0,0,0,0,0,0,0
122749,3,1,0,0,0,0,0,0,0,0,0,0
122750,1,1,18,18,18,18,18,18,18,18,18,18
122750,2,1,0,0,0,0,0,0,0,0,0,0
122751,1,1,0,0,0,0,0,0,0,0,0,0
122751,2,1,0,0,5,0,0,0,0,0,0,0
122752,1,1,0,0,0,0,0,0,0,0,0,0
122752,2,1,0,0,0,0,0,0,0,0,0,0
122752,3,1,0,0,0,0,0,0,0,0,0,0
122752,4,1,0,0,0,0,0,0,0,0,0,0
122752,5,1,0,0,0,0,0,0,0,0,0,0
122753,0,1,13,21,14,22,3,11,26,24,14,21
122753,1,1,0,22,0,0,0,0,0,0,0,0
122754,1,1,14,14,14,14,14,14,14,14,14,14
122755,1,1,0,0,0,0,0,0,0,0,0,0
122755,2,1,0,0,0,0,0,0,0,0,0,0
122756,1,1,0,0,0,0,0,0,0,0,0,0
122757,1,1,9,9,9,9,9,9,9,9,9,9
122758,0,1,0,0,19,0,4,24,18,0,0,0
122758,0,2,0,0,0,0,0,0,0,0,0,0
122758,1,1,0,0,0,0,0,0,0,0,0,0
122759,1,1,0,0,0,0,0,0,0,0,0,0
122759,2,1,0,0,0,0,0,0,0,0,0,0
122759,3,1,0,0,0,0,0,0,0,0,0,0
122760,0,1,0,0,0,0,0,0,0,0,0,0
122760,1,1,0,0,0,0,0,0,0,0,0,0
122761,1,1,0,0,0,0,0,0,0,0,0,0
122761,2,1,0,19,0,0,0,0,0,0,0,0
122762,1,1,0,0,0,0,0,0,0,0,0,0
122762,2,1,0,0,0,0,0,0,0,0,0,0
122762,3,1,33,0,17,0,0,0,0,0,0,0
122762,4,1,0,0,12,0,0,0,0,0,0,0
122763,0,1,0,0,0,0,0,0,0,0,0,0
122763,1,1,0,0,0,0,0,0,0,0,0,0
122764,1,1,0,0,0,0,0,0,0,0,0,0
122764,2,1,40,19,0,22,0,4,22,12,16,0
122765,1,1,23,23,23,23,23,23,23,23,23,23
122766,1,1,0,0,0,0,0,0,0,0,0,0
122766,2,1,0,0,0,0,0,0,0,0,0,0
122767,1,1,8,8,8,8,8,8,8,8,8,8
122767,2,1,0,0,0,0,0,0,0,0,0,0
122768,1,1,0,2,26,0,0,0,0,9,0,0
122768,2,1,0,0,0,0,0,0,0,0,0,0
122769,0,1,0,0,0,0,0,0,0,0,0,0
122769,1,1,0,0,0,0,0,0,0,0,0,0
122770,1,1,10,10,10,10,10,10,10,10,10,10
122771,1,1,0,0,0,0,0,0,0,0,0,0
122771,2,1,0,0,0,0,0,0,0,0,0,0
122772,1,1,0,0,0,18,0,0,2,0,0,0
122772,2,1,0,0,0,0,31,0,0,0,0,0
122772,3,1,0,0,0,0,0,0,0,0,0,0
122773,0,1,51,0,0,0,0,0,0,0,0,0
122773,1,1,0,0,0,0,0,0,0,0,0,0
122774,1,1,0,0,0,0,0,0,0,0,0,0
122775,0,1,0,0,0,0,0,0,0,11,0,0
122775,1,1,0,0,0,0,0,0,13,0,0,0
122776,1,1,0,0,0,0,0,0,0,25,0,0
122776,2,1,0,0,0,0,0,0,0,0,0,0
122778,1,1,0,0,0,12,0,0,6,28,0,0
122779,1,1,12,7,0,12,10,4,0,0,0,0
122779,2,1,0,0,0,0,0,0,0,0,0,0
122780,1,1,0,0,0,0,0,0,0,0,0,0
122780,2,1,0,0,0,0,0,0,0,0,0,0
122781,1,1,0,0,0,0,0,0,0,0,0,0
122781,2,1,0,17,0,0,0,0,0,0,0,0
122782,0,1,12,12,12,12,12,12,12,12,12,12
122782,1,1,0,0,0,0,0,0,0,0,0,0
122783,1,1,0,0,0,0,0,0,0,0,0,0
122783,2,1,0,0,0,0,0,0,0,0,0,0
122783,3,1,0,0,0,0,0,0,0,0,0,0
122783,4,1,0,0,0,0,0,0,0,0,0,0
122784,1,1,0,0,0,10,0,18,0,0,0,16
122786,1,1,0,0,0,0,0,0,0,0,0,0
122786,2,1,0,0,0,6,0,0,11,0,15,0
122786,3,1,0,0,0,0,0,0,9,0,0,0
122787,1,1,12,0,0,0,0,0,0,0,0,0
122787,2,1,0,0,0,0,5,0,0,0,0,0
122788,1,1,33,6,6,21,26,3,14,8,15,22
122788,2,1,0,0,0,0,0,0,0,0,0,0
122789,1,1,0,9,10,0,4,0,11,0,0,0
122789,2,1,12,12,12,12,12,12,12,12,12,12
122790,1,1,12,0,19,0,0,0,17,0,19,0
122792,1,1,13,13,13,13,13,13,13,13,13,13
122793,0,1,0,0,0,0,17,0,0,0,20,0
122793,1,1,0,0,0,14,0,33,0,0,18,0
122794,1,1,0,0,0,0,0,0,0,0,0,0
122794,2,1,0,0,0,0,0,0,0,0,0,0
122795,0,1,0,0,0,0,0,0,0,0,0,0
122795,1,1,0,0,0,0,0,0,0,0,0,0
122796,0,1,0,0,0,21,0,0,0,0,0,12
122796,1,1,0,0,0,22,0,0,0,0,0,0
122797,1,1,0,0,0,0,0,0,0,0,0,0
122797,2,1,0,0,0,0,0,0,0,0,0,0
122799,0,1,14,0,0,19,24,28,19,0,14,0
122799,1,1,9,0,0,0,6,0,0,0,0,0
122800,1,1,0,0,0,0,0,0,0,0,0,0
122800,2,1,0,0,0,0,0,0,0,0,0,0
122801,1,1,0,0,0,0,0,0,0,0,0,0
122801,2,1,0,0,0,0,0,0,0,0,0,0
122802,1,1,24,24,24,24,24,24,24,24,24,24
122803,1,1,21,21,21,21,21,21,21,21,21,21
122803,2,1,0,0,0,38,0,0,0,0,0,0
122804,1,1,19,19,19,19,19,19,19,19,19,19
122805,0,1,16,16,16,16,16,16,16,16,16,16
122805,1,1,0,0,0,0,0,0,0,0,0,0
122806,1,1,0,0,0,0,0,0,0,0,0,0
122807,1,1,0,0,15,0,19,15,19,58,0,0
122808,0,1,0,0,8,0,0,9,0,0,0,24
122808,1,1,0,0,0,0,0,0,0,0,10,0
122809,1,1,0,0,0,0,0,0,0,0,0,0
122809,2,1,0,0,0,7,0,0,0,0,0,0
122810,1,1,0,0,0,0,0,0,0,0,0,11
122810,2,1,0,0,0,0,0,0,0,0,0,0
122811,1,1,0,0,0,0,0,0,0,0,0,0
122811,2,1,0,0,0,0,0,0,0,0,0,0
122812,1,1,18,18,18,18,18,18,18,18,18,18
122813,1,1,0,0,0,0,0,0,0,0,0,0
122813,2,1,3,3,3,3,3,3,3,3,3,3
122814,0,1,0,0,0,0,0,0,0,0,0,0
122814,1,1,0,0,0,0,0,0,0,0,0,0
122815,1,1,0,0,0,0,0,0,0,0,0,0
122815,2,1,0,18,0,0,0,0,18,0,0,0
122816,0,1,32,32,32,32,32,32,32,32,32,32
122816,1,1,0,0,0,0,0,0,0,0,0,0
122817,0,1,0,0,0,0,0,0,0,0,0,0
122817,1,1,0,0,0,0,0,0,0,0,0,0
122819,0,1,0,0,0,0,0,12,0,0,0,0
122819,1,1,0,3,0,0,16,0,10,0,4,0
122820,1,1,0,0,0,0,0,0,0,0,0,0
122821,1,1,0,15,11,0,16,23,0,9,5,16
122823,0,1,0,0,0,0,0,0,0,0,0,0
122823,1,1,0,0,0,0,0,0,0,0,0,0
122824,0,1,30,24,0,0,0,0,0,0,44,0
122824,1,1,0,0,16,0,0,0,0,0,0,0
122825,1,1,0,0,0,0,0,0,0,0,0,0
122825,2,1,0,0,0,0,0,0,0,0,0,0
122826,1,1,12,12,12,12,12,12,12,12,12,12
122826,2,1,0,0,0,0,0,0,0,0,0,0
122827,1,1,2,2,2,2,2,2,2,2,2,2
122828,1,1,18,18,18,18,18,18,18,18,18,18
122829,1,1,28,28,28,28,28,28,28,28,28,28
122831,1,1,0,0,0,0,0,0,0,0,0,0
122831,2,1,0,0,0,0,0,0,0,0,0,0
122831,3,1,0,0,0,0,0,0,0,0,0,0
122831,4,1,0,0,0,0,0,0,0,0,0,0
122831,5,1,0,0,0,7,0,0,0,0,0,0
122831,6,1,0,0,0,0,0,0,0,0,0,0
122832,0,1,0,0,0,0,0,0,0,0,0,0
122832,1,1,11,0,5,16,11,9,16,14,24,20
122833,1,1,15,35,17,18,16,7,14,20,14,17
122834,1,1,0,0,0,0,0,0,0,0,0,0
122834,2,1,0,0,0,0,0,0,0,0,25,0
122834,3,1,0,0,0,0,10,0,0,0,16,0
122835,0,1,0,0,0,0,0,0,0,0,0,0
122836,1,1,0,0,0,0,0,0,0,0,0,0
122836,2,1,0,0,0,0,0,0,0,0,0,0
122837,1,1,0,0,0,0,0,0,0,0,0,0
122837,2,1,4,0,0,0,4,0,0,0,4,0
122839,1,1,0,0,0,0,0,0,0,0,0,0
122839,2,1,0,0,0,0,0,27,0,0,0,0
122839,3,1,0,0,0,0,0,0,0,0,0,0
122840,1,1,0,9,0,0,0,0,0,15,0,0
122841,1,1,0,21,0,0,11,0,0,4,0,0
122841,2,1,0,0,0,8,0,0,0,19,0,0
122842,1,1,0,0,0,0,0,0,0,0,0,0
122843,0,1,0,0,0,0,10,33,0,0,0,0
122843,1,1,0,0,0,0,0,0,0,0,0,0
122843,2,1,0,0,17,0,0,0,0,0,0,0
122844,0,1,24,24,24,24,24,24,24,24,24,24
122844,1,1,0,0,0,0,24,0,0,0,27,0
122845,1,1,26,0,0,16,0,0,17,34,11,0
122846,1,1,10,10,10,10,10,10,10,10,10,10
122847,1,1,0,0,0,0,0,0,0,13,0,0
122847,2,1,20,0,0,12,0,0,10,0,27,0
122848,1,1,0,0,0,0,0,0,0,0,0,0
122848,2,1,0,0,0,0,0,0,0,0,0,0
122849,1,1,24,24,24,24,24,24,24,24,24,24
122849,2,1,0,0,0,0,0,0,0,0,0,0
122850,1,1,0,28,0,0,22,0,0,0,0,0
122850,2,1,0,0,0,0,10,0,0,0,0,0
122851,1,1,3,3,3,3,3,3,3,3,3,3
122851,2,1,0,0,0,0,22,0,0,0,9,0
122851,3,1,0,0,0,0,0,0,0,0,0,0
122852,1,1,13,13,13,13,13,13,13,13,13,13
122852,2,1,0,0,0,27,0,0,0,0,0,0
122853,0,1,0,23,36,19,27,0,8,0,0,0
122853,1,1,28,18,20,0,0,15,0,0,26,0
122854,1,1,0,0,0,0,0,0,0,0,0,0
122854,2,1,0,0,0,0,0,0,0,0,0,0
122855,1,1,13,15,10,21,43,0,26,0,10,0
122855,2,1,7,0,0,0,0,0,13,0,0,0
122856,0,1,0,0,0,0,0,0,0,0,0,0
122856,1,1,0,0,0,0,0,8,0,0,0,0
122857,1,1,18,18,18,18,18,18,18,18,18,18
122858,1,1,3,3,3,3,3,3,3,3,3,3
122858,2,1,0,0,0,0,0,0,0,0,0,0
122859,1,1,0,0,0,14,17,0,0,0,0,30
122860,1,1,0,0,0,0,0,0,0,0,0,0
122862,0,1,0,0,0,0,0,0,0,0,0,0
122862,1,1,0,0,0,0,0,0,0,0,0,0
122863,1,1,8,8,8,8,8,8,8,8,8,8
122863,2,1,0,0,0,0,0,0,0,0,0,0
122864,1,1,24,24,24,24,24,24,24,24,24,24
122864,2,1,0,0,0,0,0,0,0,0,0,0
122864,3,1,0,4,0,0,0,0,0,0,0,0
122864,4,1,0,0,0,0,0,20,0,0,0,0
122865,0,1,0,0,0,0,0,0,0,0,11,0
122865,1,1,0,0,0,0,0,0,0,0,0,0
122866,0,1,0,0,0,0,0,0,0,0,0,0
122866,1,1,0,0,0,0,0,0,0,0,0,0
122867,1,1,0,0,0,0,0,0,0,0,0,0
122869,1,1,23,15,19,24,20,18,16,7,15,19
122871,1,1,0,0,0,0,0,0,0,0,0,0
122871,2,1,0,0,0,0,0,0,0,0,0,0
122872,1,1,0,15,0,14,0,14,20,14,7,6
122872,2,1,0,0,0,0,0,0,0,0,0,0
122873,1,1,0,0,0,0,0,0,0,0,0,0
122873,2,1,0,0,0,0,0,0,0,0,0,0
122874,0,1,0,0,0,0,0,0,0,0,0,0
122874,1,1,20,5,10,0,3,10,20,7,17,17
122874,2,1,4,0,0,0,16,0,0,0,31,0
122875,0,1,0,0,0,0,0,0,0,0,0,0
122875,1,1,0,0,0,0,0,0,0,0,0,0
122876,1,1,0,0,0,0,0,0,0,0,0,0
122876,2,1,0,0,0,0,0,0,0,0,9,0
122876,3,1,0,0,0,24,0,0,0,0,0,0
122877,1,1,17,17,17,17,17,17,17,17,17,17
122878,1,1,0,0,0,0,0,14,0,0,0,24
122879,1,1,0,0,0,0,0,0,0,0,0,0
122879,2,1,0,0,0,0,0,0,0,0,0,0
122880,1,1,23,23,23,23,23,23,23,23,23,23
122880,2,1,0,0,11,0,0,0,0,0,0,0
122881,1,1,0,0,0,0,0,0,0,0,0,0
122881,2,1,0,0,0,0,6,0,0,0,0,0
122882,1,1,0,0,0,0,0,0,0,0,0,0
122882,2,1,0,0,0,0,0,0,0,0,0,0
122883,1,1,6,27,0,14,0,23,12,11,0,22
122883,2,1,0,0,0,0,0,18,0,0,0,0
122885,1,1,0,0,0,0,0,0,0,0,0,0
122886,1,1,16,16,16,16,16,16,16,16,16,16
122887,1,1,0,0,0,0,0,0,0,0,0,0
122887,2,1,0,0,0,0,0,0,14,0,0,0
122888,1,1,0,0,0,0,0,0,0,0,0,0
122888,2,1,0,0,0,0,0,0,0,0,0,0
122889,0,1,13,13,13,13,13,13,13,13,13,13
122889,1,1,0,0,0,0,0,0,0,0,0,0
122890,1,1,21,21,21,21,21,21,21,21,21,21
122891,0,1,18,18,18,18,18,18,18,18,18,18
122891,1,1,0,0,0,0,0,0,0,0,0,0
122892,1,1,0,0,0,0,0,0,0,0,0,0
122892,2,1,0,0,0,0,0,0,0,0,0,0
122893,1,1,0,0,0,0,0,0,0,0,0,0
122893,2,1,0,0,0,0,0,0,0,0,0,0
122894,1,1,0,10,0,0,0,0,0,0,0,10
122894,2,1,0,0,0,0,0,0,0,0,9,0
122895,1,1,0,0,0,0,0,0,0,0,0,0
122895,2,1,0,0,0,0,0,0,0,0,0,8
122896,1,1,0,0,0,0,0,0,0,0,0,0
122896,2,1,0,0,0,0,0,0,0,0,0,0
122896,3,1,0,0,0,0,0,0,0,0,0,0
122897,1,1,19,19,19,19,19,19,19,19,19,19
122898,1,1,3,12,8,0,0,0,0,0,28,0
122898,2,1,0,0,0,0,0,0,0,0,0,0
122898,3,1,0,0,0,0,0,0,0,0,0,0
122898,4,1,0,0,0,0,0,0,0,0,0,0
122898,5,1,0,0,0,0,0,0,0,0,0,0
122899,0,1,0,0,0,0,0,0,0,0,0,0
122899,1,1,0,0,0,0,0,0,0,0,0,0
122900,1,1,0,0,0,0,0,0,0,0,0,0
122900,2,1,0,0,0,0,0,0,0,0,0,0
122900,3,1,0,0,0,0,0,0,0,0,0,0
122901,0,1,0,0,0,0,0,0,0,0,0,0
122901,1,1,0,0,0,12,0,0,0,0,0,0
122902,1,1,0,0,0,0,0,0,0,0,0,0
122902,2,1,0,0,0,0,0,0,15,0,0,0
122903,0,1,37,37,37,37,37,37,37,37,37,37
122903,1,1,0,0,0,0,0,0,0,0,0,0
122904,0,1,0,0,0,0,0,0,0,0,0,0
122904,1,1,10,12,0,0,0,0,0,0,0,0
122905,1,1,0,0,0,0,0,0,0,0,0,0
122905,2,1,0,0,0,7,0,0,0,0,0,0
122906,1,1,14,14,14,14,14,14,14,14,14,14
122907,1,1,18,18,18,18,18,18,18,18,18,18
122908,1,1,0,0,0,0,0,0,0,0,0,0
122908,2,1,7,7,7,7,7,7,7,7,7,7
122909,1,1,0,0,0,0,0,0,0,0,0,0
122910,0,1,23,0,0,17,0,0,0,0,0,0
122910,1,1,0,0,0,0,0,0,0,0,0,0
122911,1,1,9,0,0,0,7,0,8,2,0,0
122912,1,1,22,22,22,22,22,22,22,22,22,22
122912,2,1,0,0,2,0,12,0,9,0,11,0
122912,3,1,0,0,0,0,0,0,0,0,0,0
122912,4,1,0,0,0,0,0,0,0,0,0,0
122913,1,1,7,7,7,7,7,7,7,7,7,7
122913,2,1,0,0,0,0,0,0,0,0,0,0
122915,1,1,0,0,0,0,0,0,0,0,0,0
122915,2,1,0,0,0,0,0,0,11,0,0,0
122916,1,1,0,0,0,0,0,0,0,0,0,0
122916,2,1,0,0,0,0,0,0,0,0,0,0
122917,1,1,0,0,0,0,0,0,0,0,0,0
122917,2,1,0,0,0,0,0,0,0,0,0,0
122918,0,1,0,0,0,0,0,0,0,0,0,0
122918,1,1,0,16,0,0,0,0,0,0,0,0
122919,1,1,0,0,0,0,0,0,0,0,0,0
122919,2,1,0,0,0,0,0,0,0,0,0,0
122920,1,1,0,0,0,11,0,19,0,17,0,10
122921,1,1,0,0,0,0,0,0,0,0,0,0
122921,2,1,0,0,17,0,0,0,0,0,0,0
122921,3,1,0,0,10,0,0,0,0,0,0,0
122922,1,1,0,0,0,0,0,0,0,0,0,0
122922,2,1,0,0,0,0,0,0,0,0,0,0
122923,0,1,0,35,0,14,0,0,13,0,23,24
122923,1,1,0,0,0,0,0,0,0,0,19,0
122924,1,1,0,0,0,0,0,0,0,0,0,0
122924,2,1,0,0,0,0,0,0,0,13,0,0
122925,0,1,14,0,22,16,30,0,20,14,0,0
122925,1,1,0,0,0,0,0,0,0,0,0,0
122926,1,1,0,0,0,0,0,0,0,0,0,0
122926,2,1,22,0,0,0,0,0,0,0,0,8
122927,1,1,0,0,0,0,0,0,0,0,0,0
122927,2,1,0,0,0,0,0,0,0,0,0,29
122928,1,1,0,0,0,0,0,0,0,0,0,0
122928,2,1,0,0,0,0,0,0,0,0,0,0
122929,1,1,0,0,0,0,0,0,0,0,0,0
122930,0,1,26,0,0,14,0,0,0,0,0,0
122930,0,2,0,0,0,0,0,0,0,0,0,0
122930,1,1,0,0,0,40,15,0,0,0,0,0
122931,1,1,10,0,11,0,13,0,25,0,0,15
122932,0,1,16,0,14,0,0,0,0,0,0,0
122932,1,1,16,0,0,0,0,0,0,0,0,0
122933,1,1,22,11,0,0,0,0,12,3,0,0
122934,0,1,28,31,17,10,24,0,16,17,18,10
122934,1,1,0,0,0,0,0,0,0,0,0,0
122935,1,1,0,0,0,0,0,0,0,0,0,0
122935,2,1,0,0,0,0,0,0,0,0,0,0
122936,1,1,0,0,0,0,0,5,0,0,0,0
122937,1,1,0,0,0,0,0,0,0,0,0,0
122937,2,1,0,0,0,0,0,0,0,0,0,0
122938,1,1,21,15,0,13,11,0,16,0,12,0
122939,1,1,0,0,0,0,0,0,0,0,0,18
122939,2,1,0,0,0,0,0,0,0,0,0,0
122939,3,1,0,0,0,0,0,0,0,0,0,0
122940,1,1,0,18,25,13,35,10,29,0,20,12
122941,0,1,0,0,0,0,0,0,0,0,0,0
122941,0,2,0,0,0,0,0,0,16,0,0,0
122941,0,3,0,0,0,0,0,0,0,0,0,0
122941,0,4,0,0,0,0,0,0,0,0,0,0
122941,1,1,0,0,0,0,0,0,0,0,0,0
122941,2,1,0,18,0,0,0,0,14,0,0,0
122942,0,1,0,0,0,0,0,0,0,0,0,0
122942,1,1,22,0,16,22,0,3,0,27,0,20
122943,1,1,0,0,0,0,0,0,0,0,0,0
122943,2,1,0,0,0,0,0,0,0,0,0,0
122944,1,1,0,0,0,0,0,0,0,0,0,0