ST_CASE,VEH_NO,PER_NO,P1,P2,P3,P4,P5,P6,P7,P8,P9,P10
122944,2,1,0,0,0,0,0,0,0,0,0,0
122945,1,1,13,0,17,0,0,0,19,0,0,0
122947,1,1,0,0,0,0,0,0,0,0,0,0
122947,2,1,0,0,0,0,0,0,0,0,0,0
122948,1,1,25,25,25,25,25,25,25,25,25,25
122949,1,1,0,0,0,0,0,0,0,0,0,0
122949,2,1,0,0,0,0,0,0,0,0,0,0
122950,0,1,0,10,0,23,16,0,23,0,10,24
122950,1,1,0,0,0,0,0,0,0,0,0,0
122951,0,1,0,0,0,22,16,0,12,0,13,0
122951,1,1,0,0,0,0,0,0,0,0,4,0
122952,1,1,0,0,0,0,0,0,0,0,0,0
122952,2,1,0,0,0,0,0,0,0,0,0,0
122952,3,1,0,0,20,0,0,0,0,0,0,0
122953,1,1,13,13,15,3,17,11,12,2,22,3
122953,2,1,0,0,0,0,0,0,0,0,0,0
122954,1,1,9,0,0,0,0,12,0,0,0,0
122954,2,1,0,0,0,0,0,0,0,0,0,0
122954,3,1,0,0,0,0,0,0,0,0,0,0
122954,4,1,0,0,0,0,0,0,0,0,0,0
122955,1,1,0,0,0,0,0,0,0,11,0,0
122956,1,1,0,0,27,0,14,0,0,0,32,0
122957,1,1,0,0,6,0,0,0,4,2,0,0
122958,1,1,0,0,0,0,0,0,0,0,0,0
122958,2,1,0,0,0,0,0,20,0,0,0,0
122959,1,1,8,0,9,0,8,8,7,0,25,27
122959,2,1,5,14,0,0,0,12,0,4,0,0
122960,1,1,0,0,0,0,0,0,0,0,0,0
122960,2,1,0,0,0,0,0,0,0,0,0,0
122960,3,1,0,0,0,0,0,0,2,0,0,0
122961,1,1,0,0,0,0,0,0,0,0,0,0
122961,2,1,0,0,0,0,0,0,0,0,0,0
122961,3,1,0,0,0,0,0,0,0,0,0,0
122962,1,1,0,0,0,0,0,0,0,0,0,0
122962,2,1,0,0,0,0,0,0,0,0,0,0
122963,1,1,26,12,0,26,11,22,12,6,24,11
122963,2,1,0,0,0,0,0,0,0,0,0,0
122964,0,1,0,0,0,0,0,0,0,0,0,0
122964,1,1,0,0,0,0,0,0,0,0,0,0
122964,2,1,0,0,0,0,0,0,0,0,0,0
122965,1,1,0,0,7,0,0,0,0,0,0,0
122965,2,1,0,0,0,0,0,0,0,0,0,0
122966,1,1,0,14,13,0,0,0,20,0,21,9
122966,2,1,0,0,25,0,0,0,0,14,0,0
122967,0,1,0,0,0,0,0,0,0,0,0,0
122967,1,1,0,0,0,36,0,4,0,0,0,0
122968,1,1,14,0,0,0,0,17,0,0,0,0
122968,2,1,0,0,0,0,0,0,0,0,0,5
122969,1,1,0,8,0,0,0,0,4,0,0,0
122969,2,1,0,0,0,0,0,0,0,0,0,0
122970,0,1,0,0,0,0,0,0,0,0,0,0
122970,1,1,0,0,0,0,0,0,0,0,0,0
122971,1,1,0,0,0,0,0,0,0,0,0,0
122971,2,1,0,0,0,0,0,0,0,0,0,0
122972,1,1,11,11,11,11,11,11,11,11,11,11
122974,1,1,0,0,0,0,19,0,0,0,0,20
122974,2,1,0,0,0,0,0,0,0,0,0,13
122975,1,1,0,0,0,0,0,0,0,0,0,0
122975,2,1,33,0,0,0,0,0,0,0,0,0
122975,3,1,0,0,0,0,0,0,0,0,0,27
122976,1,1,33,3,21,11,19,11,17,10,24,6
122977,0,1,21,21,21,21,21,21,21,21,21,21
122977,1,1,0,0,0,0,0,0,0,0,16,0
122978,1,1,0,0,0,0,0,0,0,0,0,0
122978,2,1,0,0,0,0,0,0,0,0,0,0
122980,1,1,0,0,0,0,0,0,0,0,0,0
122980,2,1,0,0,0,0,0,0,0,0,0,0
122981,0,1,0,9,23,19,0,0,0,0,0,0
122981,1,1,0,0,0,0,0,0,0,0,0,0
122982,0,1,0,0,0,0,0,0,0,0,0,3
122982,1,1,0,0,0,0,0,0,0,0,0,15
122983,1,1,0,0,18,11,0,0,0,10,16,43
122984,0,1,0,0,0,0,0,0,0,0,0,0
122984,1,1,4,0,0,10,0,0,0,0,4,0
122985,1,1,26,26,26,26,26,26,26,26,26,26
122985,2,1,0,19,0,0,0,0,0,0,0,0
122986,1,1,39,39,39,39,39,39,39,39,39,39
122987,1,1,0,0,0,0,0,0,0,0,0,0
122989,0,1,0,0,0,0,0,0,0,0,0,0
122989,1,1,0,0,0,0,0,0,0,12,0,0
122990,1,1,3,3,3,3,3,3,3,3,3,3
122990,2,1,0,0,0,0,0,0,0,0,0,0
122991,1,1,22,22,22,22,22,22,22,22,22,22
122992,0,1,0,0,0,0,0,0,0,0,0,0
122992,1,1,0,0,0,0,0,0,0,0,0,0
122993,1,1,0,0,0,0,0,0,0,0,0,0
122993,2,1,0,0,0,0,17,0,0,0,10,0
122994,0,1,0,14,27,21,0,0,0,0,0,0
122994,1,1,0,0,0,0,0,0,0,0,0,0
122995,1,1,16,0,25,15,0,0,0,24,14,0
122995,2,1,0,0,0,0,0,0,0,0,0,0
122996,1,1,22,22,22,22,22,22,22,22,22,22
122996,2,1,2,2,2,2,2,2,2,2,2,2
122999,1,1,0,0,0,0,0,0,0,0,0,0
123000,0,1,33,0,0,29,0,20,0,24,16,27
123000,1,1,0,0,8,0,0,16,0,0,0,0
123001,0,1,0,0,0,0,20,0,0,38,0,12
123001,1,1,0,0,17,10,13,0,17,0,0,0
123002,1,1,0,0,0,0,0,0,0,0,0,0
123002,2,1,0,2,0,0,0,0,0,0,0,0
123003,1,1,0,0,19,15,0,4,30,10,11,7
123003,2,1,0,0,0,0,0,0,0,0,0,0
123006,1,1,8,8,8,8,8,8,8,8,8,8
123006,2,1,0,0,0,0,0,0,0,0,0,0
123006,3,1,0,0,0,0,0,0,0,0,0,0
123006,4,1,0,0,0,0,0,0,37,0,0,0
123008,0,1,0,0,0,0,0,0,0,0,0,0
123008,1,1,0,0,0,0,0,0,0,0,0,0
123009,0,1,0,20,0,0,0,0,0,0,0,0
123009,1,1,4,11,9,23,23,20,0,27,0,13
123011,0,1,0,0,0,0,0,0,0,0,0,0
123011,1,1,0,12,0,16,4,0,0,0,0,0
123015,1,1,0,0,0,0,0,0,0,0,0,0
123018,1,1,5,3,0,0,0,0,0,0,0,9
123019,1,1,0,0,0,0,26,0,0,0,0,0
123019,2,1,0,0,0,0,0,0,0,0,0,0
123020,0,1,0,0,0,8,0,10,0,0,0,0
123020,1,1,0,14,16,0,0,0,0,0,0,0
123021,1,1,0,0,0,0,0,0,0,0,0,0
123021,2,1,0,0,0,0,0,0,0,0,0,0
123024,0,1,0,0,0,0,0,0,0,0,0,0
123024,1,1,0,0,0,0,0,0,0,0,0,0
123026,1,1,0,0,0,0,0,0,0,0,0,0
123026,2,1,0,0,0,0,0,0,0,0,10,0
123027,1,1,0,0,0,0,0,0,0,0,0,0
123028,1,1,15,15,15,15,15,15,15,15,15,15
123029,0,1,0,0,0,0,0,0,0,0,0,0
123030,1,1,0,0,20,0,0,0,0,0,0,0
123030,2,1,0,0,0,0,0,0,0,0,0,0
123031,1,1,0,0,0,0,0,0,0,21,0,0
123031,2,1,0,0,0,0,0,0,0,0,0,0
123032,1,1,11,27,10,8,0,0,17,8,14,10
123032,2,1,0,0,0,0,0,0,0,0,0,0
123033,1,1,22,22,22,22,22,22,22,22,22,22
123033,2,1,0,0,0,0,0,0,0,0,0,0
123034,1,1,0,0,0,0,0,0,0,0,0,0
123034,2,1,0,0,0,0,0,0,0,0,0,0
123035,1,1,0,13,9,16,16,11,22,27,40,0
123035,2,1,18,9,0,0,7,8,9,14,9,7
123036,1,1,20,0,19,0,0,0,0,0,7,0
123037,0,1,0,0,11,0,28,18,18,0,0,0
123037,1,1,15,0,0,0,0,0,3,0,26,0
123038,0,1,0,0,15,0,0,11,12,16,0,19
123038,0,2,0,20,0,0,0,0,0,9,0,0
123038,1,1,0,0,0,0,14,0,10,0,8,0
123039,0,1,0,0,0,0,0,0,0,0,0,0
123039,1,1,0,0,0,0,15,0,0,0,0,0
123040,0,1,20,25,12,15,0,0,0,0,0,0
123040,1,1,26,0,0,0,0,0,0,0,9,0
123040,2,1,0,26,0,9,0,0,0,37,14,15
123040,3,1,0,0,0,0,0,0,0,0,0,13
123040,4,1,0,0,0,0,0,8,25,17,0,0
123041,0,1,18,20,27,8,0,0,25,0,26,19
123041,1,1,0,0,0,0,0,0,0,22,3,0
123042,1,1,0,0,0,0,0,27,0,0,28,0
123043,1,1,14,0,0,0,9,0,0,0,0,0
123044,1,1,21,0,18,0,0,0,0,0,0,0
123044,2,1,0,0,0,0,0,0,0,0,18,0
123044,3,1,0,13,0,0,0,0,0,0,0,0
123045,1,1,0,0,0,0,0,0,0,0,0,0
123045,2,1,0,24,0,0,0,0,0,0,0,0
123046,1,1,0,2,0,0,5,0,0,0,0,0
123046,2,1,0,0,0,0,0,0,17,0,0,0
123046,3,1,0,0,0,0,0,0,0,0,0,0
123047,0,1,0,0,0,0,0,0,0,0,0,0
123047,1,1,15,15,15,15,15,15,15,15,15,15
123048,0,1,9,0,0,0,0,0,0,0,0,0
123048,1,1,0,0,0,0,0,0,0,0,0,0
123049,1,1,0,0,0,0,9,0,0,0,0,0
123049,2,1,0,0,0,0,0,0,0,0,0,0
123050,1,1,0,0,0,0,0,0,0,0,0,0
123050,2,1,0,0,4,2,11,0,0,14,0,0
123051,0,1,0,0,0,0,0,0,0,0,0,0
123051,1,1,0,0,0,38,0,0,0,0,0,0
123052,1,1,0,0,0,0,0,0,0,0,0,0
123052,2,1,0,24,0,0,0,0,0,0,0,0
123052,3,1,2,0,0,0,0,17,0,19,0,0
123053,1,1,30,30,30,30,30,30,30,30,30,30
123053,2,1,0,0,0,0,0,10,0,0,0,0
123054,1,1,0,0,15,17,2,7,0,4,8,5
123055,0,1,23,13,0,10,0,0,17,0,42,0
123055,1,1,0,0,7,0,0,0,0,0,0,0
123056,0,1,0,0,0,0,0,0,0,0,0,0
123056,1,1,18,18,18,18,18,18,18,18,18,18
123056,2,1,0,0,0,13,0,0,0,0,0,0
123056,3,1,0,0,18,0,0,0,0,0,0,0
123057,1,1,26,11,0,18,15,21,0,0,18,18
123058,0,1,33,33,33,33,33,33,33,33,33,33
123058,1,1,0,0,0,0,0,0,0,0,0,0
123058,2,1,0,0,0,0,0,0,0,0,0,0
123059,1,1,0,0,0,0,4,0,0,0,0,0
123059,2,1,0,12,12,0,0,0,0,0,0,0
123060,0,1,9,13,0,0,0,0,5,10,0,13
123060,1,1,0,0,0,0,0,0,0,0,0,0
123061,0,1,18,0,0,17,0,0,31,0,3,26
123061,1,1,0,0,0,16,0,0,0,0,0,0
123061,2,1,0,0,0,0,0,0,0,0,0,0
123062,0,1,0,0,0,0,0,0,0,0,0,0
123062,1,1,0,0,0,0,0,0,0,0,0,0
123063,0,1,0,10,0,0,0,0,0,0,0,0
123063,1,1,0,0,0,15,0,0,0,0,0,0
123065,1,1,0,0,0,0,0,0,0,0,0,0
123066,1,1,0,0,0,0,9,0,0,0,0,0
123066,2,1,0,0,0,0,0,0,0,0,0,0
123067,1,1,17,0,6,8,16,20,12,16,16,0
123068,1,1,0,0,0,0,0,0,0,0,0,0
123068,2,1,0,0,0,0,0,0,0,0,0,0
123068,3,1,0,0,0,0,0,12,0,0,0,0
123069,1,1,0,0,0,0,0,0,0,0,0,0
123070,1,1,0,0,0,0,0,0,0,0,0,0
123070,2,1,0,0,0,0,0,0,0,0,0,0
123071,1,1,33,33,33,33,33,33,33,33,33,33
123071,2,1,0,0,9,0,0,0,0,0,0,0
123071,3,1,0,0,0,0,0,0,0,0,0,0
123072,1,1,0,0,20,0,0,0,0,0,0,5
123072,2,1,0,0,0,0,0,0,0,10,0,0
123073,0,1,0,0,7,0,0,0,0,5,21,0
123073,1,1,0,16,18,26,12,14,13,5,32,5
123073,2,1,0,0,20,16,0,0,0,0,0,0
123074,1,1,0,0,0,0,0,0,6,0,23,0
123074,2,1,15,22,0,14,6,11,0,0,0,13
123075,1,1,0,0,0,29,0,0,0,7,0,0
123075,2,1,6,16,16,0,0,0,0,19,0,0
123076,0,1,0,24,13,0,19,26,0,0,0,0
123076,1,1,0,10,0,0,0,0,0,0,0,0
123077,1,1,0,0,0,0,0,0,0,0,0,0
123077,2,1,0,0,0,0,0,0,0,0,0,0
123078,0,1,0,15,0,0,35,0,0,0,7,0
123078,1,1,0,26,0,0,0,0,0,0,0,0
123079,1,1,0,0,0,0,15,36,8,0,0,0
123080,0,1,0,0,0,0,0,0,0,0,0,0
123080,1,1,10,0,0,0,0,0,0,0,0,0
123081,1,1,0,6,0,0,7,0,9,0,0,26
123081,2,1,0,0,0,0,0,0,0,0,0,0
123082,1,1,0,0,0,0,0,0,0,0,0,0
123082,2,1,0,0,0,0,0,0,0,0,0,0
123083,1,1,6,0,0,0,18,0,10,0,25,3
123084,0,1,0,0,16,0,0,0,0,0,6,0
123084,1,1,0,0,0,0,0,0,0,0,0,0
123085,1,1,0,0,17,0,0,0,0,0,0,0
123085,2,1,0,0,0,0,0,0,0,0,0,0
123085,3,1,0,0,0,0,0,0,0,15,0,0
123086,0,1,3,3,3,3,3,3,3,3,3,3
123086,1,1,0,0,0,0,0,0,0,0,0,0
123087,1,7,5,0,11,7,8,32,20,19,24,6
123088,1,1,0,0,0,0,0,15,0,0,0,0
123088,2,1,0,0,0,0,0,0,0,0,0,0
123088,3,1,0,0,0,0,0,0,0,0,0,0
123089,1,1,8,0,0,0,0,0,0,0,0,0
123092,1,1,0,0,0,22,10,25,0,0,13,5
123093,1,1,0,0,0,0,0,0,0,0,0,0
123093,2,1,0,0,0,0,0,0,0,22,0,0
123094,1,1,13,29,0,19,0,0,0,27,0,0
123094,2,1,0,0,0,0,0,0,0,0,0,0
123095,1,1,0,0,0,0,0,0,0,0,0,0
123095,2,1,17,17,17,17,17,17,17,17,17,17
123096,0,1,18,18,18,18,18,18,18,18,18,18
123096,1,1,18,18,18,18,18,18,18,18,18,18
123097,1,1,4,6,7,0,0,3,0,0,0,9
123097,2,1,0,0,0,0,0,0,0,0,9,0
123098,1,1,0,0,19,0,0,0,0,0,0,3
123098,2,1,0,0,0,0,0,2,0,14,0,0
123099,1,1,0,0,0,4,8,0,0,6,0,0
123099,2,1,0,0,0,0,0,0,0,0,0,0
123100,1,1,0,0,0,0,22,0,0,0,0,0
123101,1,1,0,0,0,0,0,0,0,0,0,0
123101,2,1,11,21,15,0,11,0,22,14,0,23
123101,3,1,0,0,24,0,0,0,0,0,0,0
123102,1,1,0,0,0,0,0,0,0,0,0,0
123102,2,1,0,0,0,0,0,0,0,0,0,0
123103,1,1,3,3,3,3,3,3,3,3,3,3
123104,0,1,0,0,0,0,0,0,0,0,0,0
123104,1,1,0,0,0,33,10,0,0,0,0,0
123105,1,1,18,0,22,9,13,7,0,13,0,24
123105,2,1,0,0,0,0,0,37,0,0,0,0
123106,1,1,14,0,0,0,0,0,0,0,0,0
123106,2,1,0,0,0,0,0,0,0,0,0,0
123107,1,1,32,0,0,3,0,0,0,0,0,0
123107,2,1,10,0,0,0,0,0,0,0,0,0
123108,0,1,24,24,24,24,24,24,24,24,24,24
123108,1,1,0,0,0,0,0,0,0,0,0,17
123108,2,1,0,19,0,0,0,0,0,0,0,0
123109,1,1,0,0,12,0,0,17,0,10,9,0
123110,0,1,28,28,28,28,28,28,28,28,28,28
123110,1,1,0,0,0,0,16,0,0,0,0,0
123111,1,1,0,0,0,0,0,0,0,0,0,0
123111,2,1,0,0,0,0,0,0,0,0,0,0
123112,1,1,0,0,0,0,0,0,0,0,0,0
123113,1,1,0,0,0,0,0,0,0,0,0,0
123113,2,1,0,0,0,0,0,0,0,0,0,0
123114,0,1,0,0,18,3,0,19,0,0,0,0
123114,1,1,0,0,0,0,0,0,0,0,0,0
123115,1,1,0,0,0,0,0,0,0,0,0,0
123116,1,1,0,0,0,0,0,0,0,0,0,20
123116,2,1,0,0,0,0,0,0,0,0,0,0
123117,1,1,22,0,22,20,12,0,15,0,0,20
123118,1,1,17,17,17,17,17,17,17,17,17,17
123118,2,1,0,0,0,0,0,0,0,0,0,0
123119,1,1,0,0,0,0,0,0,0,0,0,0
123119,2,1,0,0,8,0,0,0,0,0,0,0
123120,1,1,0,22,0,0,13,0,0,25,5,0
130001,1,1,0,0,0,0,0,0,0,0,0,0
130001,2,1,0,0,0,0,0,0,0,0,0,0
130002,1,1,0,0,0,0,0,31,0,0,0,17
130003,1,1,21,0,0,37,0,0,0,0,0,0
130004,1,1,0,0,0,9,0,0,0,0,0,31
130004,2,1,0,0,0,0,0,0,0,0,0,0
130005,1,1,0,0,0,0,0,0,0,0,0,0
130006,1,1,19,19,19,19,19,19,19,19,19,19
130006,2,1,0,0,0,0,0,0,0,0,0,0
130007,1,1,7,7,7,7,7,7,7,7,7,7
130008,1,1,33,8,18,7,18,16,9,8,9,27
130009,1,1,0,0,0,0,21,0,0,0,0,0
130009,2,1,0,0,0,0,0,0,0,0,0,0
130010,2,1,23,0,0,0,0,0,0,0,0,0
130011,0,1,23,23,23,23,23,23,23,23,23,23
130011,1,1,13,0,0,0,0,0,0,0,24,0
130012,1,1,0,0,0,0,0,0,0,0,0,0
130013,0,1,41,0,21,0,21,0,0,0,0,0
130013,1,1,0,0,0,0,0,0,0,0,0,0
130014,0,1,0,0,0,0,0,0,0,0,0,0
130014,1,1,22,0,26,0,0,0,13,0,0,0
130015,1,1,0,5,0,0,0,0,25,15,0,0
130016,0,1,24,24,24,24,24,24,24,24,24,24
130016,1,1,0,0,0,0,0,0,0,0,0,0
130017,1,1,0,0,0,0,0,0,0,0,0,0
130017,2,1,0,0,0,0,0,0,0,0,0,0
130018,1,1,0,0,0,0,0,0,0,0,0,0
130018,2,1,0,0,0,0,0,0,0,0,0,0
130018,3,1,0,0,0,0,0,0,0,0,0,0
130018,4,1,0,0,0,0,0,0,0,0,0,0
130019,1,1,0,0,0,0,0,0,0,0,0,0
130020,1,1,0,0,0,0,0,0,0,0,0,5
130020,2,1,0,0,0,0,0,0,0,0,0,0
130021,1,1,5,5,5,5,5,5,5,5,5,5
130022,1,1,0,0,0,0,0,0,0,0,0,0
130023,0,1,28,28,28,28,28,28,28,28,28,28
130023,1,1,12,0,20,12,22,6,0,0,0,0
130024,1,1,0,13,0,0,19,0,0,18,13,0
130025,1,1,0,0,0,0,0,0,0,0,0,0
130026,1,1,27,27,27,27,27,27,27,27,27,27
130027,1,1,0,0,0,0,0,0,0,0,0,0
130028,1,1,29,0,0,27,0,28,15,20,0,15
130029,1,1,14,14,14,14,14,14,14,14,14,14
130030,1,1,14,14,14,14,14,14,14,14,14,14
130030,2,1,0,0,0,0,0,0,0,0,0,0
130031,1,1,0,0,0,0,0,0,0,0,0,0
130031,2,1,0,0,0,0,0,0,0,0,0,0
130032,1,1,0,0,14,0,0,0,0,0,0,0
130033,1,1,0,0,0,0,0,0,0,0,0,0
130033,2,1,0,0,0,0,0,0,0,0,0,0
130034,1,1,0,0,0,0,0,0,0,0,0,0
130034,2,1,0,0,0,17,0,0,0,0,0,0
130035,1,1,0,0,0,0,0,0,0,0,0,0
130035,2,1,8,14,0,0,27,0,0,0,0,0
130036,1,1,0,0,0,0,0,0,0,0,0,0
130037,0,1,0,0,0,0,0,0,0,0,0,0
130037,1,1,0,0,0,0,0,0,0,0,0,0
130038,1,1,0,0,0,0,0,0,0,0,0,0
130039,1,1,0,0,0,0,0,0,0,0,0,0
130040,1,1,0,0,0,0,0,0,0,0,0,0
130041,0,1,12,12,12,12,12,12,12,12,12,12
130041,1,1,0,0,0,0,0,0,17,0,0,0
130042,1,1,0,0,0,0,0,0,0,0,0,0
130042,2,1,0,0,0,0,0,0,0,0,0,0
130043,1,1,0,0,0,0,0,0,0,0,0,15
130044,1,1,0,0,0,0,0,0,0,0,0,0
130044,2,1,0,0,0,0,0,0,0,0,0,0
130045,0,1,0,0,0,0,0,0,0,0,0,0
130045,1,1,0,0,0,0,0,0,0,0,0,0
130046,1,1,7,0,0,0,0,0,0,0,0,0
130046,2,1,0,0,0,11,0,0,0,0,0,0
130047,1,1,0,0,0,0,0,0,0,0,0,0
130048,1,1,0,0,0,0,0,0,0,0,0,0
130048,2,1,0,0,0,0,0,0,0,0,0,0
130049,1,1,0,0,0,0,0,0,0,0,0,0
130049,2,1,0,0,0,0,0,0,0,0,0,0
130050,0,1,36,36,36,36,36,36,36,36,36,36
130050,1,1,0,0,0,0,0,0,0,12,0,0
130051,1,1,24,0,28,0,0,0,0,0,21,21
130052,1,1,0,0,0,0,0,0,0,0,0,0
130052,2,1,0,0,0,0,0,0,0,0,0,0
130053,1,1,0,0,0,0,0,0,0,0,0,0
130053,2,1,0,0,0,0,0,0,0,0,0,0
130053,3,1,0,0,0,0,0,0,0,0,0,0
130054,1,1,12,12,12,12,12,12,12,12,12,12
130055,1,1,15,15,15,15,15,15,15,15,15,15
130055,2,1,0,0,0,0,0,0,0,0,0,0
130055,3,1,0,0,0,0,0,0,0,0,0,0
130056,1,1,0,0,0,0,0,0,0,0,0,0
130057,1,1,0,0,0,0,0,0,0,0,0,0
130057,2,1,0,0,0,0,0,0,0,0,0,0
130057,3,1,0,0,0,0,0,0,0,0,0,0
130058,1,1,0,0,0,0,15,0,0,0,8,0
130058,2,1,0,0,0,0,0,0,0,0,0,0
130059,0,1,0,0,17,32,0,0,0,23,32,21
130059,1,1,0,0,0,0,0,0,0,18,0,0
130060,1,1,4,4,4,4,4,4,4,4,4,4
130060,2,1,0,25,0,0,21,29,19,0,0,0
130061,1,1,0,0,0,0,0,0,0,0,0,0
130061,2,1,0,0,0,0,0,0,0,0,0,0
130062,1,1,0,0,0,0,0,0,0,0,0,0
130063,0,1,39,39,39,39,39,39,39,39,39,39
130063,1,1,0,0,0,0,0,0,0,0,0,0
130064,1,1,0,0,0,0,0,0,0,0,0,0
130065,1,1,0,0,0,0,0,0,0,0,0,0
130065,2,1,0,0,0,0,0,0,0,0,0,0
130066,1,1,20,20,20,20,20,20,20,20,20,20
130067,1,1,0,0,0,0,0,0,0,0,0,0
130068,0,1,0,0,0,18,60,0,0,0,13,10
130068,1,1,0,0,0,0,0,0,0,0,0,0
130069,1,1,0,0,0,0,0,0,0,0,0,0
130070,1,1,0,0,0,0,0,0,0,8,0,9
130070,2,1,0,0,0,0,0,0,0,0,0,0
130071,1,1,0,0,0,0,0,0,0,0,0,0
130071,2,1,0,0,0,0,0,0,0,0,0,0
130072,1,1,0,0,0,0,0,0,0,0,0,0
130073,0,1,0,0,0,0,0,0,0,0,0,0
130073,1,1,0,0,0,0,0,0,0,0,0,0
130074,1,1,0,0,0,11,0,0,12,0,0,0
130074,2,1,0,0,17,0,0,0,0,0,0,0
130075,1,1,10,0,21,0,0,0,0,0,8,0
130075,2,1,11,0,0,0,0,0,0,0,0,0
130075,3,1,0,0,0,0,25,0,0,0,0,0
130076,1,1,22,22,22,22,22,22,22,22,22,22
130077,1,1,0,0,0,0,0,0,0,0,0,0
130078,0,1,3,16,20,19,4,16,25,11,12,24
130078,1,1,0,0,10,0,0,0,9,6,0,0
130079,1,1,0,0,0,0,0,0,0,0,0,0
130080,1,1,14,14,14,14,14,14,14,14,14,14
130081,1,1,16,16,16,16,16,16,16,16,16,16
130082,1,1,0,0,0,0,0,0,0,0,0,0
130082,2,1,0,0,0,0,0,0,0,0,0,0
130083,1,1,0,0,0,0,0,0,0,0,0,0
130083,2,1,13,0,0,0,0,0,0,0,0,0
130084,0,1,0,0,0,0,30,7,0,0,0,6
130084,1,1,0,0,0,0,0,0,0,0,0,0
130085,1,1,0,0,0,0,0,0,0,0,0,0
130086,1,1,0,0,0,0,0,0,0,0,0,0
130086,2,1,0,0,0,0,0,0,0,0,0,0
130087,0,1,0,0,0,0,0,0,0,0,0,0
130087,1,1,0,0,0,0,0,0,0,0,0,0
130088,1,1,8,13,0,0,5,20,0,13,10,11
130089,1,1,0,0,0,0,0,15,0,0,12,0
130090,1,1,0,0,17,0,0,0,0,0,16,0
130090,2,1,0,0,0,0,0,0,0,0,0,0
130091,1,1,0,0,0,0,0,0,0,0,0,0
130091,2,1,0,0,0,0,0,0,0,0,0,0
130092,1,1,0,0,0,0,0,0,0,0,0,0
130092,2,1,0,0,0,0,0,0,0,0,0,0
130093,0,1,34,0,0,28,0,0,10,0,28,0
130093,1,1,0,0,0,16,0,0,0,0,14,15
130094,0,1,11,11,11,11,11,11,11,11,11,11
130094,1,1,0,0,0,4,0,0,0,0,0,0
130095,1,1,0,0,0,0,0,0,0,0,0,0
130096,1,1,0,0,0,0,0,0,0,0,0,0
130096,2,1,0,0,0,0,0,0,0,0,0,0
130097,1,1,0,0,0,0,0,0,0,0,0,0
130097,2,1,0,0,0,0,0,0,0,0,0,0
130098,1,1,0,0,0,0,0,0,0,0,0,0
130098,2,1,0,0,0,0,0,0,0,0,0,0
130099,1,1,0,0,0,0,0,0,0,0,0,0
130099,2,1,0,0,0,0,0,0,0,0,0,0
130099,3,1,0,0,0,0,0,0,0,0,0,0
130100,1,1,0,0,0,0,0,0,0,0,23,0
130100,2,1,0,0,0,0,0,0,0,0,0,0
130101,1,1,0,15,23,0,8,10,0,0,0,0
130102,1,1,0,0,0,0,0,0,0,0,0,0
130102,2,1,0,0,0,0,0,0,0,0,0,0
130103,1,1,6,6,6,6,6,6,6,6,6,6
130103,2,1,0,0,0,0,0,0,0,0,0,0
130103,3,1,0,0,0,0,0,0,0,0,0,0
130104,1,1,0,0,0,0,0,0,0,0,0,0
130104,2,1,9,0,0,0,0,0,0,0,0,0
130105,1,1,0,0,0,0,0,0,0,0,0,0
130105,2,1,0,0,0,0,0,0,0,0,0,0
130106,1,1,19,0,6,17,0,5,0,0,19,0
130107,0,1,0,0,0,0,0,0,0,0,0,0
130107,0,2,0,0,0,0,0,11,0,0,0,0
130107,1,1,0,0,0,0,7,0,0,4,0,0
130108,1,1,17,17,17,17,17,17,17,17,17,17
130108,2,1,0,0,0,0,0,0,0,0,0,0
130109,1,1,0,0,0,0,0,0,13,0,0,0
130109,2,1,0,0,0,0,0,0,0,0,0,0
130110,0,1,12,12,12,12,12,12,12,12,12,12
130110,1,1,0,0,0,0,0,0,0,0,0,0
130111,1,1,0,0,0,0,0,0,0,0,0,0
130112,1,1,0,0,0,0,0,0,0,0,0,14
130113,1,1,13,13,13,13,13,13,13,13,13,13
130113,2,1,0,0,0,0,0,0,0,0,0,0
130114,0,1,45,0,11,0,0,0,0,0,0,24
130114,1,1,33,0,0,0,0,0,0,0,0,27
130115,0,1,39,39,39,39,39,39,39,39,39,39
130115,1,1,0,0,0,0,0,0,0,0,0,0
130116,1,1,0,0,0,0,0,16,0,0,0,0
130116,2,1,0,0,0,0,0,0,0,0,0,0
130117,1,1,0,0,0,0,0,0,0,0,0,0
130118,1,1,0,0,0,0,0,0,0,0,0,0
130118,2,1,0,0,0,0,0,0,0,0,0,0
130119,1,1,0,0,0,0,0,0,0,0,0,0
130119,2,1,0,0,0,0,0,0,0,0,0,0
130120,1,1,16,16,16,16,16,16,16,16,16,16
130121,1,1,0,0,0,0,0,0,0,0,0,0
130121,2,1,0,0,0,0,0,0,0,0,0,0
130122,1,1,0,0,0,0,0,0,0,0,0,0
130122,2,1,0,0,0,0,0,0,0,0,0,0
130123,1,1,31,9,36,21,15,29,13,31,21,4
130123,2,1,0,0,0,0,0,0,0,0,0,0
130124,1,1,0,0,0,0,0,0,0,0,0,0
130124,2,1,0,0,0,0,0,0,5,0,0,0
130125,1,1,0,0,0,0,0,0,0,0,0,0
130125,2,1,0,0,0,0,0,0,0,0,0,0
130126,1,1,20,11,25,7,27,7,23,16,7,17
130126,2,1,0,0,0,0,0,0,0,0,0,0