ST_CASE,VEH_NO,PER_NO,P1,P2,P3,P4,P5,P6,P7,P8,P9,P10
131285,1,1,0,0,0,0,0,0,0,0,0,0
131286,1,1,0,9,0,0,0,0,0,0,0,0
131287,1,1,0,0,0,0,0,0,10,0,0,0
131287,2,1,0,0,0,0,0,0,0,0,0,0
131288,0,1,23,23,23,23,23,23,23,23,23,23
131288,1,1,0,0,0,0,0,0,0,0,0,0
131289,1,1,0,0,0,0,0,0,0,0,0,0
131289,2,1,22,22,22,22,22,22,22,22,22,22
131290,1,1,0,0,0,4,0,0,0,0,0,0
131291,1,1,32,32,32,32,32,32,32,32,32,32
131291,2,1,0,0,0,7,0,0,0,0,0,0
131291,3,1,0,0,0,0,0,0,0,0,0,0
131292,1,1,0,0,0,0,0,0,0,0,0,0
131292,2,1,0,0,0,0,0,0,0,0,0,0
131292,3,1,0,0,0,0,0,0,0,0,0,0
131293,1,1,0,0,0,0,0,0,0,0,0,0
131293,2,1,0,0,0,0,0,0,0,0,0,0
131294,1,1,34,0,6,0,0,0,0,0,0,0
131294,2,1,0,0,0,0,0,0,0,0,0,0
131294,3,1,0,0,0,0,0,0,0,0,0,0
131295,0,1,0,0,0,0,0,0,0,0,0,0
131295,1,1,22,0,0,0,0,0,0,0,0,0
131296,1,1,0,0,0,0,0,0,0,0,0,0
131297,1,1,19,0,0,23,0,0,24,0,0,0
131298,1,1,12,16,0,10,5,19,15,14,19,15
131298,2,1,0,0,0,0,0,0,0,0,0,0
131299,1,1,15,0,0,0,0,0,0,0,0,0
131299,2,1,0,0,0,0,0,0,0,0,0,0
131300,1,1,0,0,0,0,0,0,0,0,0,0
131300,2,1,0,0,0,0,0,0,0,0,0,0
131301,1,1,0,0,0,0,0,0,0,0,0,0
131301,2,1,0,0,0,0,0,0,0,0,0,0
131301,3,1,0,0,0,0,0,0,0,0,0,0
131301,4,1,0,0,0,0,0,0,0,0,0,0
131302,1,1,0,0,0,0,0,0,0,0,0,0
131303,1,1,10,25,0,24,13,30,28,14,13,41
131304,0,1,0,0,10,0,0,0,0,0,0,0
131304,1,1,0,0,23,0,0,12,0,0,0,0
131305,1,1,0,0,0,0,0,0,0,0,0,0
131305,2,1,0,0,0,0,0,0,15,0,0,0
131306,0,1,0,0,0,0,0,0,0,0,0,0
131306,0,2,0,27,0,19,11,30,22,0,25,27
131306,1,1,17,17,17,17,17,17,17,17,17,17
131307,1,1,0,0,0,0,0,0,0,0,0,0
131308,0,1,39,21,0,22,0,8,0,0,8,22
131308,1,1,0,13,0,0,0,0,0,0,0,0
131309,1,1,0,0,0,0,0,0,0,0,0,0
131309,2,1,0,11,0,0,0,0,0,0,0,0
131310,1,1,0,0,0,0,0,0,0,0,0,0
131311,0,1,18,19,0,0,0,15,0,15,25,40
131311,1,1,20,20,0,0,43,0,0,0,0,0
131312,1,1,0,0,0,0,0,0,0,0,0,0
131312,2,1,0,0,0,0,0,0,0,0,0,0
131312,3,1,0,0,0,0,0,0,0,0,0,0
131312,4,1,0,0,0,0,0,0,0,0,0,0
131312,5,1,0,0,0,0,0,0,0,0,0,0
131313,1,1,0,0,0,0,0,0,0,0,0,0
131313,2,1,0,0,0,0,0,0,0,0,0,0
131313,3,1,0,0,0,0,0,0,0,0,0,0
131314,1,1,0,0,0,0,0,0,0,0,0,0
131314,2,1,0,0,0,0,0,0,0,0,0,0
131314,3,1,0,0,0,0,0,0,0,0,0,0
131315,1,1,0,0,0,0,0,0,0,0,0,0
131315,2,1,0,0,0,0,0,0,0,0,0,0
131315,3,1,0,0,0,0,0,0,0,0,0,0
131316,1,1,0,0,0,0,0,0,0,22,0,0
131316,2,1,0,0,0,0,0,0,0,0,0,0
131316,3,1,0,0,0,0,0,0,0,0,0,0
131317,1,1,0,0,0,0,0,0,0,0,0,0
131317,2,1,0,0,0,0,0,0,0,0,0,0
131318,0,1,0,0,0,0,0,0,0,0,0,0
131318,1,1,0,0,0,0,0,0,0,0,0,0
131319,1,1,0,0,0,0,0,0,0,0,0,0
131319,2,1,0,0,0,0,0,0,0,0,0,0
131319,3,1,0,0,0,0,0,0,0,0,0,0
131320,1,1,0,0,0,0,0,0,0,0,0,0
131321,1,1,0,0,0,0,0,0,0,0,0,0
131321,2,1,0,0,0,0,0,0,0,0,0,0
131322,1,1,0,0,0,0,0,0,0,0,0,0
131322,2,1,0,0,0,0,0,0,0,0,0,0
131323,0,1,13,0,16,0,6,0,0,0,0,0
131323,1,1,8,0,0,0,0,0,0,0,0,0
131324,0,1,0,0,0,0,0,0,0,0,0,0
131324,1,1,0,0,28,0,0,0,0,0,0,0
131325,1,1,0,0,0,0,9,0,0,0,22,0
131326,1,1,0,0,0,0,0,0,0,0,0,0
131326,2,1,0,0,0,0,0,0,0,0,0,0
131327,1,1,0,0,0,0,0,0,0,0,0,0
131328,1,1,0,0,0,0,0,0,0,0,0,0
131328,2,1,0,0,0,0,0,0,0,0,0,0
131329,1,1,11,0,0,12,8,0,16,15,18,0
131330,1,1,6,6,6,6,6,6,6,6,6,6
131331,1,1,0,0,12,0,0,0,0,0,0,0
131331,2,1,0,0,0,0,0,0,0,0,0,0
131331,3,1,0,0,0,0,0,0,0,0,0,0
131331,4,1,0,0,0,0,0,0,0,0,0,0
131331,5,1,0,0,0,0,0,0,0,0,0,0
131331,6,1,0,0,0,0,0,0,0,0,0,0
131332,0,1,0,0,0,0,0,0,18,0,27,21
131332,1,1,0,15,0,0,0,0,0,0,0,0
131333,1,1,0,0,0,0,0,7,0,0,0,0
131333,2,1,0,0,0,0,0,0,0,0,0,0
131334,1,1,0,0,0,0,0,24,0,0,15,0
131335,0,1,0,0,0,0,0,0,0,0,0,0
131335,1,1,0,0,0,0,0,0,0,0,0,0
131336,1,1,0,16,0,0,0,0,0,19,23,7
131337,1,1,11,11,11,11,11,11,11,11,11,11
131338,1,1,0,0,0,0,0,0,0,0,14,0
131339,0,1,0,0,0,0,0,0,0,0,0,0
131339,1,1,0,0,0,0,0,0,0,0,0,3
131340,1,1,0,0,0,0,0,0,0,0,0,0
131341,1,1,0,0,0,0,0,0,0,0,0,0
131341,2,1,14,0,0,0,0,0,0,0,0,0
131342,1,1,18,14,0,18,14,0,13,0,0,0
131343,1,1,0,0,0,0,0,0,0,0,0,0
131343,2,1,0,0,0,0,0,0,0,0,0,0
131344,1,1,0,0,0,0,0,0,0,0,0,0
131345,1,1,0,0,0,0,0,0,0,0,0,0
131345,2,1,0,0,0,0,0,0,0,0,0,0
131345,3,1,0,0,0,0,0,0,0,0,0,0
131346,0,1,0,0,0,0,0,0,0,0,0,0
131346,1,1,0,0,0,0,0,0,0,0,0,0
131347,0,1,15,0,0,0,24,0,27,17,17,14
131347,1,1,18,14,0,0,0,0,10,0,8,0
131348,0,1,0,0,0,0,0,0,0,0,0,0
131348,1,1,0,0,0,0,0,25,14,0,0,0
131350,1,1,0,0,0,0,0,0,0,0,0,0
131350,2,1,10,0,0,0,0,0,0,0,0,0
131350,3,1,0,0,0,0,0,0,0,0,0,0
131351,1,1,0,0,0,0,0,0,0,0,0,0
131352,1,1,0,0,0,0,0,0,0,0,0,0
131353,1,1,0,0,0,0,0,0,0,0,0,0
131353,2,1,0,0,21,0,0,0,0,0,0,0
131354,1,1,0,0,0,0,0,0,0,0,0,0
131354,2,1,0,0,0,0,0,0,0,0,0,0
131355,1,1,19,0,0,0,0,0,0,0,0,0
131356,1,1,0,0,0,0,0,16,0,0,0,0
131357,1,1,0,0,0,0,0,0,0,0,0,0
131357,2,1,0,0,0,0,0,0,0,0,0,0
131358,1,1,0,0,0,0,0,0,0,0,0,0
131359,1,1,0,0,0,0,0,0,0,0,0,0
131359,2,1,0,0,0,0,0,0,0,0,0,0
131360,1,1,0,0,0,0,0,0,0,0,0,0
131360,2,1,0,0,0,0,0,0,0,0,0,10
131361,1,1,19,19,19,19,19,19,19,19,19,19
131362,1,1,0,0,0,0,0,0,0,0,0,0
131362,2,1,0,0,0,0,0,0,0,0,0,0
131362,3,1,0,0,0,0,0,0,0,0,0,0
131363,1,1,0,0,0,0,0,0,0,0,0,0
131363,2,1,0,0,0,0,0,0,0,0,0,0
131363,3,1,0,0,0,0,0,0,0,0,0,0
131364,1,1,22,22,22,22,22,22,22,22,22,22
131365,1,1,12,12,12,12,12,12,12,12,12,12
131366,1,1,0,0,0,0,0,0,0,0,0,0
131366,2,1,0,0,0,0,0,0,0,0,0,0
131367,1,1,0,0,0,0,0,0,0,0,0,0
131368,0,1,0,0,0,0,31,34,0,0,0,0
131368,1,1,0,0,0,0,0,0,0,0,10,0
131369,1,1,0,0,0,0,0,0,0,0,0,0
131369,2,1,0,0,0,0,0,0,0,0,0,0
131370,1,1,43,0,26,0,28,0,25,0,0,0
131371,1,1,0,0,0,0,0,0,0,0,0,0
131371,2,1,0,0,0,0,0,0,0,0,0,0
131372,1,1,0,0,0,0,0,0,0,0,0,0
131372,2,1,0,0,0,0,0,0,0,0,0,0
131373,1,1,0,0,0,0,39,0,0,0,0,0
131374,1,1,0,0,0,0,0,0,0,0,0,0
131374,2,1,0,0,0,0,0,0,0,0,0,0
131375,1,1,25,25,25,25,25,25,25,25,25,25
131376,1,1,0,0,0,0,0,0,0,0,0,0
131377,0,1,0,0,19,0,0,0,0,0,0,0
131377,1,1,0,0,0,0,0,0,0,0,0,0
131378,0,1,12,12,12,12,12,12,12,12,12,12
131378,1,1,0,21,0,0,0,0,0,0,0,0
131379,1,1,0,0,0,0,0,0,0,0,0,0
131379,2,1,0,7,0,0,0,0,9,0,0,0
131380,1,1,18,0,0,7,0,0,0,0,0,0
131381,0,1,16,16,16,16,16,16,16,16,16,16
131381,1,1,0,0,0,0,0,0,0,0,0,0
131382,1,1,0,0,0,0,0,0,0,0,0,0
131383,1,1,0,0,0,0,0,0,0,0,0,0
131384,1,1,0,0,0,0,0,0,0,0,0,0
131384,2,1,0,0,0,0,0,0,0,0,0,0
131385,1,1,0,0,0,0,0,0,0,0,0,0
131385,2,1,0,0,0,0,0,0,0,0,0,0
131386,0,1,0,0,17,30,0,0,0,0,0,0
131386,1,1,0,0,0,0,0,0,0,0,0,0
131387,1,1,24,24,24,24,24,24,24,24,24,24
131388,1,1,0,0,0,0,0,0,0,0,0,0
131388,2,1,0,0,0,0,0,0,0,0,0,0
131389,1,1,0,0,23,23,6,36,0,0,0,0
131389,2,1,0,0,0,0,0,0,0,0,0,0
131389,3,1,0,0,0,0,0,0,17,0,0,0
131389,4,1,0,0,0,0,0,0,0,0,0,0
131389,5,1,0,0,0,0,0,0,0,0,0,0
131390,1,1,0,0,0,0,0,0,0,0,0,0
131390,2,1,9,0,0,0,0,0,0,0,0,0
131391,1,1,21,0,0,0,0,0,0,0,0,0
131391,2,1,0,0,0,0,0,0,0,0,0,0
131392,0,1,0,24,0,22,0,0,19,0,0,0
131392,1,1,0,0,0,0,0,0,0,0,0,0
131393,1,1,0,0,0,0,0,0,0,0,0,0
131393,2,1,0,0,0,0,0,0,0,0,0,0
131393,3,1,14,0,0,0,0,0,0,0,0,0
131393,4,1,0,0,0,0,0,0,0,0,0,0
131394,1,1,11,23,10,9,17,15,35,20,25,10
131395,1,1,27,27,27,27,27,27,27,27,27,27
131395,2,1,0,0,0,0,0,0,0,0,36,0
131396,1,1,0,0,0,0,0,0,0,0,0,0
131397,1,1,0,0,0,0,0,0,0,23,0,19
131398,1,1,0,0,0,0,0,0,0,0,0,0
131398,2,1,0,0,0,0,0,0,0,0,0,0
131398,3,1,0,0,0,0,0,0,0,0,0,0
131399,1,1,22,22,22,22,22,22,22,22,22,22
131400,1,1,0,0,0,0,0,0,0,0,0,0
131400,2,1,0,0,0,0,0,0,0,0,0,0
131401,0,1,28,28,28,28,28,28,28,28,28,28
131401,1,1,0,0,0,0,0,0,0,0,0,0
131402,0,1,0,11,10,13,11,0,0,0,0,0
131402,0,2,0,0,0,0,0,0,0,0,0,0
131402,1,1,0,0,0,0,0,0,0,0,0,0
131403,0,1,0,0,0,0,0,0,0,0,0,0
131403,1,1,0,0,0,0,0,0,0,0,0,0
131404,1,1,0,0,0,0,0,0,0,0,0,0
131404,2,1,0,0,0,0,0,0,0,0,0,0
131405,1,1,0,0,0,0,0,0,0,0,0,0
131406,1,1,0,0,0,0,0,0,0,0,0,0
131406,2,1,0,0,0,0,0,0,0,0,0,0
131407,1,1,14,14,14,14,14,14,14,14,14,14
131407,2,1,0,0,0,0,0,0,0,0,0,0
131408,1,1,0,0,0,0,0,0,0,0,0,0
131408,2,1,24,0,0,0,14,0,0,0,0,0
131409,0,1,0,0,0,0,0,0,0,0,0,0
131409,1,1,0,0,0,0,0,0,0,0,0,0
131410,1,1,0,14,0,0,0,0,0,0,0,0
131411,0,1,0,0,0,0,0,0,0,0,0,0
131411,1,1,0,0,0,0,0,0,0,0,0,0
131412,1,1,0,0,0,0,0,13,0,0,0,0
131412,2,1,0,0,28,18,0,0,0,0,0,0
131413,1,1,16,16,16,16,16,16,16,16,16,16
131413,2,1,0,0,0,0,0,0,0,0,0,0
131413,3,1,0,0,0,0,0,0,0,0,0,0
131414,0,1,16,16,16,16,16,16,16,16,16,16
131414,0,2,0,0,0,0,0,0,0,0,0,0
131414,1,1,0,0,0,0,0,0,0,0,0,0
131415,0,1,0,0,0,7,39,25,0,0,0,0
131415,1,1,0,0,0,0,13,13,0,16,0,0
131416,1,1,30,30,30,30,30,30,30,30,30,30
131417,1,1,10,16,14,14,10,14,18,21,10,15
131418,1,1,0,0,0,0,0,0,0,0,0,0
131419,1,1,0,0,0,0,0,17,0,21,0,0
131419,2,1,0,0,0,0,0,0,0,0,0,0
131420,1,1,0,0,0,0,0,0,0,0,0,0
131420,2,1,0,0,0,0,0,0,0,0,0,0
131421,0,1,13,0,0,0,46,0,0,13,13,0
131421,1,1,0,0,0,0,0,0,0,0,0,0
131422,1,1,0,6,15,28,11,5,0,28,8,0
131422,2,1,4,4,4,4,4,4,4,4,4,4
131423,1,1,0,0,0,0,0,0,0,0,0,0
131423,2,1,0,0,0,0,0,0,0,0,0,0
131424,1,1,0,0,0,0,0,0,16,0,0,0
131425,1,1,0,0,0,0,0,0,0,0,0,0
131425,2,1,0,0,0,0,0,0,0,0,0,0
131425,3,1,0,0,0,0,0,0,0,0,0,0
131426,1,1,0,0,0,0,0,0,0,0,0,0
131426,2,1,0,0,0,0,0,0,0,0,0,0
131426,3,1,0,0,0,0,0,0,0,0,0,0
131427,1,1,0,0,0,0,0,0,0,0,0,0
131428,1,1,0,0,0,0,0,0,0,0,0,0
131428,2,1,0,0,0,0,0,0,0,0,0,0
131429,1,1,0,0,0,0,0,0,0,0,0,0
131429,2,1,0,0,0,0,0,0,0,0,0,0
131430,1,1,0,0,0,0,0,0,0,0,0,0
131431,1,1,0,0,0,0,0,0,0,0,0,0
131431,2,1,25,25,25,25,25,25,25,25,25,25
131432,1,1,0,0,6,0,0,0,18,9,0,0
131433,1,1,0,0,0,0,0,0,0,0,0,0
131433,2,1,0,0,0,0,0,0,0,0,0,0
131434,1,1,0,0,0,0,0,0,0,0,0,0
131434,2,1,0,0,0,0,0,0,0,0,0,0
131435,0,1,0,0,0,0,0,0,0,0,24,0
131435,1,1,0,0,12,0,0,0,5,0,0,0
131436,1,1,0,0,20,12,14,4,11,19,0,0
131436,2,1,4,21,0,0,0,25,0,4,0,0
131437,1,1,8,13,33,26,22,12,26,17,11,26
131438,1,1,20,9,0,0,0,0,6,0,13,0
131439,1,1,0,0,0,0,0,0,0,0,0,0
131439,2,1,0,0,0,0,0,0,0,0,16,0
131439,3,1,0,0,0,0,0,0,0,0,0,0
131440,1,1,0,0,26,0,0,0,0,0,0,0
131441,1,1,16,16,16,16,16,16,16,16,16,16
131442,1,1,0,0,0,0,0,11,0,0,21,0
131442,2,1,6,6,6,6,6,6,6,6,6,6
131443,1,1,0,0,0,0,0,0,8,0,0,0
131443,2,1,0,0,0,0,0,0,0,0,0,0
131443,3,1,0,0,0,0,0,18,0,0,0,0
131444,0,1,10,10,10,10,10,10,10,10,10,10
131444,1,1,0,0,0,0,0,0,0,0,0,21
131444,2,1,0,0,0,0,0,0,12,0,0,0
131444,3,1,0,0,0,0,0,0,0,0,0,0
131444,4,1,12,0,10,0,0,0,0,0,0,0
131444,5,1,0,0,0,0,0,0,0,0,0,0
131445,1,1,10,0,0,0,0,0,0,0,0,0
131446,1,1,24,24,24,24,24,24,24,24,24,24
150001,1,1,0,0,0,21,0,0,0,0,0,0
150001,2,1,15,15,15,15,15,15,15,15,15,15
150002,1,1,0,0,0,0,0,0,0,0,0,0
150002,2,1,0,0,0,0,0,0,0,0,0,0
150004,1,1,14,14,14,14,14,14,14,14,14,14
150005,0,1,0,0,0,0,0,0,0,0,0,0
150005,1,1,2,2,2,2,2,2,2,2,2,2
150006,0,1,0,0,0,0,0,0,0,0,0,0
150006,1,1,8,28,0,23,0,12,26,24,0,8
150007,1,1,16,16,16,16,16,16,16,16,16,16
150008,1,1,16,16,16,16,16,16,16,16,16,16
150009,1,1,0,0,0,0,0,0,0,0,0,0
150009,2,1,0,0,0,9,0,0,0,0,0,0
150010,0,1,0,0,0,0,0,0,0,0,0,0
150010,1,1,0,0,0,0,0,23,20,0,51,21
150011,0,1,0,0,0,0,0,0,0,0,0,0
150011,1,1,16,0,0,0,0,0,0,0,0,0
150012,1,1,0,0,0,0,13,0,0,0,8,0
150013,1,1,0,0,0,0,0,0,0,0,0,0
150013,2,1,0,0,0,0,0,0,0,0,0,0
150013,3,1,0,0,0,0,0,0,0,0,0,0
150014,1,1,17,21,13,23,0,12,0,27,0,11
150015,1,1,0,0,0,0,0,0,0,0,0,0
150015,2,1,0,0,0,0,0,0,0,0,0,0
150016,1,1,0,0,0,0,0,0,0,0,0,0
150017,1,1,15,15,15,15,15,15,15,15,15,15
150018,1,1,23,23,23,23,23,23,23,23,23,23
150019,1,1,23,23,23,23,23,23,23,23,23,23
150019,2,1,0,0,23,4,0,0,9,22,18,0
150019,3,1,0,0,17,48,0,6,20,0,0,0
150020,1,1,0,0,7,9,0,20,0,16,33,25
150021,1,1,15,15,15,15,15,15,15,15,15,15
150023,1,1,14,14,14,14,14,14,14,14,14,14
150023,2,1,0,0,0,0,0,0,0,0,0,0
150024,1,1,0,0,0,0,0,0,0,0,0,0
150025,1,1,35,0,0,26,0,0,0,13,0,0
150026,1,1,0,0,0,0,0,0,0,0,0,0
150026,2,1,0,0,0,0,0,0,0,0,0,0
150027,1,1,0,0,0,0,0,0,0,0,0,0
150027,2,1,0,0,0,0,0,0,0,0,0,0
150028,1,1,21,21,21,21,21,21,21,21,21,21
150029,1,1,6,25,22,8,7,20,0,14,15,12
150029,2,1,0,0,0,0,0,0,0,0,0,33
150029,3,1,0,0,0,0,0,0,0,0,0,0
150030,1,1,0,0,0,0,0,0,0,0,0,0
150031,1,1,0,0,0,0,0,0,0,0,0,0
150031,2,1,2,2,2,2,2,2,2,2,2,2
150032,1,1,22,22,22,22,22,22,22,22,22,22
150033,1,1,0,0,0,0,0,30,0,0,0,18
150033,2,1,6,6,6,6,6,6,6,6,6,6
150034,1,1,0,0,0,0,0,0,0,0,0,0
150034,2,1,0,0,0,0,0,0,0,0,0,0
150035,1,1,27,27,27,27,27,27,27,27,27,27
150036,1,1,13,13,13,13,13,13,13,13,13,13
150036,2,1,0,0,0,0,0,0,0,0,0,0
150037,1,1,0,0,0,0,0,0,0,0,0,0
150038,1,1,0,0,0,0,0,0,0,0,0,0
150038,2,1,10,0,22,10,18,16,0,33,22,0
150039,1,1,20,18,14,11,0,0,0,0,9,0
150040,1,1,24,24,24,24,24,24,24,24,24,24
150040,2,1,0,0,0,0,0,0,0,0,0,0
150041,1,1,0,0,0,0,0,0,0,0,0,0
150041,2,1,0,0,0,0,0,0,0,0,21,6
150042,1,1,0,0,0,0,0,0,0,0,0,0
150042,2,1,0,0,0,0,0,0,0,0,0,0
150043,1,1,0,0,0,0,23,0,0,12,0,20
150043,2,1,0,0,0,0,0,0,0,0,0,0
150044,1,1,0,0,0,0,0,0,0,0,0,0
150045,1,1,0,0,0,0,0,0,0,0,0,0
150045,2,1,0,0,0,0,0,25,0,0,0,0
150046,1,1,0,0,0,0,0,0,0,0,0,0
150046,2,1,0,0,0,0,0,0,0,0,0,0
150047,1,1,10,10,10,10,10,10,10,10,10,10
150048,1,1,0,0,0,0,0,0,0,0,0,0
150048,2,1,0,0,0,0,0,0,0,0,0,0
150049,1,1,0,0,0,0,0,0,0,0,0,0
150049,2,1,0,0,0,0,0,0,0,5,0,0
150049,3,1,5,7,0,0,0,0,0,0,8,0
150050,1,1,10,10,10,10,10,10,10,10,10,10
150051,1,1,8,8,8,8,8,8,8,8,8,8
150052,1,1,0,0,0,0,0,0,0,0,0,0
150053,1,1,13,13,13,13,13,13,13,13,13,13
150054,1,1,0,0,0,0,4,0,0,0,0,0
150054,2,1,0,0,0,0,0,0,0,0,0,0
150055,1,1,11,0,13,0,0,0,0,10,22,0
150055,2,1,18,18,18,18,18,18,18,18,18,18
150056,0,1,21,21,21,21,21,21,21,21,21,21
150056,1,1,0,0,0,0,0,0,0,0,0,0
150057,1,1,0,0,0,0,0,0,0,0,0,0
150057,2,1,0,0,0,0,0,0,0,0,0,0
150058,1,1,0,0,0,0,0,0,0,0,0,0
150059,1,1,0,0,0,0,0,0,0,0,0,0
150060,0,1,25,25,25,25,25,25,25,25,25,25
150060,1,1,0,0,0,17,0,0,0,0,0,0
150061,0,1,0,0,0,0,0,0,0,0,0,0
150061,1,1,0,0,0,0,0,0,8,0,0,19
150062,1,1,0,0,0,0,0,0,0,0,0,0
150062,2,1,0,0,0,0,0,0,0,0,0,0
150063,1,1,0,0,0,0,0,0,0,0,0,0
150064,1,1,0,0,0,0,0,0,0,0,0,0
150064,2,1,3,3,3,3,3,3,3,3,3,3
150065,1,1,0,0,0,42,0,0,0,0,0,0
150065,2,1,0,0,0,0,0,0,0,0,0,0
150066,1,1,11,11,11,11,11,11,11,11,11,11
150067,0,1,0,0,0,0,0,0,0,0,0,0
150067,1,1,0,0,0,0,0,0,0,0,0,0
150069,1,1,4,14,10,34,23,22,21,19,21,15
150070,1,1,0,0,0,0,0,0,0,0,0,0
150071,1,1,0,0,0,0,0,0,0,0,0,0
150071,2,1,0,0,0,0,0,0,0,0,0,0
150072,0,1,12,12,12,12,12,12,12,12,12,12
150072,1,1,0,14,0,0,0,15,0,0,0,0
150073,1,1,25,25,25,25,25,25,25,25,25,25
150073,2,1,0,12,0,0,0,16,0,3,0,0
150073,3,1,0,0,0,0,0,0,0,0,0,0
150073,4,1,0,0,0,11,0,0,8,0,0,0
150073,5,1,0,0,0,0,0,14,23,0,13,0
150074,1,1,31,31,31,31,31,31,31,31,31,31
150075,1,1,0,0,0,0,0,0,0,0,0,0
150076,1,1,0,0,0,0,0,0,0,0,0,0
150076,2,1,0,13,0,0,0,0,21,17,0,0
150077,1,1,24,24,24,24,24,24,24,24,24,24
150078,1,1,20,20,20,20,20,20,20,20,20,20
150079,0,1,0,0,0,0,0,0,0,0,0,0
150079,1,1,0,0,0,0,0,0,0,0,0,0
150080,1,1,17,17,17,17,17,17,17,17,17,17
150080,2,1,0,0,0,0,0,0,0,0,0,0
150081,1,1,0,0,0,0,0,0,0,0,0,0
150081,2,1,20,0,16,0,0,0,0,0,0,0
150082,1,1,0,0,0,0,0,0,0,0,0,0
150082,2,1,8,8,8,8,8,8,8,8,8,8
150083,0,1,0,0,0,0,0,0,0,0,0,0
150083,0,2,0,0,0,0,0,0,0,0,0,0
150083,1,1,0,0,0,0,0,0,0,0,0,0
150084,0,1,22,22,22,22,22,22,22,22,22,22
150084,1,1,0,0,0,0,0,0,17,0,21,8
150085,0,1,0,0,0,0,0,0,24,0,0,0
150085,1,1,0,0,0,0,0,0,0,0,0,0
150086,0,1,0,0,0,0,0,0,0,0,0,0
150086,1,1,0,0,0,0,0,0,0,0,0,0
150087,0,1,0,0,0,0,0,0,0,0,0,0
150087,1,1,0,0,0,0,0,0,0,0,0,0
150088,1,1,0,0,0,0,0,0,10,0,0,0
150088,2,1,23,0,0,0,3,0,0,0,0,0
150089,0,1,25,25,25,25,25,25,25,25,25,25
150089,1,1,0,0,0,0,0,0,0,0,0,0
150090,0,1,0,0,27,0,0,0,0,0,0,0
150090,1,1,0,0,0,0,0,0,0,0,0,0
150091,1,1,4,4,4,4,4,4,4,4,4,4
150092,1,1,8,22,0,0,0,0,0,0,16,0
150092,2,1,0,0,0,0,0,0,0,0,0,0
150093,0,1,0,0,0,0,0,0,0,0,0,0
150093,0,2,0,0,0,13,0,0,42,0,0,0
150093,1,1,15,10,0,14,36,0,0,18,0,14
150094,1,1,2,0,0,0,0,0,0,0,0,0
150094,2,1,0,0,0,0,0,0,0,0,0,0
150095,0,1,0,0,0,0,0,0,0,0,0,0
150095,1,1,3,3,3,3,3,3,3,3,3,3
150096,1,1,0,20,0,0,0,0,0,0,0,0
150096,2,1,0,0,0,0,0,0,0,0,0,0
150097,0,1,0,0,0,19,0,0,21,0,0,0
150097,1,1,0,0,0,0,0,18,0,0,0,0
150098,1,1,0,0,0,0,0,0,0,0,0,0
150098,2,1,5,12,0,6,5,0,14,0,11,14
150098,3,1,0,19,0,0,19,16,7,0,14,0
150099,0,1,0,0,0,0,0,0,0,0,0,0
150099,1,1,0,0,0,0,0,0,0,0,0,0
160001,0,1,10,10,10,10,10,10,10,10,10,10
160001,0,2,0,0,33,0,8,0,0,0,11,9
160001,1,1,6,6,6,6,6,6,6,6,6,6
160001,2,1,0,0,0,0,0,0,0,0,0,0
160002,1,1,0,0,0,0,0,0,0,0,0,0
160003,1,1,0,0,0,0,0,0,0,0,0,0
160003,2,1,0,0,0,0,0,0,0,0,0,0
160004,1,1,0,0,0,0,0,0,0,0,0,0
160004,2,1,0,0,0,0,0,0,0,0,0,0
160005,1,1,0,0,0,0,0,0,0,0,0,0
160005,2,1,0,0,0,0,0,0,0,0,0,0
160006,0,1,0,0,0,0,0,0,0,0,0,0
160007,1,1,0,0,0,0,0,0,0,0,0,0
160007,2,1,0,0,0,0,0,8,0,0,0,0
160008,1,1,0,19,0,23,0,0,0,0,30,0
160009,1,1,0,0,0,0,0,0,0,0,0,0
160010,1,1,0,0,20,0,0,0,0,0,0,0
160011,1,1,0,0,0,0,0,0,0,0,0,0
160011,2,1,0,0,0,0,0,0,0,0,0,0
160012,1,1,0,0,0,0,0,0,0,0,0,0
160012,2,1,0,0,0,0,0,0,0,0,0,0
160013,1,1,0,0,0,0,0,0,0,0,0,0
160013,2,1,0,0,0,0,0,0,0,0,0,0
160014,1,1,0,26,0,0,0,0,0,0,0,0
160014,2,1,0,0,0,36,0,0,0,0,16,0
160015,0,1,0,34,0,0,0,0,0,22,0,13
160015,1,1,0,0,0,0,0,0,0,0,0,0
160016,1,1,0,0,0,0,0,0,0,0,0,0
160016,2,1,0,0,0,0,0,0,0,0,0,0
160016,3,1,0,0,0,0,0,0,0,0,0,0
160017,1,1,23,23,23,23,23,23,23,23,23,23
160018,1,1,0,0,0,0,0,0,0,0,0,0
160019,1,1,0,0,0,0,0,0,0,0,0,0
160019,2,1,0,0,0,0,0,0,0,0,0,0
160019,3,1,0,0,0,0,0,0,0,0,0,0
160020,1,1,23,23,23,23,23,23,23,23,23,23
160020,2,1,0,0,0,0,0,0,0,0,0,0
160021,1,1,0,0,0,0,0,0,0,0,0,0
160021,2,1,0,0,0,0,0,0,0,0,0,0
160022,1,1,0,10,0,0,0,0,0,0,0,15
160023,1,1,5,5,5,5,5,5,5,5,5,5
160024,1,1,9,9,9,9,9,9,9,9,9,9
160024,2,1,0,0,0,0,0,0,0,0,0,0