ST_CASE,VEH_NO,PER_NO,P1,P2,P3,P4,P5,P6,P7,P8,P9,P10
170446,1,1,0,0,0,0,0,0,0,0,0,0
170446,2,1,0,0,0,0,0,0,0,0,0,0
170447,1,1,0,0,21,0,0,0,0,0,0,0
170447,2,1,0,0,0,0,0,0,0,0,0,0
170448,1,1,0,29,10,0,0,0,0,4,0,0
170449,1,1,0,16,11,22,23,0,0,38,13,19
170450,1,1,0,0,0,0,0,0,0,0,0,0
170450,2,1,0,0,0,0,0,0,0,0,0,0
170451,1,1,10,10,10,10,10,10,10,10,10,10
170451,2,1,0,0,0,0,0,0,0,20,20,0
170452,0,1,26,26,26,26,26,26,26,26,26,26
170452,1,1,0,0,0,25,15,0,0,0,0,0
170453,1,1,0,0,0,0,0,0,0,0,0,0
170454,1,1,0,0,0,0,0,0,0,0,0,0
170454,2,1,0,0,0,0,2,0,4,0,0,0
170455,1,1,0,0,0,0,0,29,0,11,15,27
170456,1,1,0,18,15,19,8,0,0,15,0,25
170457,1,1,25,25,25,25,25,25,25,25,25,25
170458,0,1,0,0,0,0,0,0,0,0,0,0
170458,1,1,0,0,0,0,0,0,0,0,0,0
170459,1,1,0,0,0,0,0,0,0,0,0,0
170459,2,1,0,0,0,0,0,0,0,0,0,0
170460,1,1,0,0,0,0,0,0,0,0,0,0
170460,2,1,0,0,15,0,18,0,0,0,0,11
170461,1,1,0,0,0,0,0,0,0,0,0,0
170461,2,1,0,0,0,0,0,0,0,0,0,0
170462,1,1,7,10,16,0,13,20,20,0,0,22
170462,2,1,0,0,0,0,0,0,0,12,0,0
170462,3,1,0,17,0,0,0,0,0,0,0,0
170462,5,1,0,0,0,0,14,0,0,0,0,0
170463,1,1,0,0,0,0,0,0,0,0,0,0
170463,2,1,0,0,0,0,0,0,0,0,0,0
170463,3,1,0,0,0,11,0,0,0,0,0,0
170464,0,1,0,0,0,0,0,0,0,0,0,0
170464,1,1,0,0,0,0,0,0,0,0,0,0
170465,1,1,0,0,0,0,0,0,0,0,0,0
170465,2,1,0,0,0,0,0,0,0,0,0,0
170465,3,1,0,0,0,0,0,0,0,0,0,0
170465,4,1,0,0,0,0,0,0,0,0,0,0
170466,0,1,0,0,0,0,0,0,0,0,0,0
170466,1,1,0,0,15,0,0,0,0,0,0,0
170467,1,1,0,0,0,0,0,0,0,19,0,0
170468,0,1,20,20,20,20,20,20,20,20,20,20
170468,1,1,0,0,0,0,0,0,0,0,0,0
170469,0,1,0,0,0,0,0,0,0,0,0,0
170469,1,1,0,0,0,0,0,0,0,0,0,0
170470,1,1,15,15,15,15,15,15,15,15,15,15
170470,2,1,0,0,0,0,0,0,0,0,0,0
170470,3,1,0,0,0,0,0,6,19,0,0,0
170471,0,1,0,0,0,0,0,0,0,0,0,0
170471,1,1,0,0,0,0,0,0,0,0,0,0
170472,1,1,0,0,0,0,0,0,0,0,0,0
170472,2,1,0,0,0,0,0,0,0,0,0,0
170472,3,1,0,0,0,0,0,0,0,0,0,0
170473,1,1,0,0,0,0,0,0,0,0,0,0
170474,1,1,0,0,0,0,0,0,0,0,0,0
170474,2,1,0,0,0,0,0,0,0,0,0,0
170474,3,1,0,0,0,0,0,0,0,0,0,0
170475,1,1,18,18,18,18,18,18,18,18,18,18
170476,1,1,0,0,0,0,0,0,0,0,0,0
170476,2,1,0,0,0,0,0,0,0,0,0,0
170477,1,1,0,0,0,0,0,0,0,0,0,0
170477,2,1,0,0,0,0,0,0,0,0,0,0
170477,3,1,0,0,0,0,0,0,0,0,0,0
170478,1,1,18,0,0,0,0,0,29,0,0,0
170479,1,1,0,0,0,0,0,0,0,0,0,0
170479,2,1,0,0,0,0,0,0,0,0,0,0
170480,1,1,14,14,14,14,14,14,14,14,14,14
170480,2,1,0,0,0,0,0,0,0,0,0,0
170481,1,1,0,27,15,0,35,0,23,0,15,4
170481,2,1,0,0,0,0,0,0,24,4,32,0
170482,1,1,0,0,22,0,19,13,0,0,0,0
170483,1,1,19,6,0,0,28,0,0,0,0,0
170483,2,1,4,4,4,4,4,4,4,4,4,4
170484,0,1,0,0,0,0,0,0,0,0,0,0
170484,1,1,0,0,0,0,0,0,0,0,0,0
170485,1,1,0,0,0,0,0,0,0,0,0,0
170486,0,1,27,0,0,13,27,0,18,0,20,0
170486,1,1,29,7,0,0,0,38,13,4,16,0
170487,1,1,0,0,0,0,0,14,0,0,14,0
170487,2,1,0,0,0,0,0,0,0,0,0,0
170488,1,1,0,0,0,0,0,0,0,0,0,0
170488,2,1,12,0,15,0,0,0,0,0,0,0
170489,1,1,0,0,0,0,0,0,0,0,0,0
170489,2,1,0,0,0,0,0,0,0,0,0,0
170490,1,1,0,0,0,0,0,0,0,0,0,0
170490,2,1,0,0,0,0,0,0,0,0,0,0
170491,1,1,23,23,23,23,23,23,23,23,23,23
170492,1,1,0,0,0,0,0,0,0,0,0,0
170493,1,1,12,12,12,12,12,12,12,12,12,12
170494,0,1,35,35,35,35,35,35,35,35,35,35
170494,1,1,0,0,0,0,0,0,0,0,0,0
170495,1,1,0,0,5,0,0,0,0,0,0,0
170495,2,1,0,0,0,0,0,0,0,0,0,0
170496,1,1,17,17,17,17,17,17,17,17,17,17
170497,1,1,0,0,0,0,14,0,22,0,12,0
170497,2,1,1,1,1,1,1,1,1,1,1,1
170498,1,1,0,0,0,0,0,0,0,0,0,0
170498,2,1,0,0,0,0,0,0,0,0,0,0
170499,1,1,0,0,0,0,0,0,0,0,0,0
170499,2,1,0,0,0,0,0,0,0,0,0,0
170500,1,1,0,0,0,0,0,0,0,0,0,0
170500,2,1,0,0,0,0,0,0,0,0,0,0
170501,0,1,0,0,0,0,0,0,0,0,0,0
170501,1,1,0,0,0,0,0,0,0,0,0,0
170502,1,1,0,0,0,0,0,0,0,0,0,0
170502,2,1,0,0,0,0,0,0,0,0,0,0
170503,1,1,0,0,0,0,0,0,0,0,0,0
170504,1,1,9,0,31,0,0,0,0,0,13,0
170504,2,1,0,6,0,0,0,0,0,0,0,0
170505,1,1,0,0,0,0,0,0,0,0,0,0
170505,2,1,16,0,0,0,0,0,0,0,0,0
170506,0,1,0,12,7,6,4,29,22,18,29,23
170506,1,1,0,0,0,0,0,0,0,0,0,0
170507,1,1,3,3,3,3,3,3,3,3,3,3
170509,1,1,23,22,0,0,25,11,6,8,0,10
170510,1,1,7,7,7,7,7,7,7,7,7,7
170510,2,1,0,0,0,0,14,0,0,0,0,0
170511,0,1,0,0,0,0,0,0,0,0,0,0
170511,1,1,0,0,0,0,0,0,0,0,0,0
170512,1,1,4,4,4,4,4,4,4,4,4,4
170513,1,1,2,2,2,2,2,2,2,2,2,2
170514,0,1,0,0,0,0,0,0,17,17,15,0
170514,1,1,0,0,0,0,0,0,0,0,0,0
170515,1,1,16,16,16,16,16,16,16,16,16,16
170516,1,1,0,0,0,0,0,0,0,0,0,0
170516,2,1,0,0,0,0,0,0,0,0,0,0
170516,3,1,0,0,0,0,0,0,0,0,0,0
170517,1,1,0,0,0,0,0,0,0,0,0,0
170518,1,1,0,0,0,0,0,0,0,0,0,0
170518,2,1,0,0,0,0,0,0,0,0,0,0
170518,3,1,0,0,0,0,0,0,0,0,0,0
170519,1,1,41,41,41,41,41,41,41,41,41,41
170520,1,1,10,10,10,10,10,10,10,10,10,10
170520,2,1,0,0,0,0,0,0,0,0,0,0
170521,0,1,0,0,0,0,0,0,0,0,0,0
170521,1,1,0,0,0,0,0,0,0,0,0,0
170522,1,1,0,0,0,0,0,0,0,0,0,0
170523,1,1,0,0,0,0,0,0,0,0,0,0
170524,1,1,0,8,11,16,21,5,0,0,0,0
170525,1,1,0,0,0,0,0,0,0,0,0,0
170525,2,1,0,0,0,0,0,0,0,0,0,0
170527,1,1,0,0,0,0,0,0,0,0,0,0
170528,1,1,0,0,0,0,0,0,0,0,0,0
170528,2,1,0,0,0,0,0,0,0,0,0,0
170528,3,1,0,0,0,0,0,0,0,0,0,0
170529,0,1,10,10,10,10,10,10,10,10,10,10
170529,1,1,7,9,12,24,17,23,19,3,0,18
170530,1,1,3,3,3,3,3,3,3,3,3,3
170531,1,1,14,14,14,14,14,14,14,14,14,14
170531,2,1,0,0,0,0,0,0,0,0,0,0
170532,1,1,0,0,0,0,0,0,0,0,0,0
170532,2,1,0,0,0,0,0,0,0,0,0,0
170533,1,1,26,26,26,26,26,26,26,26,26,26
170534,1,1,15,15,15,15,15,15,15,15,15,15
170535,0,1,31,31,31,31,31,31,31,31,31,31
170535,1,1,0,0,0,0,0,0,0,0,0,0
170536,1,1,15,15,15,15,15,15,15,15,15,15
170537,1,1,0,0,0,0,0,0,0,0,0,0
170537,2,1,0,0,0,0,0,0,0,0,0,0
170537,3,1,0,0,0,0,0,0,0,0,0,0
170538,1,1,0,0,0,0,0,0,0,0,0,0
170538,2,1,0,0,0,0,0,0,0,0,0,0
170539,1,1,0,0,0,0,0,0,0,0,0,0
170539,2,1,0,0,0,0,0,0,0,0,0,0
170540,0,1,32,0,0,0,0,29,26,28,0,0
170540,1,1,0,25,0,0,0,0,0,0,11,0
170541,1,1,0,9,0,0,0,0,0,0,0,0
170541,2,1,0,0,0,0,0,0,0,0,0,0
170541,3,1,0,0,0,0,0,0,0,0,0,0
170542,1,1,0,0,0,0,0,0,0,0,0,0
170542,2,1,10,0,0,0,0,0,0,0,0,0
170543,1,1,0,0,0,0,0,0,0,0,0,0
170544,1,1,0,0,0,0,0,0,19,0,6,0
170545,1,1,0,0,0,0,0,0,0,0,0,0
170545,2,1,0,0,0,4,19,0,0,0,18,0
170546,1,1,5,5,5,5,5,5,5,5,5,5
170547,1,1,7,7,7,7,7,7,7,7,7,7
170547,2,1,0,0,0,0,0,0,0,0,0,0
170547,3,1,0,0,0,0,0,0,0,0,0,0
170548,1,1,15,15,15,15,15,15,15,15,15,15
170548,2,1,0,0,0,0,0,0,5,0,0,0
170548,3,1,0,0,0,0,29,0,0,0,0,0
170549,1,1,0,0,0,0,0,0,0,0,0,0
170549,2,1,0,0,0,0,0,0,0,0,0,0
170550,1,1,0,0,0,0,0,0,0,0,0,0
170550,2,1,0,0,0,0,0,0,0,0,0,0
170551,1,1,0,0,0,0,0,0,0,0,0,0
170552,0,1,6,6,6,6,6,6,6,6,6,6
170552,0,2,19,15,7,18,0,26,0,28,0,34
170552,1,1,0,24,0,0,0,0,0,0,21,0
170554,1,1,0,0,0,0,0,0,0,0,0,0
170554,2,1,0,0,0,0,0,0,0,0,0,0
170555,1,1,10,10,10,10,10,10,10,10,10,10
170556,1,1,11,13,11,6,21,14,9,17,15,16
170557,1,1,21,21,21,21,21,21,21,21,21,21
170557,2,1,0,20,0,0,0,22,0,0,0,0
170557,3,1,11,5,17,0,0,0,15,0,0,0
170557,4,1,0,17,0,0,0,11,0,0,8,0
170558,1,1,7,7,7,7,7,7,7,7,7,7
170558,2,1,27,27,27,27,27,27,27,27,27,27
170559,1,1,60,60,60,60,60,60,60,60,60,60
170560,1,1,10,10,10,10,10,10,10,10,10,10
170561,0,1,18,15,0,0,0,8,29,0,14,19
170561,1,1,0,0,17,0,0,0,0,0,0,0
170562,1,1,24,24,24,24,24,24,24,24,24,24
170562,2,1,0,0,0,0,0,0,0,0,0,0
170563,1,1,0,0,0,0,0,0,15,14,0,0
170563,2,1,0,0,0,0,0,0,0,0,0,0
170563,3,1,0,0,0,0,0,0,0,0,0,0
170565,1,1,2,2,2,2,2,2,2,2,2,2
170566,1,1,0,0,0,0,0,0,0,0,0,0
170567,1,1,0,0,0,0,0,0,0,0,0,0
170567,2,1,0,0,0,0,0,0,0,0,0,0
170567,3,1,0,28,0,0,0,0,0,0,0,0
170568,1,1,20,20,20,20,20,20,20,20,20,20
170569,1,1,16,16,16,16,16,16,16,16,16,16
170570,1,1,0,0,0,0,0,0,0,0,0,0
170571,1,1,24,24,24,24,24,24,24,24,24,24
170572,1,1,0,0,0,0,26,0,0,0,0,0
170572,2,1,1,1,1,1,1,1,1,1,1,1
170573,1,1,0,21,0,0,0,0,0,15,0,9
170573,2,1,0,0,0,0,0,0,0,0,0,0
170574,1,1,2,2,2,2,2,2,2,2,2,2
170574,2,1,0,0,0,0,0,0,0,0,0,0
170574,3,1,0,0,0,0,0,0,0,0,0,0
170575,1,1,11,11,11,11,11,11,11,11,11,11
170576,1,1,20,20,20,20,20,20,20,20,20,20
170577,1,1,14,19,0,0,0,0,0,0,12,17
170577,2,1,18,0,0,0,0,0,0,0,0,0
170578,0,1,0,0,0,0,0,0,15,0,0,0
170578,1,1,0,0,0,0,0,0,0,0,0,0
170579,1,1,23,23,23,23,23,23,23,23,23,23
170580,0,1,0,0,0,0,6,0,16,0,0,0
170580,1,1,0,0,0,0,0,0,0,0,0,0
170581,0,1,0,0,0,0,0,0,0,0,0,0
170581,1,1,0,0,11,0,0,0,13,0,19,0
170582,1,1,0,0,0,0,0,0,0,0,0,0
170583,1,1,0,0,0,0,0,0,0,0,0,0
170583,2,1,5,5,5,5,5,5,5,5,5,5
170584,1,1,21,21,21,21,21,21,21,21,21,21
170585,1,1,0,0,0,0,0,0,0,0,0,0
170585,2,1,0,0,0,0,0,0,0,0,0,0
170585,3,1,0,0,0,0,0,0,0,0,0,0
170585,4,1,0,0,0,0,0,0,0,0,0,0
170586,0,1,0,0,0,0,0,0,0,0,0,0
170586,1,1,0,0,0,0,0,0,0,0,0,0
170587,1,1,0,0,0,0,0,0,0,0,0,0
170587,2,1,0,0,0,0,0,0,0,2,0,7
170588,1,1,0,0,0,0,0,0,0,0,22,0
170588,2,1,17,17,17,17,17,17,17,17,17,17
170589,0,1,30,30,30,30,30,30,30,30,30,30
170589,1,1,23,0,0,0,17,0,0,19,12,17
170590,1,1,0,0,0,0,0,0,0,0,0,0
170591,1,1,0,0,0,0,0,0,0,0,0,0
170591,2,1,0,0,0,0,0,0,0,0,0,0
170592,1,1,57,57,57,57,57,57,57,57,57,57
170593,1,1,10,10,10,10,10,10,10,10,10,10
170594,1,1,0,0,0,0,0,0,0,0,0,0
170595,1,1,0,0,0,0,0,0,0,0,0,0
170596,1,1,16,16,16,16,16,16,16,16,16,16
170597,0,1,11,11,11,11,11,11,11,11,11,11
170597,1,1,10,25,28,18,17,9,17,0,6,19
170598,1,1,0,0,0,0,0,0,0,0,0,0
170598,2,1,0,0,0,15,0,0,0,0,0,0
170599,1,1,14,14,14,14,14,14,14,14,14,14
170600,1,1,0,0,0,0,0,0,0,0,0,0
170600,2,1,0,0,0,0,0,0,0,0,0,0
170600,3,1,0,0,0,0,0,0,0,0,7,0
170601,0,1,11,11,11,11,11,11,11,11,11,11
170601,1,1,0,0,0,0,0,0,0,0,0,0
170602,1,1,10,10,10,10,10,10,10,10,10,10
170603,1,1,0,0,0,0,0,0,0,0,0,0
170603,2,1,0,0,0,0,0,0,0,24,0,0
170604,1,1,7,7,7,7,7,7,7,7,7,7
170605,1,1,11,16,13,0,0,15,0,29,16,31
170605,2,1,0,0,16,0,0,0,0,0,0,0
170606,1,1,0,0,0,0,0,0,0,0,0,0
170607,1,1,0,0,0,0,0,0,0,0,0,0
170607,2,1,0,0,0,0,0,0,0,0,0,0
170607,3,1,0,0,0,0,0,0,0,0,7,0
170607,4,1,0,0,0,0,0,0,0,0,0,0
170607,5,1,0,0,0,0,0,15,0,0,0,0
170607,6,1,0,0,0,0,0,0,0,0,0,0
170607,7,1,0,0,0,0,0,0,0,0,0,0
170608,1,1,21,21,21,21,21,21,21,21,21,21
170609,1,1,14,14,14,14,14,14,14,14,14,14
170609,2,1,0,0,0,0,0,0,0,0,0,0
170610,1,1,0,0,0,0,0,0,0,0,0,0
170611,1,1,2,2,2,2,2,2,2,2,2,2
170611,2,1,0,0,0,0,0,0,0,0,0,0
170612,1,1,24,24,24,24,24,24,24,24,24,24
170613,1,1,23,23,23,23,23,23,23,23,23,23
170613,2,1,0,0,0,0,0,0,0,0,0,0
170613,3,1,0,0,0,0,0,0,0,0,0,0
170614,1,1,0,0,0,0,0,0,0,0,0,0
170614,2,1,1,1,1,1,1,1,1,1,1,1
170615,1,1,0,0,0,0,0,0,0,0,0,0
170615,2,1,0,0,0,0,0,0,0,0,0,0
170616,1,1,0,0,0,0,0,0,0,0,0,0
170616,2,1,0,0,0,0,0,0,0,0,0,0
170616,3,1,0,0,0,0,0,0,0,0,0,0
170617,1,1,0,0,0,0,0,0,0,0,0,0
170617,2,1,0,0,0,0,0,0,0,0,0,0
170617,3,1,0,0,0,0,0,0,0,0,0,0
170617,4,1,0,0,0,0,0,0,0,0,0,0
170618,1,1,0,0,0,0,0,0,0,0,0,0
170618,2,1,0,0,0,0,0,0,0,0,0,0
170619,1,1,14,14,14,14,14,14,14,14,14,14
170619,2,1,0,0,0,0,0,0,0,0,7,0
170620,0,1,0,0,0,0,0,0,0,0,0,0
170620,1,1,0,0,0,0,0,0,0,0,0,0
170621,1,1,0,0,0,0,0,0,0,0,0,0
170621,2,1,0,0,0,0,0,0,0,0,0,0
170622,0,1,0,0,0,0,0,0,0,0,0,0
170622,1,1,31,0,3,0,11,17,29,15,24,16
170623,1,1,0,0,0,6,16,0,28,11,0,0
170624,1,1,20,20,20,20,20,20,20,20,20,20
170624,2,1,0,0,0,0,0,0,0,0,0,0
170625,0,1,0,0,0,0,0,0,0,14,0,0
170625,1,1,0,0,0,0,0,0,18,0,0,0
170626,1,1,6,6,6,6,6,6,6,6,6,6
170626,2,1,0,0,0,0,0,0,0,0,0,0
170627,1,1,0,0,0,0,0,0,0,0,0,0
170627,2,1,0,0,0,0,0,0,0,0,0,0
170628,1,1,0,0,0,0,0,0,0,0,0,0
170628,2,1,0,0,0,0,0,0,0,0,0,0
170629,1,1,0,0,0,0,0,0,0,0,0,0
170630,1,1,0,0,0,0,0,0,0,0,0,0
170631,1,1,13,13,13,13,13,13,13,13,13,13
170632,1,1,0,0,0,0,0,0,0,0,0,0
170632,2,1,0,0,0,0,0,0,0,0,0,0
170633,0,1,0,0,0,0,0,0,0,0,0,0
170633,1,1,0,0,0,0,0,0,0,0,0,0
170634,1,1,0,0,0,0,0,0,0,0,0,0
170634,2,1,0,0,0,0,0,0,0,0,0,0
170635,1,1,0,0,0,0,0,0,0,0,0,0
170635,2,1,0,0,0,0,0,0,0,0,0,0
170636,1,1,0,0,0,0,7,16,0,0,29,0
170636,2,1,0,0,0,0,0,0,0,0,0,0
170637,1,1,0,34,19,35,2,17,13,9,0,11
170638,1,1,16,16,16,16,16,16,16,16,16,16
170639,1,1,0,0,0,0,0,0,0,0,0,0
170639,2,1,0,0,13,0,0,0,0,0,0,0
170640,1,1,4,4,4,4,4,4,4,4,4,4
170641,1,1,18,18,18,18,18,18,18,18,18,18
170642,0,1,0,0,0,0,0,0,0,0,0,0
170642,1,1,0,0,0,0,0,0,0,0,0,0
170643,0,1,0,0,0,0,0,0,0,0,0,0
170643,1,1,0,0,0,0,0,0,0,0,0,0
170644,1,1,0,0,0,21,0,0,0,0,0,0
170644,2,1,0,0,0,0,0,0,0,0,0,0
170645,1,1,0,0,0,0,0,0,0,0,0,0
170645,2,1,0,0,0,0,0,0,0,0,0,0
170645,3,1,0,0,0,0,0,0,0,0,0,0
170646,1,1,0,0,0,0,0,0,0,0,0,0
170646,2,1,0,0,0,0,16,0,0,0,0,0
170647,1,1,11,11,11,11,11,11,11,11,11,11
170648,1,1,0,0,0,0,0,0,0,0,0,0
170649,1,1,24,24,24,24,24,24,24,24,24,24
170650,1,1,0,0,0,0,0,0,0,0,0,0
170650,2,1,0,0,0,0,0,0,0,0,0,0
170651,1,1,0,0,0,0,0,0,0,0,0,0
170652,1,1,22,22,22,22,22,22,22,22,22,22
170652,2,1,0,4,14,10,16,0,0,18,19,0
170653,1,1,26,26,26,26,26,26,26,26,26,26
170654,1,1,0,0,0,0,0,0,0,0,0,0
170655,1,1,0,0,0,0,0,0,0,0,0,0
170655,2,1,0,18,0,0,0,0,0,0,0,0
170656,1,1,0,0,0,0,0,0,0,0,0,0
170656,2,1,0,0,0,0,0,0,0,0,0,0
170657,1,1,0,0,0,0,0,0,0,0,0,0
170657,2,1,0,0,0,0,0,0,0,0,0,0
170658,1,1,0,0,0,0,0,0,13,0,0,0
170658,2,1,2,2,2,2,2,2,2,2,2,2
170659,1,1,0,0,0,0,0,0,0,0,0,0
170661,0,1,4,4,4,4,4,4,4,4,4,4
170661,1,1,6,0,0,21,0,0,0,0,0,0
170662,1,1,0,0,0,0,0,0,0,0,0,0
170663,1,1,17,17,17,17,17,17,17,17,17,17
170664,1,1,0,0,0,0,0,0,0,0,0,0
170665,1,1,0,0,0,0,0,0,0,0,0,0
170665,2,1,0,0,0,0,0,0,0,0,0,0
170666,0,1,16,16,16,16,16,16,16,16,16,16
170666,1,1,0,0,20,0,20,9,0,14,0,17
170667,1,1,0,0,0,0,0,0,0,0,0,0
170667,2,1,0,0,0,0,0,0,0,0,0,0
170668,1,1,0,0,0,0,0,0,0,0,0,0
170668,2,1,0,0,0,0,0,0,0,0,0,0
170669,1,1,38,38,38,38,38,38,38,38,38,38
170670,1,1,18,18,18,18,18,18,18,18,18,18
170671,1,1,0,0,0,0,0,0,0,0,0,0
170671,2,1,0,0,0,0,0,0,20,0,0,0
170672,1,1,0,0,0,0,0,0,0,0,0,0
170672,2,1,0,0,0,0,0,0,0,0,0,0
170673,1,1,32,32,32,32,32,32,32,32,32,32
170673,2,1,0,18,0,42,23,0,19,0,0,0
170674,1,1,16,0,0,22,0,0,0,0,0,0
170675,1,1,0,0,0,0,0,0,0,0,0,0
170675,2,1,0,0,0,19,0,13,0,0,11,0
170676,1,1,0,0,0,0,0,0,0,0,0,0
170677,1,1,0,0,0,0,0,0,0,0,0,0
170677,2,1,4,0,0,0,0,0,0,0,0,0
170678,1,1,0,0,0,0,0,0,0,0,0,0
170678,2,1,0,0,14,0,0,0,0,0,0,0
170679,1,1,0,0,0,0,0,0,0,0,0,0
170679,2,1,0,0,0,0,0,0,0,0,0,0
170680,0,1,0,0,0,0,0,0,0,0,0,0
170680,1,1,0,0,0,0,0,0,0,0,0,0
170681,1,1,0,0,0,0,0,0,0,0,0,0
170682,1,1,16,16,16,16,16,16,16,16,16,16
170683,1,1,12,32,24,25,19,18,18,10,16,0
170683,2,1,0,0,18,8,21,0,0,0,0,0
170684,1,1,16,16,16,16,16,16,16,16,16,16
170684,2,1,9,0,0,21,0,0,0,0,0,0
170685,1,1,0,0,0,0,0,0,0,0,0,0
170685,2,1,0,0,0,0,0,0,0,0,0,0
170686,1,1,5,0,0,12,0,15,0,0,0,0
170686,2,1,0,0,0,0,0,0,0,0,0,17
170687,1,1,0,0,0,0,0,0,0,0,0,0
170687,2,1,0,0,2,0,0,19,0,0,0,0
170688,1,1,0,0,0,0,0,0,0,0,0,0
170689,1,1,5,5,5,5,5,5,5,5,5,5
170690,0,1,0,0,0,0,0,0,0,0,0,0
170690,1,1,0,0,0,7,0,0,0,0,0,0
170691,1,1,24,24,24,24,24,24,24,24,24,24
170691,2,1,0,0,0,0,0,0,0,0,0,0
170692,1,1,0,0,0,0,0,15,0,0,0,0
170693,1,1,0,10,0,0,0,0,0,15,0,5
170693,2,1,0,0,0,0,0,0,0,0,0,0
170694,1,1,18,18,18,18,18,18,18,18,18,18
170695,1,1,0,0,0,0,0,0,0,0,0,0
170696,1,1,30,13,27,19,8,14,17,7,8,16
170696,2,1,30,0,0,0,0,0,0,0,0,0
170698,1,1,0,0,0,0,0,0,0,0,0,0
170699,0,1,0,0,0,0,0,0,0,0,0,0
170699,1,1,0,0,0,0,0,4,0,0,0,0
170700,0,1,0,0,0,0,0,0,0,0,0,0
170700,1,1,0,0,0,0,0,0,0,0,0,0
170701,1,1,22,22,22,22,22,22,22,22,22,22
170701,2,1,0,0,0,0,0,0,0,0,0,0
170702,1,1,0,0,0,16,0,0,0,0,0,0
170702,2,1,9,9,9,9,9,9,9,9,9,9
170703,1,1,0,0,0,0,0,0,0,0,0,0
170703,2,1,0,0,0,0,0,0,0,0,0,0
170704,1,1,0,0,0,0,0,0,0,0,0,0
170704,2,1,0,0,0,0,0,0,0,0,0,0
170705,1,1,33,19,12,23,18,0,19,21,0,0
170705,2,1,0,0,0,0,0,0,0,0,0,0
170706,1,1,0,0,0,0,0,0,0,0,0,0
170707,1,1,7,18,10,37,9,24,12,36,6,7
170708,1,1,0,0,0,0,0,0,0,0,0,0
170708,2,1,0,0,0,0,0,0,0,0,0,0
170709,1,1,2,2,2,2,2,2,2,2,2,2
170709,2,1,0,0,0,0,0,0,0,0,0,0
170710,1,1,14,14,14,14,14,14,14,14,14,14
170710,2,1,0,0,0,0,0,0,0,0,0,0
170711,0,1,13,12,17,17,18,10,9,28,17,10
170711,1,1,0,0,0,0,0,0,0,0,0,0
170712,1,1,0,0,0,0,0,0,0,0,0,0
170712,2,1,0,0,0,0,0,0,0,0,0,0
170713,1,1,0,0,0,0,0,0,0,0,0,0
170713,2,1,27,0,0,0,0,0,0,0,0,0
170714,0,1,0,0,0,32,12,0,19,0,0,0
170714,1,1,0,0,0,0,0,0,0,0,0,0
170715,1,1,0,0,0,0,0,0,0,0,0,0
170715,2,1,0,0,0,0,0,0,0,0,0,5
170716,1,1,2,2,2,2,2,2,2,2,2,2
170717,0,1,0,0,0,0,0,0,0,0,0,0
170717,1,1,0,0,0,0,0,0,0,0,0,0
170718,1,1,14,14,14,14,14,14,14,14,14,14
170719,1,1,0,0,0,0,0,0,0,0,0,0
170720,0,1,0,0,0,0,0,0,0,0,0,0
170720,1,1,0,0,0,0,0,0,0,0,0,0
170721,1,1,0,0,0,0,0,0,0,0,0,0
170721,2,1,20,0,0,0,0,0,0,0,0,0
170721,3,1,0,0,0,0,0,0,0,0,0,0
170722,1,1,22,22,22,22,22,22,22,22,22,22
170723,0,1,0,0,0,0,0,0,0,0,0,0
170723,1,1,0,0,0,0,0,0,0,0,0,0
170724,1,1,29,29,29,29,29,29,29,29,29,29
170725,1,1,0,0,0,0,0,0,0,0,0,0
170725,2,1,0,0,0,0,0,0,0,0,0,0
170726,1,1,0,0,0,0,0,0,0,0,0,0
170726,2,1,0,0,0,0,0,0,0,0,0,0
170727,1,1,14,8,19,23,11,23,8,6,15,6
170727,2,1,0,0,0,0,0,0,0,0,0,0
170728,1,1,0,0,0,0,0,0,0,0,0,0
170729,1,1,0,0,0,0,0,0,0,0,0,0
170729,2,1,0,0,0,0,0,0,0,0,0,0
170730,1,1,0,0,0,0,0,0,0,0,0,0
170730,2,1,0,0,0,0,0,0,0,0,0,0
170731,0,1,0,0,0,0,0,0,0,0,0,0
170731,1,1,0,0,0,5,0,0,14,0,0,11
170732,0,1,0,0,0,0,0,0,0,0,0,0
170732,1,1,0,0,0,0,0,0,0,0,0,0
170733,1,1,0,0,0,0,0,0,0,0,0,0
170733,2,1,0,0,0,0,0,0,0,0,0,0
170734,1,1,0,0,0,0,0,0,0,0,0,0
170734,2,1,0,17,0,0,0,0,0,0,0,0
170734,3,1,0,0,0,0,0,0,0,0,0,0
170736,1,1,0,0,0,0,0,0,0,0,0,0
170736,2,1,0,0,0,0,0,0,0,0,0,0
170737,1,1,7,22,0,13,0,10,0,0,15,0
170737,2,1,11,7,0,0,0,0,0,0,7,9
170738,1,1,11,11,11,11,11,11,11,11,11,11
170739,1,1,8,28,14,21,35,7,21,54,0,16
170739,2,1,0,0,0,0,0,0,0,0,0,0
170740,1,1,0,0,0,0,0,0,0,0,0,0
170741,1,1,0,0,0,0,0,0,0,0,0,0