ST_CASE,VEH_NO,PER_NO,P1,P2,P3,P4,P5,P6,P7,P8,P9,P10
171035,1,1,0,0,0,0,0,0,0,0,0,0
171036,0,1,24,0,0,10,16,0,0,0,23,0
171036,0,2,12,12,12,12,12,12,12,12,12,12
171036,1,1,8,0,0,0,0,0,0,0,0,0
171037,1,1,0,0,0,0,0,0,0,0,0,0
171038,0,1,22,22,22,22,22,22,22,22,22,22
171038,1,1,0,0,7,0,12,17,22,0,0,0
171039,0,1,38,38,38,38,38,38,38,38,38,38
171039,1,1,0,18,0,18,0,0,10,14,0,0
171040,0,1,20,20,20,20,20,20,20,20,20,20
171040,1,1,12,0,0,4,0,0,0,18,0,0
171041,0,1,0,0,0,0,0,0,0,0,0,0
171041,1,1,0,14,30,0,0,16,8,0,0,20
171042,1,1,0,0,0,0,0,0,0,0,0,0
171042,2,1,0,0,0,0,0,0,0,0,0,0
171043,0,1,0,0,0,0,0,0,30,0,22,0
171043,1,1,22,0,0,0,19,0,0,0,18,0
171044,0,1,0,0,0,0,0,0,0,0,0,0
171044,1,1,0,0,0,0,0,0,0,0,0,0
180001,1,1,0,0,0,0,0,0,0,0,0,0
180001,2,1,0,0,0,0,0,0,0,0,0,0
180002,0,1,0,0,0,0,0,0,0,0,0,0
180002,1,1,0,0,0,0,0,0,0,0,0,0
180003,0,1,0,0,0,0,0,0,0,0,0,0
180003,1,1,0,0,0,0,0,0,0,0,0,0
180004,0,1,0,0,0,0,0,0,0,0,0,0
180004,1,1,6,0,0,0,7,0,0,0,0,0
180005,1,1,0,0,0,0,0,0,0,0,0,0
180005,2,1,0,0,0,0,0,0,0,0,0,0
180006,1,1,18,18,18,18,18,18,18,18,18,18
180007,0,1,0,0,0,0,0,0,0,13,0,0
180007,1,1,0,0,0,0,0,0,0,0,0,0
180008,1,1,0,0,0,0,0,0,0,0,0,0
180009,1,1,2,2,2,2,2,2,2,2,2,2
180009,2,1,16,16,16,16,16,16,16,16,16,16
180010,0,1,0,0,0,0,10,0,0,0,0,0
180010,1,1,8,8,8,8,8,8,8,8,8,8
180010,2,1,0,0,0,0,0,0,0,0,0,0
180012,1,1,0,0,0,0,0,0,0,0,0,0
180012,2,1,0,0,0,0,0,0,0,0,0,12
180012,3,1,0,0,0,0,0,0,0,0,0,0
180013,1,1,0,0,0,0,0,0,0,24,0,0
180014,1,1,19,19,19,19,19,19,19,19,19,19
180015,1,1,0,0,27,8,0,26,0,0,19,0
180017,1,1,12,0,0,0,0,29,0,0,20,0
180017,2,1,0,0,11,0,0,0,0,0,30,0
180018,1,1,0,0,0,0,0,6,0,0,0,0
180018,2,1,0,0,0,0,0,0,0,0,0,0
180019,1,1,0,0,0,0,0,0,0,0,0,0
180020,1,1,21,10,0,7,11,0,22,0,0,0
180021,0,1,0,0,0,0,0,0,0,0,0,0
180021,1,1,0,0,0,0,0,0,0,0,0,0
180022,1,1,0,0,0,0,0,0,0,0,0,0
180022,2,1,0,0,0,0,0,0,0,0,0,0
180023,1,1,10,10,10,10,10,10,10,10,10,10
180023,2,1,0,0,0,0,0,0,0,0,0,0
180023,3,1,0,0,0,0,0,0,0,0,0,0
180024,1,1,0,0,0,0,0,0,0,0,0,0
180025,1,1,0,0,0,0,0,0,0,0,0,0
180025,2,1,0,0,0,0,0,0,0,0,0,0
180025,3,1,0,0,0,0,0,0,0,0,0,0
180025,4,1,0,0,0,0,0,0,0,0,0,0
180027,1,1,14,14,14,14,14,14,14,14,14,14
180028,1,1,21,34,19,16,21,15,20,20,26,22
180029,0,1,0,0,0,0,0,0,0,0,0,0
180029,1,1,0,0,0,0,0,0,0,0,0,0
180030,1,1,0,0,0,0,0,0,0,0,13,0
180031,1,1,28,18,0,0,16,0,0,0,0,0
180032,0,1,0,0,0,0,0,0,0,0,0,0
180032,1,1,0,0,0,0,0,0,0,0,0,0
180033,1,1,10,0,0,0,0,0,0,13,12,0
180034,1,1,0,0,4,0,0,0,0,0,0,0
180035,1,1,0,0,0,0,0,0,0,0,0,0
180036,1,1,22,21,25,14,8,18,0,44,10,9
180037,1,1,0,0,0,0,0,0,0,0,0,0
180037,2,1,0,0,0,0,0,0,0,0,0,0
180038,1,1,0,0,0,0,0,0,0,0,0,0
180038,2,1,0,0,0,0,0,0,0,0,0,0
180039,1,1,0,0,0,0,0,0,0,0,0,0
180039,2,1,1,1,1,1,1,1,1,1,1,1
180040,1,1,6,9,0,11,0,0,22,0,12,0
180040,2,1,0,0,0,0,0,0,0,0,0,0
180041,1,1,0,11,13,0,0,0,15,0,15,0
180042,1,1,0,0,0,0,0,0,0,0,0,0
180043,1,1,5,5,5,5,5,5,5,5,5,5
180044,1,1,24,24,24,24,24,24,24,24,24,24
180045,1,1,0,0,0,0,0,0,0,0,0,0
180045,2,1,0,0,0,0,0,0,0,0,0,0
180046,1,1,0,0,0,8,16,0,0,0,0,0
180046,2,1,0,0,0,0,0,0,0,0,0,0
180047,1,1,22,22,22,22,22,22,22,22,22,22
180048,1,1,0,0,0,0,0,0,0,0,0,0
180049,1,1,0,0,0,0,0,0,0,0,0,0
180049,2,1,0,0,0,0,0,0,0,0,0,0
180050,1,1,19,19,19,19,19,19,19,19,19,19
180050,2,1,0,0,0,0,0,0,0,0,0,0
180051,1,1,0,0,0,0,0,0,0,0,0,0
180052,1,1,0,0,0,0,0,0,0,0,0,0
180053,1,1,0,0,0,9,0,0,0,0,5,0
180054,1,1,0,0,0,0,10,0,0,0,13,0
180054,2,1,0,0,0,0,0,0,0,0,0,0
180055,1,1,0,0,0,0,0,0,0,0,0,0
180056,1,1,31,25,0,13,0,22,7,21,0,21
180057,1,1,0,0,0,0,0,0,0,0,0,0
180057,2,1,0,0,0,0,0,0,0,0,0,0
180058,0,1,0,0,0,0,0,0,0,0,0,0
180058,1,1,0,0,0,0,13,0,9,21,0,0
180059,1,1,0,0,20,14,25,0,0,21,0,0
180061,1,1,18,18,18,18,18,18,18,18,18,18
180061,2,1,5,5,5,5,5,5,5,5,5,5
180062,1,1,15,15,15,15,15,15,15,15,15,15
180063,1,1,0,0,0,0,0,0,0,0,0,0
180064,1,1,0,0,0,0,0,0,0,0,0,0
180065,1,1,0,0,0,0,0,0,0,0,0,0
180066,1,1,0,0,0,0,0,0,0,0,0,0
180066,2,1,0,0,0,0,0,0,0,0,0,0
180066,3,1,0,0,0,0,0,0,0,0,0,0
180067,1,1,0,0,0,0,0,0,0,0,0,22
180067,2,1,0,0,0,0,0,0,0,0,0,0
180068,1,1,0,18,12,14,25,14,0,20,0,11
180069,0,1,0,0,25,0,0,0,18,0,15,0
180069,1,1,0,0,0,0,0,0,0,0,0,0
180070,1,1,14,14,14,14,14,14,14,14,14,14
180071,1,1,25,25,25,25,25,25,25,25,25,25
180072,1,1,0,13,0,0,0,0,0,5,32,0
180072,2,1,0,0,0,0,0,0,0,0,0,0
180073,0,1,0,0,0,0,0,0,0,0,0,0
180073,1,1,0,0,0,0,0,0,0,0,0,0
180074,1,1,0,0,0,25,0,0,0,0,0,0
180075,1,1,22,22,22,22,22,22,22,22,22,22
180077,1,1,0,0,0,0,0,0,0,0,0,0
180077,2,1,0,0,0,0,0,0,0,0,0,0
180078,1,1,23,23,23,23,23,23,23,23,23,23
180078,2,1,0,0,0,14,0,0,0,0,0,18
180079,1,1,10,10,10,10,10,10,10,10,10,10
180079,2,1,0,0,0,0,0,0,0,0,0,0
180079,3,1,0,0,18,0,0,0,0,0,0,0
180080,1,1,0,0,0,0,0,0,0,0,0,0
180080,2,1,0,0,0,0,0,0,0,0,5,0
180081,1,1,0,0,0,0,13,0,0,0,0,0
180082,1,1,19,19,19,19,19,19,19,19,19,19
180083,0,1,0,0,0,0,0,0,0,0,0,0
180083,1,1,0,0,0,0,0,0,0,0,0,0
180084,0,1,0,0,0,0,0,0,0,0,0,0
180084,1,1,0,0,0,0,0,0,0,0,0,0
180084,2,1,0,7,9,18,0,7,0,0,8,10
180085,1,1,38,38,38,38,38,38,38,38,38,38
180086,1,1,0,0,0,0,0,0,0,0,0,0
180086,2,1,0,0,0,0,0,0,0,0,0,0
180087,1,1,0,15,14,0,33,10,4,14,0,41
180088,0,1,0,23,13,0,27,0,0,0,21,26
180088,1,1,0,0,0,0,0,0,8,0,0,0
180089,1,1,0,0,0,0,0,0,0,0,0,0
180089,2,1,0,0,0,0,0,0,0,0,0,0
180090,1,1,0,0,0,0,0,0,0,0,0,0
180090,2,1,0,0,0,0,0,0,0,0,0,0
180091,0,1,0,0,0,0,0,0,0,0,0,0
180091,1,1,0,0,0,0,0,0,0,0,0,0
180091,2,1,0,0,0,0,0,0,0,0,0,0
180091,3,1,0,0,0,0,0,0,0,0,0,0
180092,1,1,0,0,0,0,0,0,0,0,0,0
180093,0,1,0,0,0,0,0,36,0,0,0,0
180093,1,1,0,0,0,0,0,0,0,0,0,0
180094,1,1,0,0,25,0,0,0,0,17,13,0
180095,1,1,0,0,0,0,0,34,0,0,0,0
180095,2,1,0,0,0,6,0,0,0,11,0,0
180095,3,1,0,0,0,22,0,0,0,0,0,0
180095,4,1,0,0,0,0,0,0,0,0,0,0
180095,5,1,0,0,0,0,0,0,0,0,0,0
180095,6,1,0,0,0,0,0,0,0,0,0,0
180096,0,1,0,14,0,0,0,0,0,0,0,0
180096,1,1,0,0,0,0,0,0,0,0,0,0
180097,1,1,0,0,0,0,0,0,0,0,0,0
180098,0,1,0,0,0,0,0,0,0,0,0,41
180098,1,1,0,0,0,0,0,0,0,0,0,0
180099,1,1,21,21,21,21,21,21,21,21,21,21
180100,1,1,33,0,0,0,0,0,0,6,13,38
180101,1,1,0,0,0,0,0,0,0,0,0,0
180102,1,1,0,0,0,0,0,0,0,0,0,0
180102,2,1,0,0,0,0,0,0,0,0,0,0
180103,1,1,0,0,0,0,0,0,0,0,16,0
180103,2,1,0,0,0,0,0,0,0,0,0,0
180104,1,1,0,0,0,0,0,0,11,0,0,15
180105,1,1,25,25,25,25,25,25,25,25,25,25
180106,1,1,0,0,0,0,0,16,0,0,0,0
180106,2,1,0,0,0,0,0,0,0,0,0,11
180107,1,1,3,3,3,3,3,3,3,3,3,3
180108,1,1,16,0,9,0,0,0,16,19,26,0
180109,1,1,0,0,0,0,0,0,0,0,0,0
180110,1,1,0,0,0,0,0,0,0,0,0,0
180110,2,1,0,0,0,0,0,0,0,0,0,0
180111,1,1,0,0,0,0,0,0,0,0,0,0
180111,2,1,0,0,0,0,0,0,0,0,0,0
180111,3,1,0,0,0,0,0,0,0,0,0,0
180112,1,1,0,0,0,0,0,0,0,0,0,0
180113,1,1,0,0,0,0,0,0,0,0,0,0
180114,1,1,0,0,0,0,0,23,0,9,0,0
180114,2,1,0,3,0,0,0,0,0,0,0,0
180115,0,1,25,25,25,25,25,25,25,25,25,25
180115,1,1,0,0,0,0,0,0,0,0,0,0
180116,1,1,0,0,0,0,0,0,0,0,0,0
180117,1,1,0,0,0,0,0,0,0,0,0,0
180118,1,1,0,0,0,0,0,0,0,0,0,0
180118,2,1,0,0,0,0,0,0,0,0,0,0
180118,3,1,0,0,0,0,0,0,0,0,0,0
180119,0,1,0,0,0,0,0,0,0,0,0,0
180119,1,1,0,0,0,0,0,0,0,0,0,0
180119,2,1,0,0,0,0,0,0,0,0,0,0
180120,1,1,0,40,0,0,0,0,0,0,0,6
180120,2,1,0,0,0,0,0,0,0,0,0,0
180121,0,1,0,0,0,0,0,0,0,0,0,0
180121,1,1,0,0,0,0,0,0,0,0,0,0
180122,0,1,0,0,0,0,21,0,0,14,0,15
180122,1,1,0,0,0,8,0,0,0,0,0,0
180123,1,1,0,0,0,0,0,0,0,0,0,0
180124,1,1,0,0,0,0,0,0,0,0,0,0
180124,2,1,0,0,0,0,0,0,0,0,0,0
180125,1,1,0,0,0,0,0,0,20,13,21,7
180125,2,1,5,0,0,0,0,0,3,0,22,0
180126,0,1,0,0,0,0,0,0,12,0,0,0
180126,1,1,0,0,0,0,0,0,0,0,0,0
180127,1,1,0,0,0,0,0,0,0,0,0,0
180128,1,1,0,0,32,0,24,0,0,0,0,0
180128,2,1,0,0,0,0,0,0,0,0,0,0
180129,1,1,0,0,0,0,0,0,0,0,0,0
180129,2,1,0,0,0,0,0,0,15,0,0,0
180130,0,1,0,0,0,0,0,0,0,0,0,0
180130,1,1,0,0,0,0,0,0,0,0,0,0
180130,2,1,0,0,0,0,0,0,0,0,0,0
180131,0,1,31,0,0,0,0,0,0,0,29,0
180131,1,1,0,0,0,0,0,0,0,0,0,0
180132,1,1,23,23,23,23,23,23,23,23,23,23
180132,2,1,6,6,6,6,6,6,6,6,6,6
180132,3,1,0,0,0,0,0,0,0,0,0,0
180133,1,1,0,0,0,0,0,0,0,0,0,0
180133,2,1,0,0,0,0,0,0,0,0,0,0
180134,1,1,0,0,0,0,0,0,0,0,0,0
180134,2,1,0,0,0,0,0,0,0,0,0,0
180134,3,1,0,0,0,0,0,0,0,0,0,0
180135,0,1,0,0,0,0,0,0,0,0,0,0
180135,1,1,0,0,0,0,0,0,0,0,0,0
180137,0,1,4,4,4,4,4,4,4,4,4,4
180137,1,1,0,0,0,0,0,0,0,0,0,0
180138,1,1,0,0,0,0,8,23,16,0,0,0
180139,1,1,0,0,0,0,0,0,0,0,0,0
180140,1,1,0,0,0,0,0,0,0,0,0,0
180140,2,1,0,0,0,0,0,0,0,0,0,0
180141,1,1,0,0,0,0,0,0,0,0,0,0
180141,2,1,0,0,0,0,0,0,0,0,0,0
180142,1,1,14,0,6,37,0,0,13,13,0,0
180143,1,1,17,0,0,4,0,0,0,0,0,0
180143,2,1,0,0,0,0,0,0,0,0,0,0
180144,1,1,15,15,15,15,15,15,15,15,15,15
180145,1,1,34,34,34,34,34,34,34,34,34,34
180146,0,1,0,0,0,0,23,0,0,14,0,0
180146,1,1,0,0,0,0,0,0,0,0,0,0
180147,1,1,0,0,0,0,0,0,0,0,0,0
180147,2,1,26,26,26,26,26,26,26,26,26,26
180148,1,1,24,0,0,0,16,22,17,15,6,14
180149,1,1,10,17,0,20,14,0,0,0,0,13
180149,2,1,0,0,0,0,0,0,5,0,0,0
180150,1,1,22,22,22,22,22,22,22,22,22,22
180151,0,1,0,0,0,0,0,16,0,0,0,0
180151,0,2,0,0,14,0,0,0,0,0,0,0
180151,1,1,0,0,0,0,0,0,0,0,0,0
180152,1,1,0,0,0,21,0,35,0,0,0,17
180153,1,1,0,0,0,0,0,0,0,0,0,0
180153,2,1,0,0,0,0,0,0,0,0,0,0
180154,1,1,19,19,19,19,19,19,19,19,19,19
180155,1,1,0,0,0,0,0,0,0,0,0,0
180155,2,1,0,0,0,0,0,13,0,0,0,0
180156,1,1,0,0,17,0,0,0,0,0,22,0
180156,2,1,0,0,0,0,0,0,11,7,7,0
180157,0,1,0,0,0,0,0,0,0,0,0,0
180157,1,1,0,0,0,0,0,0,0,0,0,0
180158,1,1,9,22,21,7,0,0,6,0,25,10
180159,1,1,0,0,0,0,0,0,0,0,0,0
180159,2,1,0,0,0,0,18,0,0,0,0,0
180160,0,1,0,0,3,0,0,0,16,0,0,0
180160,1,1,23,23,23,23,23,23,23,23,23,23
180161,1,1,20,16,17,19,10,10,13,16,11,18
180162,1,1,0,0,0,0,0,0,0,0,0,0
180162,2,1,0,0,0,0,0,0,0,0,0,0
180163,1,1,0,0,0,14,12,0,0,0,0,0
180163,2,1,0,0,0,0,0,0,0,0,0,0
180164,0,1,0,0,22,0,0,0,13,0,0,33
180164,1,1,0,0,0,0,0,0,0,0,0,0
180165,1,1,0,0,0,0,0,0,0,0,0,0
180166,0,1,39,39,39,39,39,39,39,39,39,39
180166,1,1,19,23,0,0,2,21,16,15,31,13
180166,2,1,0,0,0,0,0,0,0,0,0,0
180167,1,1,12,12,12,12,12,12,12,12,12,12
180168,1,1,0,0,0,0,0,0,0,0,0,0
180168,2,1,0,0,0,0,0,0,0,0,0,0
180168,3,1,0,0,0,0,0,0,0,0,0,0
180169,1,1,24,24,24,24,24,24,24,24,24,24
180169,2,1,0,0,0,0,0,0,0,0,0,0
180170,1,1,29,0,0,14,0,29,0,0,12,0
180171,1,1,0,0,0,0,0,0,0,25,0,0
180171,2,1,0,0,0,0,0,0,0,0,0,0
180172,1,1,0,0,23,19,0,0,0,0,0,0
180172,2,1,0,0,0,0,0,0,0,0,0,0
180173,1,1,0,0,0,18,0,0,0,0,0,0
180173,2,1,0,0,0,0,0,0,0,0,0,0
180174,1,1,45,28,6,17,15,16,14,16,12,0
180174,2,1,0,0,0,0,0,0,0,0,0,0
180175,0,1,0,16,19,0,0,0,0,0,0,0
180175,1,1,0,16,0,0,19,0,0,0,0,23
180176,1,1,1,1,1,1,1,1,1,1,1,1
180176,2,1,0,0,22,14,0,0,24,0,0,0
180177,0,1,0,0,0,0,0,0,0,0,0,0
180177,1,1,10,10,10,10,10,10,10,10,10,10
180177,2,1,0,0,0,0,0,0,0,0,0,0
180178,1,1,0,27,12,0,0,0,0,31,18,0
180179,1,1,8,8,8,8,8,8,8,8,8,8
180179,2,1,0,0,0,0,6,0,0,0,0,0
180180,1,1,0,0,0,0,0,0,0,0,0,0
180181,1,1,11,11,11,11,11,11,11,11,11,11
180181,2,1,0,0,0,0,0,0,0,0,0,0
180182,1,1,8,13,13,0,24,21,0,7,13,20
180183,1,1,0,0,0,0,0,0,0,0,0,0
180184,1,1,22,22,22,22,22,22,22,22,22,22
180184,2,1,0,0,0,0,0,0,0,0,0,0
180185,1,1,25,0,0,0,14,0,0,0,0,0
180186,1,1,19,11,2,0,10,0,35,6,0,21
180187,1,1,14,14,14,14,14,14,14,14,14,14
180187,2,1,0,0,0,0,0,0,0,0,0,0
180188,1,1,9,9,9,9,9,9,9,9,9,9
180189,1,1,0,0,18,0,0,0,0,0,12,0
180189,2,1,0,0,0,0,21,0,0,0,0,0
180189,3,1,0,0,0,0,0,0,0,0,0,0
180189,4,1,0,0,0,0,0,0,0,0,0,0
180190,1,1,0,0,0,0,0,0,0,0,0,0
180191,1,1,0,23,0,0,0,0,0,0,0,0
180191,2,1,0,15,0,0,0,0,0,0,0,0
180192,1,1,0,0,0,0,0,0,0,0,0,0
180193,1,1,0,23,0,31,0,0,17,0,19,0
180194,1,1,11,0,0,0,0,10,0,20,0,0
180194,2,1,0,0,0,18,0,5,0,0,0,0
180195,0,1,0,0,22,0,0,0,0,0,18,0
180195,1,1,0,0,0,0,0,0,0,0,0,0
180195,2,1,0,0,0,0,0,0,0,0,0,0
180196,1,1,22,22,22,22,22,22,22,22,22,22
180196,2,1,32,15,0,16,0,19,0,19,22,11
180197,1,1,0,0,0,3,8,6,0,0,0,24
180197,2,1,0,0,0,0,0,0,0,0,0,0
180198,1,1,0,0,0,0,0,0,0,0,0,0
180199,1,1,0,0,17,22,26,26,0,0,0,2
180200,1,1,0,0,0,0,0,0,0,0,0,0
180201,1,1,0,0,0,0,0,0,0,0,0,0
180201,2,1,0,0,0,0,0,0,0,0,0,0
180202,1,1,0,0,0,0,0,0,0,0,0,0
180202,2,1,0,0,0,0,0,0,0,0,0,0
180203,1,1,0,0,0,0,0,0,9,0,0,0
180204,1,1,0,0,0,0,0,0,0,0,0,0
180204,2,1,0,0,0,0,0,0,0,0,0,0
180205,1,1,0,0,0,0,0,0,0,0,0,0
180206,1,1,14,14,14,14,14,14,14,14,14,14
180206,2,1,11,11,11,11,11,11,11,11,11,11
180207,1,1,0,0,0,0,0,0,0,0,0,0
180207,2,1,17,0,0,0,24,0,0,0,0,0
180208,0,1,0,0,0,0,0,0,0,0,0,0
180208,1,1,0,0,0,0,0,0,0,0,24,0
180209,1,1,0,0,0,0,0,0,0,0,0,0
180209,2,1,0,4,0,14,0,0,0,0,0,0
180210,1,1,0,0,0,0,0,0,20,0,0,0
180210,2,1,0,0,0,0,0,0,0,0,10,9
180210,3,1,0,0,0,0,0,0,0,0,0,0
180211,1,1,22,22,22,22,22,22,22,22,22,22
180212,1,1,0,0,0,0,0,0,0,0,0,0
180212,2,1,0,0,0,0,0,0,0,0,0,0
180212,3,1,0,0,0,0,0,0,0,0,0,0
180212,4,1,0,0,0,0,0,0,0,0,0,0
180213,0,1,2,2,2,2,2,2,2,2,2,2
180213,1,1,0,0,0,0,0,0,0,0,0,0
180214,1,1,0,0,0,0,0,0,0,0,0,0
180214,2,1,0,0,0,0,0,0,0,0,0,0
180215,1,1,22,22,0,0,0,4,0,28,0,0
180216,1,1,0,0,0,0,0,0,0,0,0,0
180218,0,1,0,0,0,3,0,0,0,4,0,0
180218,1,1,0,0,0,0,0,0,0,0,0,0
180219,1,1,0,10,0,0,0,0,0,0,14,0
180219,2,1,0,0,0,0,0,0,0,0,0,0
180220,1,1,0,0,0,0,0,0,0,0,0,0
180221,1,1,17,13,0,22,18,15,21,24,0,35
180221,2,1,0,0,16,0,0,0,0,20,14,0
180222,1,1,0,0,0,0,0,0,0,0,0,0
180222,2,1,0,0,0,0,0,0,0,0,0,0
180223,1,1,0,0,0,0,0,0,0,0,0,0
180223,2,1,0,0,0,0,0,0,0,0,0,0
180224,1,1,0,0,0,0,0,0,0,0,0,0
180225,0,1,0,0,0,0,0,0,0,16,0,0
180225,1,1,0,0,0,0,0,0,0,0,0,0
180226,1,1,0,0,0,0,0,0,0,0,0,0
180226,2,1,0,0,0,0,0,0,0,0,0,0
180226,3,1,0,0,0,0,0,0,0,0,0,0
180227,1,1,0,0,0,0,0,0,0,0,0,0
180228,0,1,0,0,0,0,0,0,0,0,0,0
180228,1,1,0,0,0,0,0,0,0,0,0,0
180229,0,1,31,0,22,10,0,0,0,6,0,0
180229,1,1,0,0,0,0,0,0,0,0,0,0
180230,1,1,8,0,10,0,0,25,0,9,0,0
180231,1,1,40,40,40,40,40,40,40,40,40,40
180232,1,1,3,3,3,3,3,3,3,3,3,3
180233,1,1,0,0,0,0,0,0,0,0,0,0
180233,2,1,0,0,0,0,0,0,0,0,0,0
180234,1,1,15,0,9,0,9,0,0,0,0,20
180234,2,1,0,0,0,0,0,0,0,0,0,0
180235,0,1,0,0,0,12,0,0,0,0,0,30
180235,1,1,43,14,14,14,11,14,21,6,29,23
180236,1,1,0,0,0,0,0,0,0,0,0,0
180236,2,1,0,0,0,0,0,0,0,0,0,0
180237,0,1,0,0,0,0,0,0,0,0,0,0
180237,1,1,0,0,0,0,0,0,0,0,0,0
180238,1,1,0,0,0,0,0,0,0,0,0,0
180238,2,1,0,0,0,0,0,0,0,0,0,0
180239,1,1,0,0,0,0,0,0,0,15,0,0
180239,2,1,0,0,0,0,0,0,0,0,0,0
180240,1,1,0,0,0,0,0,0,0,0,0,0
180241,1,1,14,14,14,14,14,14,14,14,14,14
180242,1,1,0,0,0,11,0,13,15,0,0,0
180243,1,1,0,0,0,0,0,0,0,0,0,0
180243,2,1,0,0,0,0,0,0,0,0,0,0
180244,1,1,0,0,0,0,0,0,0,0,0,0
180244,2,1,0,0,0,0,0,0,0,0,0,0
180245,1,1,10,0,13,14,25,0,0,14,0,11
180246,0,1,0,0,0,0,0,0,0,0,0,0
180246,1,1,12,12,12,12,12,12,12,12,12,12
180247,1,1,26,26,26,26,26,26,26,26,26,26
180248,1,1,0,0,13,0,8,21,16,5,9,24
180249,1,1,29,29,29,29,29,29,29,29,29,29
180249,2,1,0,0,0,0,0,0,0,0,0,0
180250,1,1,16,35,0,9,13,27,10,0,13,0
180251,1,1,13,13,13,13,13,13,13,13,13,13
180252,1,1,25,25,25,25,25,25,25,25,25,25
180253,1,1,0,0,0,0,0,0,0,0,0,0
180253,2,1,0,0,0,0,0,0,0,0,0,0
180253,3,1,0,0,0,0,0,0,0,0,0,0
180253,4,1,0,0,0,0,0,0,0,0,0,0
180254,1,1,0,0,0,0,0,0,0,0,0,0
180254,2,1,0,0,0,0,0,0,0,0,0,0
180255,1,1,0,9,0,0,0,0,9,0,0,0
180255,2,1,0,0,0,0,0,0,0,0,0,0
180256,1,1,22,22,22,22,22,22,22,22,22,22
180256,2,1,14,10,18,0,7,0,9,0,13,0
180257,1,1,0,0,0,0,0,0,0,0,0,0
180258,1,1,0,0,0,0,0,0,0,0,0,0
180259,1,1,14,20,0,10,21,0,19,0,0,4
180260,1,1,0,0,0,0,0,0,0,0,0,0
180260,2,1,0,0,0,0,0,0,0,0,0,0
180260,3,1,0,0,0,0,0,0,0,0,0,0
180261,1,1,8,8,8,8,8,8,8,8,8,8
180262,1,1,0,0,0,0,0,0,0,27,0,26
180262,2,1,0,0,13,0,0,10,4,0,0,21
180263,0,1,0,0,0,0,0,0,0,0,0,0
180263,0,2,0,0,0,0,0,0,0,0,0,0
180263,1,1,0,0,0,0,0,0,0,0,0,0
180264,1,1,20,0,0,0,0,0,0,0,0,0
180265,1,1,0,0,0,0,0,0,0,0,0,0
180265,2,1,0,0,0,0,0,0,0,0,0,0
180266,1,5,11,0,0,17,0,0,12,0,0,0
180266,2,1,0,0,0,0,0,0,0,0,0,0
180267,1,1,0,0,0,0,0,0,0,0,0,0
180267,2,1,0,0,0,0,0,0,0,0,0,0
180267,3,1,0,0,0,0,0,0,0,0,0,0
180268,1,1,20,0,0,0,21,0,12,0,0,14
180269,0,1,0,0,0,0,0,0,0,0,0,0
180269,1,1,0,0,25,19,0,24,0,0,0,0
180270,1,1,0,0,0,0,8,32,0,0,0,0
180271,1,1,0,0,0,0,0,0,0,0,0,0
180271,2,1,0,0,0,0,0,0,0,0,0,0
180272,1,1,0,0,0,0,0,0,0,0,0,0
180272,2,1,0,0,0,0,0,0,0,0,0,0
180273,1,1,0,0,0,12,3,29,0,8,0,13
180273,2,1,0,0,0,0,0,0,0,0,0,0
180274,1,1,19,15,0,29,0,0,9,0,0,0
180275,1,1,0,0,0,0,0,0,0,0,0,0
180275,2,1,0,0,17,0,0,0,15,0,0,2
180276,1,1,0,0,0,0,0,0,0,0,0,0
180276,2,1,0,0,0,0,0,0,0,0,0,0
180277,1,1,0,0,0,0,0,0,0,0,0,0
180278,1,1,0,0,0,0,0,0,0,0,0,0
180278,2,1,0,0,0,0,0,0,0,0,0,0
180279,1,1,0,0,0,0,0,0,0,0,0,0
180280,1,1,0,0,0,0,0,0,0,0,0,0
180280,2,1,0,0,0,0,0,0,0,0,0,0
180281,1,1,0,0,33,0,0,0,25,0,0,8
180281,2,1,0,0,0,0,0,0,0,0,0,0
180282,1,1,0,0,0,0,0,0,0,0,0,0
180282,2,1,0,0,0,0,0,0,0,0,0,0
180283,1,1,0,0,0,0,0,0,0,0,0,0
180284,1,1,0,23,20,12,8,20,3,12,0,28
180285,1,1,0,18,32,0,0,0,0,0,0,23
180285,2,1,0,0,0,4,0,19,0,0,0,0
180286,1,1,15,15,15,15,15,15,15,15,15,15
180287,1,1,0,0,0,0,0,0,0,0,0,0
180287,2,1,0,0,0,0,0,0,0,0,0,0
180288,1,1,0,0,0,0,0,0,0,0,0,0
180288,2,1,0,0,23,0,0,0,0,0,0,0
180289,1,1,0,0,0,0,0,0,0,0,0,0
180289,2,1,0,0,0,0,0,0,0,0,0,0
180290,1,1,0,0,0,0,0,0,0,25,0,0
180290,2,1,5,0,0,0,18,23,0,0,0,0
180290,3,1,3,0,0,0,0,0,0,0,0,0
180291,1,1,0,0,0,0,0,0,0,0,0,0
180292,1,1,0,0,0,0,0,0,0,0,0,0
180292,2,1,0,0,0,0,0,0,0,0,0,0
180293,1,1,11,29,0,15,15,13,4,20,0,0
180294,0,1,0,0,0,0,0,0,0,0,0,0
180294,1,1,0,0,0,0,0,0,0,0,0,0
180295,1,1,0,0,0,0,0,0,0,0,0,0
180295,2,1,0,0,0,0,0,0,0,0,0,0