ST_CASE,VEH_NO,PER_NO,P1,P2,P3,P4,P5,P6,P7,P8,P9,P10
180295,3,1,0,0,0,14,0,0,0,0,0,0
180296,1,1,12,14,0,11,15,27,11,9,15,7
180296,2,1,0,0,0,0,0,0,0,0,0,0
180297,0,1,0,0,0,0,0,0,0,0,0,0
180297,1,1,0,0,0,0,0,0,0,15,13,0
180298,1,1,0,0,0,0,0,9,0,0,0,0
180299,1,1,0,27,0,0,0,0,0,0,0,0
180299,2,1,0,38,0,0,0,0,0,0,0,0
180301,0,1,0,0,0,0,0,0,0,0,0,0
180301,1,1,0,0,0,0,0,0,0,0,0,0
180302,0,1,0,0,0,0,0,0,0,0,0,0
180302,1,1,14,14,14,14,14,14,14,14,14,14
180303,1,1,22,22,22,22,22,22,22,22,22,22
180304,1,1,0,0,0,0,0,0,0,0,0,0
180304,2,1,0,0,0,0,0,0,0,0,0,0
180305,1,1,0,0,0,0,0,0,0,0,0,0
180305,2,1,0,0,0,0,0,0,0,0,0,0
180306,1,1,0,6,0,5,9,0,0,0,0,24
180306,2,1,0,0,0,0,0,0,0,0,0,0
180307,1,1,12,11,12,14,16,11,15,22,32,8
180308,1,1,0,0,0,0,0,0,0,0,0,0
180308,2,1,0,0,0,0,0,0,0,0,0,0
180310,1,1,12,16,17,31,13,6,11,21,24,20
180311,1,1,11,0,0,0,0,0,0,12,0,0
180311,2,1,0,0,0,0,0,0,0,0,0,0
180312,1,1,0,0,0,9,0,0,24,0,0,0
180313,1,1,3,0,0,0,0,0,0,0,0,0
180313,2,1,0,0,0,0,0,0,0,0,0,0
180314,1,1,13,13,13,13,13,13,13,13,13,13
180315,1,1,15,15,15,15,15,15,15,15,15,15
180316,1,1,0,0,0,0,0,0,0,0,0,0
180317,1,1,22,22,22,22,22,22,22,22,22,22
180317,2,1,0,19,0,0,0,28,0,0,0,0
180318,1,1,0,0,0,0,0,0,0,0,0,0
180318,2,1,0,0,0,0,0,0,0,0,0,0
180319,1,1,0,0,0,0,0,0,0,0,0,0
180319,2,1,0,0,0,0,0,0,0,0,0,0
180320,1,1,0,0,0,0,0,0,0,0,0,0
180321,1,1,0,0,0,0,0,0,6,17,0,0
180321,2,1,0,0,0,0,0,0,0,0,0,0
180322,1,1,24,24,24,24,24,24,24,24,24,24
180322,2,1,0,0,22,0,0,0,0,6,0,0
180323,0,1,1,1,1,1,1,1,1,1,1,1
180323,1,1,0,0,0,0,0,0,0,0,0,0
180324,1,1,18,18,18,18,18,18,18,18,18,18
180325,1,1,0,0,0,0,0,11,0,0,0,0
180325,2,1,0,0,0,0,0,0,0,0,0,0
180326,1,1,39,23,0,8,18,15,12,24,5,12
180326,2,1,6,0,16,12,0,25,0,0,0,0
180327,0,1,14,0,0,0,0,0,0,0,0,0
180327,1,1,0,0,0,0,0,0,0,0,0,0
180328,0,1,0,0,0,0,0,0,0,0,18,0
180328,1,1,0,0,0,0,0,0,0,0,0,0
180329,1,1,15,14,31,0,11,33,7,17,0,7
180330,1,1,0,0,0,0,0,0,0,0,0,0
180330,2,1,0,0,0,0,0,0,0,0,0,0
180331,1,1,10,10,10,10,10,10,10,10,10,10
180331,2,1,0,0,0,0,0,0,0,0,0,0
180332,1,1,0,12,7,0,0,0,0,17,0,0
180332,2,1,0,0,0,0,0,0,0,0,0,0
180333,1,1,0,0,0,0,0,0,0,0,0,0
180333,2,1,0,0,0,0,0,0,0,0,0,0
180334,1,1,18,18,18,18,18,18,18,18,18,18
180335,1,1,0,0,0,0,0,0,0,0,0,0
180335,2,1,0,0,0,0,0,0,0,0,0,0
180336,1,1,0,0,0,0,0,0,0,0,0,0
180336,2,1,0,0,0,0,0,0,0,0,0,0
180337,0,1,0,0,0,0,0,0,0,0,0,0
180337,1,1,0,0,0,0,0,0,0,0,0,0
180338,0,1,31,24,0,0,0,0,0,0,0,0
180338,1,1,0,0,0,0,24,0,0,0,0,0
180339,1,1,0,0,0,0,0,0,0,0,0,0
180339,2,1,0,0,0,0,0,0,0,0,0,0
180340,1,1,0,0,0,0,0,0,0,15,0,0
180340,2,1,0,0,0,0,0,0,0,0,0,0
180341,1,1,0,0,0,0,0,0,0,0,0,0
180341,2,1,0,0,20,0,0,0,12,0,0,17
180342,1,1,0,0,0,0,0,0,0,0,0,0
180343,1,1,0,0,0,0,0,0,0,0,0,0
180343,2,1,0,0,0,0,0,0,0,9,0,0
180344,1,1,0,0,0,0,0,0,0,0,0,0
180344,2,1,0,0,0,0,0,0,0,0,0,0
180345,1,1,0,0,0,0,0,0,0,0,0,0
180345,2,1,0,0,0,0,0,0,0,0,0,0
180346,0,1,0,0,0,0,0,0,0,0,0,0
180346,1,1,0,0,0,0,0,0,0,0,0,0
180347,0,1,19,0,33,0,12,0,0,0,0,32
180347,1,1,11,11,11,11,11,11,11,11,11,11
180348,1,1,0,0,0,0,0,0,0,0,0,0
180348,2,1,13,9,0,0,0,0,0,0,0,0
180349,1,1,0,0,0,0,0,0,0,0,0,0
180349,2,1,0,0,0,0,0,0,0,0,0,0
180350,1,1,0,0,0,0,0,0,0,0,0,0
180350,2,1,0,0,0,0,0,0,0,0,0,0
180351,1,1,18,18,18,18,18,18,18,18,18,18
180352,1,1,0,0,0,0,0,0,0,0,0,0
180353,1,1,0,0,0,0,0,0,0,0,0,0
180353,2,1,21,0,0,0,0,0,0,32,0,0
180354,1,1,0,0,0,0,0,0,0,0,0,0
180354,2,1,0,10,0,0,0,14,20,0,0,0
180355,1,1,0,0,0,0,0,0,0,0,0,0
180356,1,1,0,0,0,0,0,0,0,0,0,0
180356,2,1,0,0,0,0,0,0,0,0,0,0
180357,1,1,0,0,0,0,0,0,0,0,0,0
180357,2,1,0,0,0,0,0,0,0,0,0,0
180357,3,1,0,0,0,0,0,0,0,0,0,0
180357,4,1,0,0,0,0,0,0,0,0,0,0
180357,5,1,0,0,0,0,0,0,0,0,0,0
180358,0,1,0,0,17,0,8,0,0,13,0,0
180358,1,1,0,0,0,0,0,0,0,0,0,0
180359,1,1,0,0,0,0,0,0,0,0,0,0
180359,2,1,0,0,0,0,4,0,0,0,0,0
180360,0,1,0,0,0,0,0,0,0,0,0,0
180360,0,2,0,0,0,32,18,0,0,31,0,30
180360,0,3,0,0,0,0,0,0,0,0,0,0
180360,1,1,0,0,0,0,0,0,0,0,0,0
180361,0,1,0,0,0,0,0,0,0,0,0,0
180361,1,1,0,0,0,5,0,26,18,0,0,0
180362,1,1,0,0,0,0,0,0,0,0,0,0
180362,2,1,12,0,0,0,0,0,0,0,0,0
180363,1,1,0,0,0,0,0,0,0,0,0,0
180364,1,1,0,0,0,0,0,0,0,0,0,0
180364,2,1,0,0,0,0,0,0,0,0,0,0
180365,1,1,0,0,0,0,0,0,0,0,0,0
180365,2,1,0,0,0,0,0,0,0,0,0,0
180366,1,1,10,10,10,10,10,10,10,10,10,10
180367,1,1,10,10,10,10,10,10,10,10,10,10
180367,2,1,0,0,0,0,0,0,0,0,0,0
180368,0,1,0,0,0,0,0,0,0,0,0,0
180368,1,1,0,0,0,0,0,0,0,0,0,0
180369,1,1,0,0,0,0,0,0,0,0,0,0
180369,2,1,0,0,0,0,0,0,0,0,0,0
180370,1,1,8,0,0,0,0,0,0,0,0,0
180371,1,1,0,0,0,0,0,0,0,0,0,0
180371,2,1,0,20,0,0,0,5,5,22,0,0
180372,1,1,0,0,0,0,0,0,0,0,0,0
180372,2,1,0,0,0,0,0,0,0,0,0,0
180373,1,1,0,0,0,0,0,0,0,0,0,0
180373,2,1,0,0,0,0,0,0,0,0,0,0
180374,1,1,0,0,0,0,0,0,0,0,0,0
180374,2,1,0,0,0,0,0,0,0,0,0,0
180375,1,1,16,16,16,16,16,16,16,16,16,16
180376,1,1,0,0,0,0,0,0,0,0,0,0
180376,2,1,19,19,19,19,19,19,19,19,19,19
180376,3,1,0,0,0,0,0,0,0,0,0,0
180377,1,1,7,10,18,18,7,33,11,15,14,6
180377,2,1,0,0,0,0,0,0,0,0,3,0
180378,1,1,0,0,0,0,0,0,0,0,0,0
180379,1,1,0,0,0,0,0,0,0,0,0,0
180379,2,1,0,0,20,0,0,0,0,0,0,0
180379,3,1,0,0,0,0,0,0,0,0,0,0
180379,4,1,0,0,0,0,0,0,0,0,6,0
180379,5,1,0,0,0,0,0,16,0,0,0,0
180380,1,1,0,0,0,0,0,19,0,0,0,0
180381,1,1,0,5,0,0,0,0,0,31,0,0
180381,2,1,7,0,10,16,0,18,0,0,18,8
180382,0,1,6,25,26,10,12,26,26,25,38,5
180382,1,1,0,0,0,0,0,0,0,0,0,0
180383,1,1,0,0,0,0,0,0,0,0,0,0
180383,2,1,19,0,0,0,0,0,0,12,9,0
180384,1,1,0,0,0,0,0,0,0,0,0,0
180384,2,1,0,0,0,0,0,0,0,0,0,0
180385,1,1,0,14,24,0,13,0,0,0,8,7
180386,1,1,0,0,22,0,0,0,0,0,16,17
180387,1,1,0,0,0,0,0,0,0,0,0,0
180387,2,1,10,10,10,10,10,10,10,10,10,10
180388,1,1,25,15,0,0,14,0,12,0,0,0
180388,2,1,8,0,0,0,0,0,0,0,15,0
180389,1,1,13,13,13,13,13,13,13,13,13,13
180390,1,1,0,0,0,0,0,0,0,0,15,0
180390,2,1,0,0,0,0,0,0,0,0,0,0
180391,1,1,0,0,0,0,0,0,0,0,0,0
180392,1,1,0,0,0,0,0,0,0,0,17,0
180392,2,1,0,0,0,0,0,0,0,0,0,0
180393,1,1,19,0,13,11,0,0,7,0,13,27
180394,1,1,0,0,0,0,0,0,0,0,0,0
180394,2,1,0,0,0,0,0,0,0,0,0,0
180395,1,1,27,27,27,27,27,27,27,27,27,27
180395,2,1,0,0,0,0,0,0,0,0,0,0
180396,1,1,21,21,21,21,21,21,21,21,21,21
180396,2,1,4,7,0,13,7,0,0,0,0,0
180397,1,1,0,0,0,0,0,0,0,0,0,0
180397,2,1,0,0,0,32,0,0,0,0,0,0
180398,1,1,0,0,0,0,0,0,0,0,0,0
180399,1,1,0,0,0,0,0,0,0,0,0,0
180401,1,1,7,7,7,7,7,7,7,7,7,7
180401,2,1,0,0,0,0,0,0,0,0,0,0
180402,1,1,0,0,0,0,0,0,0,0,0,0
180402,2,1,0,0,0,23,0,0,0,0,0,0
180403,0,1,27,27,27,27,27,27,27,27,27,27
180403,1,1,10,20,0,0,0,6,5,39,13,0
180404,0,1,13,0,0,0,0,0,0,0,56,6
180404,1,1,0,0,0,0,0,0,0,0,0,0
180405,1,1,20,20,20,20,20,20,20,20,20,20
180406,1,1,0,0,0,0,0,0,0,0,12,0
180406,2,1,0,0,0,0,0,0,0,0,0,0
180407,0,1,0,0,0,14,0,22,0,46,24,0
180407,1,1,0,7,24,0,0,0,0,0,9,0
180408,1,1,0,0,0,0,0,0,0,0,0,0
180408,2,1,5,0,0,0,0,0,0,0,0,0
180409,1,1,0,0,0,0,0,0,0,0,0,0
180409,2,1,0,0,0,0,0,0,0,0,0,0
180409,3,1,0,0,0,0,0,0,0,0,0,0
180410,1,1,25,12,0,0,0,0,23,0,29,16
180411,1,1,26,0,0,0,0,18,30,16,13,10
180412,1,1,9,0,0,0,0,0,0,0,13,0
180412,2,1,0,0,0,0,0,0,0,0,0,0
180413,1,1,3,3,3,3,3,3,3,3,3,3
180413,2,1,0,0,0,0,0,0,0,0,0,0
180414,1,1,0,0,0,0,0,0,0,0,0,0
180414,2,1,0,0,0,0,0,0,0,0,0,0
180415,1,1,0,0,0,0,0,0,0,0,0,0
180415,2,1,0,0,9,0,0,0,0,0,0,0
180416,1,1,20,20,20,20,20,20,20,20,20,20
180417,1,1,17,0,0,0,0,0,0,5,0,0
180418,1,1,21,21,21,21,21,21,21,21,21,21
180418,2,1,0,0,0,0,0,0,0,0,0,0
180419,1,1,0,0,0,0,0,0,0,0,0,0
180419,2,1,0,0,0,0,0,0,0,0,0,0
180420,1,1,0,0,0,0,0,0,0,0,0,0
180420,2,1,0,0,0,0,0,0,0,0,0,0
180421,0,1,0,22,0,0,0,0,0,0,0,0
180421,0,2,0,0,0,0,0,0,0,0,0,0
180421,0,3,0,9,19,0,21,20,14,0,20,0
180421,1,1,7,31,24,0,0,13,0,32,0,13
180422,1,1,0,0,0,0,0,0,0,0,0,0
180422,2,1,0,0,0,0,0,0,0,0,0,0
180422,3,1,0,0,0,0,0,0,0,0,0,0
180422,4,1,0,0,0,0,0,0,0,0,0,0
180423,1,1,0,0,0,0,0,0,0,0,0,0
180423,2,1,0,0,0,0,0,0,0,0,0,0
180424,0,1,27,27,27,27,27,27,27,27,27,27
180424,1,1,0,20,0,0,9,22,0,14,6,0
180425,1,1,29,0,0,0,0,4,0,15,0,0
180426,1,1,0,8,20,0,15,20,32,19,14,0
180427,1,1,0,0,0,0,0,0,0,0,0,0
180427,2,1,0,0,0,0,0,0,0,0,0,0
180428,1,1,0,41,0,0,21,18,7,11,0,0
180429,1,1,0,0,0,0,0,0,0,0,0,0
180429,2,1,0,0,0,0,0,0,15,0,0,0
180429,3,1,0,0,0,0,0,0,0,0,0,0
180430,1,1,0,0,0,0,0,0,0,0,0,0
180430,2,1,0,0,0,0,0,0,0,0,0,0
180431,1,1,18,18,18,18,18,18,18,18,18,18
180431,2,1,0,0,0,0,0,0,0,0,0,0
180432,2,1,0,0,0,0,0,0,0,0,0,0
180433,1,1,8,14,23,17,9,0,10,17,22,16
180433,2,1,0,0,0,0,0,0,0,6,0,0
180434,1,1,0,0,0,0,0,0,0,0,0,0
180434,2,1,0,0,0,0,0,0,0,16,0,0
180435,1,1,33,0,0,0,10,0,0,0,0,0
180435,2,1,0,0,0,0,4,14,0,0,15,0
180436,1,1,9,32,0,0,0,20,10,0,0,0
180437,1,1,13,0,0,0,0,3,0,0,0,0
180437,2,1,0,0,0,0,0,0,0,0,0,0
180438,1,1,1,1,1,1,1,1,1,1,1,1
180439,1,1,0,0,0,0,0,22,0,0,0,0
180440,1,1,4,4,4,4,4,4,4,4,4,4
180440,2,1,0,0,0,0,0,0,0,0,0,0
180441,0,1,30,30,30,30,30,30,30,30,30,30
180441,1,1,5,5,5,5,5,5,5,5,5,5
180442,1,1,16,16,16,16,16,16,16,16,16,16
180443,1,1,0,0,0,15,28,26,0,7,0,0
180443,2,1,0,0,0,0,0,0,0,0,0,0
180444,1,1,0,0,30,0,0,0,0,0,0,0
180444,2,1,0,0,0,0,0,8,0,0,0,0
180445,1,1,29,13,12,23,8,11,0,28,18,18
180445,2,1,20,20,20,20,20,20,20,20,20,20
180446,0,1,0,0,0,0,0,0,0,0,0,0
180446,1,1,26,26,26,26,26,26,26,26,26,26
180447,1,1,0,0,15,7,15,20,11,6,36,0
180448,1,1,0,0,0,0,0,0,0,0,0,0
180448,2,1,0,0,19,0,0,9,17,11,0,16
180449,1,1,0,0,0,0,0,0,0,0,0,0
180449,2,1,0,0,0,0,0,0,0,7,19,0
180449,3,1,0,0,0,0,0,0,0,0,0,0
180449,4,1,0,0,0,0,0,0,0,0,0,0
180449,5,1,0,0,0,0,0,0,0,0,0,0
180450,1,1,0,25,38,11,17,11,0,20,10,9
180451,1,1,15,0,13,0,11,13,0,0,0,9
180451,2,1,0,0,0,0,0,0,0,0,0,0
180452,1,1,0,0,0,0,0,0,0,0,0,0
180452,2,1,0,0,14,0,0,0,0,0,0,0
180453,0,1,0,0,0,0,0,0,0,25,27,0
180453,1,1,0,0,0,0,0,0,0,0,0,0
180454,1,1,0,0,0,0,0,0,0,0,0,0
180454,2,1,0,0,0,0,0,0,0,0,0,0
180455,1,1,0,9,0,9,17,18,0,0,0,0
180456,1,1,0,0,0,0,0,0,0,0,0,0
180456,2,1,0,0,0,0,0,0,0,0,0,0
180457,1,1,0,0,0,0,0,0,0,0,0,0
180457,2,1,0,0,0,0,0,0,0,0,0,0
180458,1,1,0,32,0,15,8,0,0,16,0,18
180459,1,1,0,30,0,0,0,0,0,0,0,0
180459,2,1,0,0,0,0,0,0,0,0,0,0
180460,1,1,0,0,0,0,0,0,0,0,0,0
180460,2,1,0,0,0,0,0,0,0,0,0,0
180461,1,1,0,0,16,0,0,0,0,0,0,0
180462,1,1,0,16,0,0,0,0,0,0,0,14
180463,1,1,0,0,0,0,11,0,0,0,0,0
180463,2,1,0,0,0,0,0,0,0,0,0,0
180464,1,1,0,0,0,0,0,0,0,0,0,0
180464,2,1,0,0,0,0,0,0,0,0,7,0
180465,0,1,0,0,0,0,0,0,0,0,0,0
180465,1,1,0,0,0,0,0,0,0,0,0,0
180466,1,1,0,0,0,0,0,0,0,0,0,0
180466,2,1,0,0,0,0,0,0,18,0,0,0
180467,1,1,0,0,0,0,0,0,0,0,0,0
180467,2,1,0,0,0,0,0,0,0,0,0,0
180467,3,1,0,0,0,0,16,0,0,0,0,0
180467,4,1,0,0,0,0,0,0,0,0,0,0
180467,5,1,0,0,0,0,0,0,0,0,0,0
180467,6,1,0,0,0,0,0,0,0,0,0,0
180467,7,1,0,0,0,0,0,0,0,0,0,0
180468,1,1,32,32,32,32,32,32,32,32,32,32
180469,1,1,0,32,0,0,26,19,0,0,0,8
180470,1,1,0,0,0,0,0,0,0,0,0,0
180470,2,1,0,0,12,0,0,0,0,0,0,0
180471,1,1,25,20,13,0,3,12,9,0,0,6
180472,1,1,24,6,12,0,0,0,0,29,0,0
180473,1,1,0,0,0,0,0,0,0,0,0,0
180474,0,1,10,10,10,10,10,10,10,10,10,10
180474,1,1,0,0,0,0,0,0,0,0,0,0
180475,1,1,26,26,26,26,26,26,26,26,26,26
180476,1,1,11,0,20,0,0,0,0,0,0,0
180476,2,1,6,0,0,0,0,0,0,0,0,0
180477,1,1,1,1,1,1,1,1,1,1,1,1
180478,1,1,0,0,0,0,0,0,0,0,0,3
180479,1,1,0,0,0,0,0,0,0,0,0,0
180479,2,1,0,0,0,0,0,0,0,0,0,0
180480,1,1,0,0,0,0,0,0,0,0,0,0
180480,2,1,0,0,0,0,0,0,0,0,0,0
180480,3,1,0,0,0,0,0,0,0,0,0,0
180481,1,1,16,16,16,16,16,16,16,16,16,16
180482,1,1,0,0,0,0,0,0,0,0,0,0
180482,2,1,0,0,0,0,0,0,0,0,0,0
180483,0,1,0,0,0,0,0,0,0,0,0,0
180483,1,1,15,0,0,26,6,0,0,0,21,0
180484,1,1,0,0,0,0,0,0,0,0,0,0
180484,2,1,0,0,11,0,0,0,0,0,11,0
180485,1,1,0,0,0,0,0,20,0,0,0,0
180485,2,1,0,0,0,0,0,0,0,0,0,0
180486,1,1,9,0,0,0,9,0,0,0,0,0
180486,2,1,0,0,0,0,0,0,0,0,0,0
180487,1,1,11,0,0,6,0,0,0,0,0,0
180488,1,1,0,0,0,0,0,0,0,0,0,0
180488,2,1,0,0,0,0,0,0,0,0,0,0
180488,3,1,0,0,0,0,0,0,0,0,0,0
180489,1,1,9,0,0,0,0,9,0,0,0,0
180490,0,1,0,0,0,0,0,0,0,0,0,0
180490,1,1,0,0,0,18,0,0,0,0,0,0
180491,1,1,0,0,0,0,0,0,0,0,0,0
180491,2,1,0,0,0,0,0,0,0,0,0,0
180492,1,1,0,0,0,0,0,0,0,0,0,0
180492,2,1,0,0,0,0,0,0,0,0,0,0
180493,1,1,1,1,1,1,1,1,1,1,1,1
180493,2,1,0,0,0,0,0,0,0,0,0,0
180494,1,1,0,0,13,0,0,0,0,0,0,0
180494,2,1,0,0,0,0,0,0,0,0,0,0
180495,1,1,0,0,0,0,0,0,0,0,0,0
180495,2,1,0,0,0,0,0,0,0,0,0,0
180496,1,1,0,0,0,0,0,0,0,0,0,0
180497,0,1,0,0,0,0,0,20,0,0,0,12
180497,0,2,25,4,0,25,0,0,0,0,0,0
180497,0,3,0,0,0,0,0,0,0,0,0,0
180497,0,4,0,0,0,0,0,0,0,0,0,0
180497,0,5,0,0,0,0,0,0,0,0,0,0
180497,1,1,0,0,0,0,0,14,0,0,0,0
180498,1,1,0,0,0,0,0,0,0,0,0,0
180498,2,1,0,0,0,0,0,0,0,0,0,0
180499,1,1,0,0,0,0,0,0,0,0,0,0
180499,2,1,7,0,0,0,13,0,31,10,12,10
180500,1,1,17,17,17,17,17,17,17,17,17,17
180501,1,1,0,0,0,0,0,0,0,0,0,0
180501,2,1,0,0,0,0,0,0,0,0,0,0
180502,1,1,0,0,0,0,0,0,0,0,0,0
180502,2,1,0,0,0,0,0,0,0,0,0,0
180503,1,1,0,0,0,0,0,0,24,0,0,0
180503,2,1,0,0,0,0,0,0,0,0,0,0
180504,0,1,21,0,0,22,0,0,0,0,0,0
180504,1,1,0,0,0,0,0,0,0,0,0,0
180505,1,1,0,0,0,0,0,0,0,0,0,0
180505,2,1,5,5,5,5,5,5,5,5,5,5
180506,1,1,0,0,0,0,0,0,0,0,0,0
180507,1,1,0,23,24,0,0,0,0,0,0,0
180508,1,1,5,5,5,5,5,5,5,5,5,5
180509,1,1,11,20,0,17,40,24,18,22,19,14
180509,2,1,0,0,0,0,0,0,0,0,0,0
180510,1,1,13,31,22,0,15,10,29,22,15,14
180511,1,1,32,32,32,32,32,32,32,32,32,32
180511,2,1,0,0,0,0,0,3,0,0,0,0
180512,1,1,0,0,0,0,30,0,0,0,0,26
180513,1,1,16,16,16,16,16,16,16,16,16,16
180514,1,1,3,36,0,33,0,18,17,0,7,10
180515,1,1,0,0,0,0,0,0,0,0,0,0
180515,2,1,0,0,0,0,0,0,0,0,0,0
180515,3,1,0,0,0,0,0,0,0,0,0,0
180516,1,1,0,0,0,0,9,0,0,0,0,0
180516,2,1,0,0,0,0,0,0,19,0,0,0
180517,1,1,0,0,0,0,0,0,0,0,0,17
180517,2,1,0,0,0,0,0,0,0,0,0,0
180518,1,1,0,0,0,0,0,0,0,27,0,0
180519,1,1,0,0,0,0,0,0,0,0,0,0
180520,1,1,0,0,21,0,0,33,25,24,0,0
180521,1,1,0,0,0,0,0,0,0,0,0,0
180521,2,1,0,0,0,0,0,0,0,0,0,0
180522,1,1,0,0,6,0,0,15,0,11,0,0
180523,1,1,0,0,11,0,0,0,0,0,0,0
180524,1,1,0,0,0,0,0,0,0,0,0,0
180525,1,1,0,13,0,15,0,16,0,0,22,10
180526,1,1,0,0,0,0,0,14,0,0,0,0
180526,2,1,0,0,0,0,0,0,0,0,0,0
180527,1,1,0,0,0,0,0,0,0,0,0,0
180527,2,1,0,0,0,0,0,0,0,0,0,0
180528,1,1,17,0,9,0,0,18,23,0,8,0
180528,2,1,0,0,0,0,0,17,8,7,0,0
180529,1,1,0,0,0,0,0,0,0,0,0,0
180529,2,1,0,0,0,0,0,0,0,0,0,0
180530,1,1,0,0,0,0,0,0,0,0,0,0
180531,1,1,0,0,0,0,0,0,0,0,9,0
180531,2,1,0,0,0,0,7,8,9,0,25,6
180532,1,1,0,13,0,0,0,0,0,0,0,0
180533,1,1,0,0,0,0,0,0,0,0,0,0
180533,2,1,0,0,0,0,0,0,0,0,8,0
180534,1,1,0,0,0,0,6,0,0,0,0,32
180535,1,1,24,24,24,24,24,24,24,24,24,24
180536,1,1,0,0,0,0,0,0,29,0,0,0
180536,2,1,0,0,0,0,0,0,0,0,0,0
180537,1,1,20,20,20,20,20,20,20,20,20,20
180538,1,1,13,4,18,13,26,12,17,0,14,0
180538,2,1,0,0,0,0,0,0,20,0,0,0
180540,1,1,0,0,0,0,0,0,0,0,0,0
180540,2,1,0,0,4,7,0,7,0,0,5,0
180542,1,1,0,0,6,27,0,0,0,12,0,0
180543,1,1,0,0,0,0,0,0,0,0,0,0
180544,0,1,0,0,0,0,0,0,0,0,0,0
180544,1,1,0,0,0,0,0,0,0,0,0,0
180544,2,1,0,0,0,0,0,0,0,0,0,0
180545,0,1,0,0,0,0,0,0,0,0,0,0
180545,1,1,0,0,0,0,0,0,0,0,0,0
180546,0,1,0,0,0,0,0,25,0,0,8,0
180546,0,2,0,0,0,0,0,0,0,0,0,0
180546,0,3,0,27,0,21,0,19,0,0,0,0
180546,0,4,0,0,0,0,0,0,0,0,0,0
180546,0,5,0,0,29,0,0,26,13,0,10,0
180546,1,1,0,3,0,0,0,7,0,0,15,0
180546,2,1,0,21,10,0,0,0,0,5,0,0
180546,3,1,0,0,0,11,0,0,0,0,0,0
180547,0,1,0,0,0,0,0,0,0,0,0,0
180547,1,1,0,0,0,0,0,0,0,0,0,0
180548,1,1,0,0,0,0,0,0,0,0,0,0
180549,1,1,12,0,0,26,36,21,0,8,0,19
180550,1,1,10,10,10,10,10,10,10,10,10,10
180550,2,1,0,0,0,0,0,0,0,0,0,0
180551,1,1,0,0,0,0,0,0,17,0,0,0
180552,1,1,0,0,0,0,0,0,0,0,0,0
180553,1,1,0,0,0,0,0,0,0,0,0,0
180553,2,1,0,0,0,0,0,0,0,0,0,0
180554,1,1,5,5,5,5,5,5,5,5,5,5
180555,1,1,0,0,0,0,0,0,0,0,0,0
180556,1,1,20,20,20,20,20,20,20,20,20,20
180556,2,1,2,2,2,2,2,2,2,2,2,2
180557,1,1,19,19,19,19,19,19,19,19,19,19
180557,2,1,0,0,0,0,0,0,0,0,0,0
180558,1,1,0,0,0,0,0,0,0,0,0,0
180558,2,1,0,0,0,0,0,0,0,0,0,0
180559,1,1,0,0,0,0,0,0,0,0,0,0
180559,2,1,0,0,0,0,0,0,0,0,0,0
180560,1,1,0,0,0,0,0,0,11,15,0,0
180560,2,1,0,0,0,0,0,0,0,0,0,0
180560,3,1,0,0,0,0,0,0,0,0,0,0
180561,1,1,0,0,0,24,9,6,16,27,11,0
180562,1,1,0,0,0,0,0,0,0,0,0,0
180562,2,1,0,0,0,0,0,0,0,0,0,0
180563,1,1,20,20,20,20,20,20,20,20,20,20
180564,1,1,0,11,18,0,0,0,0,0,0,21
180564,2,1,0,0,0,0,0,0,0,0,0,0
180565,1,1,0,0,0,0,0,0,0,0,7,0
180565,2,1,0,0,0,0,0,0,0,0,0,0
180566,1,1,20,20,20,20,20,20,20,20,20,20
180566,2,1,5,5,5,5,5,5,5,5,5,5
180567,0,1,0,0,19,0,0,0,0,0,0,26
180567,1,1,10,10,10,10,10,10,10,10,10,10
180568,1,1,0,0,17,0,0,0,0,0,0,0
180568,2,1,0,0,27,0,0,0,0,0,0,0
180569,1,1,2,2,2,2,2,2,2,2,2,2
180570,1,1,0,0,0,10,0,0,0,0,0,0
180570,2,1,0,0,0,0,0,0,0,0,0,0
180571,1,1,0,0,0,0,0,0,0,0,0,15
180572,1,1,0,0,25,0,0,0,0,0,0,0
180572,2,1,0,0,0,0,0,0,0,0,0,0
180573,1,1,19,0,0,22,29,0,0,0,0,0
180573,2,1,0,0,4,0,28,33,0,0,0,0
180574,1,1,0,0,0,0,0,0,0,0,0,0
180575,1,1,24,0,0,0,0,0,8,0,0,12
180575,2,1,0,0,0,0,0,0,0,0,0,0
180575,3,1,0,0,22,0,0,6,0,18,0,0
180576,0,1,0,0,0,0,0,0,0,0,31,19
180576,1,1,0,0,0,0,0,0,0,0,0,0
180577,1,1,0,0,0,0,0,0,0,0,0,0
180578,1,1,19,0,0,0,0,0,0,16,0,0
180580,1,1,0,24,6,0,16,10,0,0,10,16
180581,1,1,0,0,0,0,0,0,21,0,0,0
180582,1,1,0,14,17,0,17,0,12,0,0,0
180583,1,1,9,12,0,0,0,0,0,0,0,0
180583,2,1,0,0,0,0,0,0,0,0,0,0
180583,3,1,0,0,0,0,0,0,0,0,0,0
180584,1,1,16,19,0,0,0,28,19,29,0,0
180586,1,1,14,0,0,0,0,0,0,0,0,0
180586,2,1,10,0,12,3,0,0,0,17,0,0
180587,1,1,0,0,0,0,0,0,0,0,12,0
180588,1,1,0,0,0,0,0,0,0,15,0,0
180590,1,1,0,0,0,0,0,0,0,0,0,0
180590,2,1,0,0,0,0,0,0,0,0,0,0