ST_CASE,VEH_NO,PER_NO,P1,P2,P3,P4,P5,P6,P7,P8,P9,P10
180591,1,1,0,0,0,0,0,0,0,0,0,0
180592,1,1,0,0,0,0,0,0,0,0,0,0
180592,2,1,0,0,0,0,0,0,0,0,0,0
180593,0,1,13,0,0,0,0,5,0,0,0,0
180593,1,1,1,1,1,1,1,1,1,1,1,1
180594,0,1,25,25,25,25,25,25,25,25,25,25
180594,1,1,0,0,0,0,0,0,0,0,0,0
180595,1,1,0,0,0,0,0,0,0,0,0,0
180595,2,1,0,0,0,0,0,0,0,0,20,0
180595,3,1,0,0,0,16,0,0,0,0,0,0
180595,4,1,0,0,0,0,0,0,0,0,0,0
180596,1,1,0,0,18,4,0,0,22,8,0,23
180597,1,1,0,0,0,0,0,0,0,0,0,0
180597,2,1,0,0,0,0,0,0,0,0,0,0
180597,3,1,0,0,0,0,0,13,0,0,15,0
180598,1,1,0,0,0,0,0,0,0,0,0,0
180598,2,1,0,0,0,0,0,0,0,0,0,0
180599,1,1,7,7,7,7,7,7,7,7,7,7
180600,1,1,25,25,25,25,25,25,25,25,25,25
180601,1,1,13,8,15,0,7,0,20,0,10,32
180602,1,1,25,7,20,19,30,24,9,7,23,24
180603,1,1,17,17,17,17,17,17,17,17,17,17
180603,2,1,0,0,0,0,0,0,0,0,0,0
180604,1,1,0,0,0,0,0,17,0,0,25,0
180604,2,1,0,0,0,0,0,0,0,0,0,0
180605,1,1,0,0,0,0,0,0,0,0,0,0
180605,2,1,0,0,0,0,0,11,0,0,0,0
180606,0,1,0,0,0,0,0,0,0,0,0,0
180606,1,1,0,0,0,0,0,0,0,0,0,0
180607,1,1,18,0,0,15,14,0,2,0,0,0
180607,2,1,0,0,0,23,11,0,29,0,21,0
180608,1,1,32,32,32,32,32,32,32,32,32,32
180609,1,1,0,0,0,0,0,0,0,0,0,0
180610,1,1,0,0,0,0,0,0,0,0,0,0
180610,2,1,0,0,0,0,0,0,0,0,0,0
180611,1,1,18,17,0,12,8,0,34,0,11,0
180612,1,1,20,20,20,20,20,20,20,20,20,20
180613,1,1,0,0,0,0,0,0,0,0,0,0
180613,2,1,0,0,0,0,0,0,0,0,0,0
180614,1,1,0,0,0,0,0,0,0,0,0,0
180614,2,1,0,0,0,0,0,0,0,0,0,0
180615,1,1,0,0,0,0,0,0,0,0,0,0
180616,1,1,0,0,16,0,14,0,0,0,0,10
180616,2,1,0,0,0,0,0,0,0,0,2,0
180617,1,1,0,0,0,0,0,0,0,0,0,20
180617,2,1,0,0,0,0,0,0,0,0,0,0
180618,1,1,0,0,0,0,0,20,0,0,0,0
180619,1,1,4,4,4,4,4,4,4,4,4,4
180620,1,1,0,0,0,0,0,0,0,0,0,0
180620,2,1,0,0,0,0,0,0,0,0,0,0
180621,1,1,0,0,0,0,0,0,35,13,0,0
180622,1,1,0,0,0,0,0,0,0,0,0,0
180623,1,1,0,0,0,0,0,0,0,0,0,0
180624,1,1,19,14,0,0,0,0,0,8,0,0
180627,0,1,0,0,0,0,0,0,0,0,0,0
180627,1,1,0,0,0,0,0,0,0,0,0,0
180627,2,1,0,0,0,0,0,0,0,0,0,0
180628,1,1,0,0,0,0,0,0,0,0,0,0
180628,2,1,0,0,0,0,0,0,0,0,0,0
180629,1,1,17,0,0,30,22,0,0,0,0,0
180630,0,1,0,0,0,0,10,0,0,0,0,0
180630,1,1,37,0,0,0,0,0,0,0,0,16
180631,1,1,18,0,0,0,0,0,0,0,0,0
180632,1,1,5,0,0,0,0,0,0,0,0,0
180632,2,1,0,0,0,0,0,0,0,0,0,0
180632,3,1,0,0,0,0,0,0,0,0,0,0
180633,1,1,13,13,13,13,13,13,13,13,13,13
180634,0,1,0,0,0,12,0,0,0,0,0,0
180634,1,1,0,0,0,0,0,0,0,0,0,0
180635,1,1,14,14,14,14,14,14,14,14,14,14
180635,2,1,0,0,0,0,0,0,0,0,0,0
180636,1,1,13,13,13,13,13,13,13,13,13,13
180637,1,1,0,0,17,0,0,18,9,0,12,10
180638,1,1,0,0,0,0,0,0,0,0,0,0
180638,2,1,0,0,0,0,0,0,0,0,0,0
180639,1,1,0,0,0,0,0,0,0,0,0,0
180639,2,1,0,0,0,0,0,0,0,0,0,0
180640,1,1,0,0,0,0,0,0,0,0,0,0
180640,2,1,0,0,0,0,0,0,0,0,0,0
180641,1,1,0,0,0,0,0,0,0,0,0,0
180641,2,1,0,0,0,0,0,0,0,0,0,0
180642,1,1,0,0,0,0,0,0,0,0,0,0
180643,1,1,0,0,0,0,0,0,0,25,0,0
180643,2,1,0,0,0,0,0,0,0,0,0,0
180644,1,1,0,0,16,57,22,18,0,28,16,26
180645,0,1,0,0,0,0,0,0,0,0,0,0
180645,1,1,0,0,0,0,0,0,0,0,0,0
180646,1,1,21,21,21,21,21,21,21,21,21,21
180647,1,1,0,0,0,0,0,0,0,0,0,0
180647,2,1,0,0,0,0,0,0,15,0,0,0
180648,1,1,20,21,34,16,7,0,19,0,17,25
180649,1,1,0,12,9,0,28,0,0,3,0,13
180650,1,1,12,12,12,12,12,12,12,12,12,12
180650,2,1,0,0,0,0,0,0,0,0,0,0
180652,1,1,0,0,0,0,0,0,0,0,0,0
180652,2,1,0,0,0,0,0,0,0,0,0,0
180653,1,1,0,0,0,0,0,0,0,0,0,0
180653,2,1,0,0,0,0,0,0,0,0,0,0
180654,1,1,14,0,0,0,19,10,0,0,16,24
180655,1,1,0,0,0,0,0,0,0,0,0,0
180656,1,1,14,14,14,14,14,14,14,14,14,14
180657,1,1,0,22,10,0,0,18,0,0,0,0
180657,2,1,0,0,0,0,0,0,0,0,0,0
180658,0,1,0,0,0,0,0,0,16,0,0,0
180658,1,1,13,11,11,34,0,9,10,5,22,28
180659,1,1,0,0,0,0,0,0,0,0,0,0
180659,2,1,0,0,0,0,0,0,0,0,0,0
180659,3,1,0,0,0,0,0,0,0,0,0,0
180660,1,1,12,0,13,5,0,0,31,0,0,0
180660,2,1,0,0,0,0,0,0,0,0,0,0
180661,0,1,23,23,23,23,23,23,23,23,23,23
180661,0,2,0,0,0,0,18,11,0,15,0,10
180661,1,1,0,13,0,15,0,0,19,9,0,0
180662,1,1,7,0,0,0,0,0,0,0,0,0
180662,2,1,13,0,0,13,0,0,0,0,0,0
180663,1,1,0,0,0,0,0,16,0,0,0,0
180664,1,1,0,0,31,14,21,0,0,7,30,9
180665,1,1,0,0,0,0,0,0,0,0,0,0
180665,2,1,0,14,0,0,0,0,0,0,0,0
180666,0,1,0,0,0,0,0,0,0,0,0,0
180666,1,1,0,0,0,0,0,0,0,0,0,0
180667,0,1,0,0,20,0,0,0,0,0,21,0
180667,1,1,0,0,0,0,0,0,23,0,0,0
180668,1,1,0,0,0,0,0,0,0,0,0,0
180668,2,1,0,0,0,0,0,0,0,0,0,0
180669,1,1,0,19,0,0,18,37,8,6,4,26
180670,1,1,0,0,26,0,0,0,0,0,0,0
180671,1,1,0,0,0,0,0,0,0,0,0,0
180671,2,1,0,0,0,0,0,0,0,0,0,0
180671,3,1,0,0,0,0,0,0,0,33,0,0
180671,4,1,0,0,10,0,0,0,0,0,0,0
180672,0,1,19,16,27,0,0,0,15,0,0,0
180672,1,1,0,0,0,0,0,0,0,0,0,0
180673,1,1,0,0,0,0,0,0,7,0,0,0
180673,2,1,0,0,0,0,0,0,0,0,0,0
180674,1,1,0,0,0,0,0,0,16,0,23,6
180675,1,1,0,0,0,0,0,20,0,0,0,0
180675,2,1,0,0,0,0,0,0,0,0,0,0
180676,1,1,17,17,17,17,17,17,17,17,17,17
180677,1,1,0,0,0,0,0,0,0,20,0,0
180677,2,1,0,0,0,0,0,0,0,0,0,0
180678,1,1,0,0,0,0,0,0,0,0,0,0
180678,2,1,16,16,16,16,16,16,16,16,16,16
180679,0,1,0,0,0,0,0,0,0,0,0,0
180679,1,1,0,0,0,0,0,0,0,0,0,0
180680,1,1,0,0,0,0,0,0,0,0,0,0
180680,2,1,0,0,0,0,0,0,0,0,0,0
180680,3,1,0,0,0,0,0,0,0,0,0,0
180681,1,1,14,36,25,0,19,25,0,30,26,0
180682,1,1,0,0,42,0,0,0,0,0,0,0
180682,2,1,0,0,0,0,0,0,0,0,6,0
180683,1,1,0,0,0,0,0,0,0,0,0,0
180684,0,1,0,0,18,20,0,0,0,5,0,12
180684,1,1,0,10,14,14,12,16,6,24,0,7
180685,1,1,0,0,0,0,0,0,0,0,0,0
180685,2,1,0,0,9,0,0,0,9,0,0,0
180686,1,1,0,0,0,0,0,0,0,0,0,0
180686,2,1,0,0,0,0,0,0,0,0,0,0
180687,1,1,0,0,0,0,0,0,0,0,0,0
180687,2,1,19,19,19,19,19,19,19,19,19,19
180688,1,1,0,0,0,0,0,0,0,0,16,0
180688,2,1,0,10,0,0,0,0,0,0,0,0
180689,0,1,19,19,19,19,19,19,19,19,19,19
180689,1,1,0,0,0,0,0,0,0,0,0,0
180690,1,1,15,16,15,26,10,12,11,29,17,20
180690,2,1,0,0,0,18,0,0,0,0,0,0
180690,3,1,3,3,3,3,3,3,3,3,3,3
180691,0,1,0,18,0,0,25,0,0,0,0,0
180691,1,1,0,0,15,48,0,0,0,0,0,0
180692,1,1,0,0,0,0,0,0,0,0,19,0
180692,2,1,0,0,0,0,0,0,0,0,0,0
180693,1,1,0,0,0,0,0,0,0,0,0,0
180693,2,1,0,0,0,0,0,0,0,0,0,0
180694,1,1,0,0,0,0,0,0,0,0,0,0
180695,1,1,0,0,0,0,0,0,0,0,0,0
180695,2,1,0,0,0,0,24,0,26,0,0,0
180696,1,1,0,0,0,0,0,0,0,0,0,0
180697,1,1,0,0,0,0,0,0,0,0,0,0
180697,2,1,0,0,0,0,0,0,0,0,0,0
180698,1,1,0,0,0,0,0,0,0,0,0,0
180699,1,1,0,0,0,0,0,0,0,0,0,0
180699,2,1,0,23,0,0,0,0,0,0,0,0
180700,1,1,0,0,29,0,0,0,0,0,0,0
180701,1,1,0,0,0,0,0,0,0,0,0,0
180701,2,1,0,13,0,16,40,0,0,0,0,0
180702,1,1,25,15,0,30,0,4,0,26,22,0
180703,1,1,0,0,0,0,0,34,0,0,0,0
180703,2,1,0,0,0,0,0,12,0,0,0,0
180704,0,1,0,0,0,0,0,0,0,0,0,0
180704,1,1,0,0,0,0,0,0,0,0,0,0
180705,1,1,24,24,24,24,24,24,24,24,24,24
180706,1,1,7,7,7,7,7,7,7,7,7,7
180707,1,1,0,0,0,0,0,0,0,0,0,0
180708,1,1,0,0,8,0,0,0,3,23,7,0
180710,1,1,10,0,0,0,0,0,0,16,0,18
180711,1,1,0,0,0,0,0,0,0,0,0,0
180711,2,1,0,0,0,0,0,0,0,0,0,0
180712,1,1,0,0,0,0,0,0,14,0,9,0
180713,1,1,0,0,0,0,0,0,0,0,0,16
180713,2,1,0,0,0,0,0,0,0,0,0,0
180714,1,1,0,0,0,0,0,0,0,24,0,0
180715,1,1,0,0,6,0,21,27,16,0,0,25
180716,1,1,0,0,0,0,0,0,0,0,0,0
180716,2,1,0,0,0,0,0,0,0,0,0,0
180717,1,1,3,3,3,3,3,3,3,3,3,3
180717,2,1,0,0,0,0,0,0,0,0,0,0
180718,1,1,0,0,0,0,8,39,0,0,21,0
180719,1,1,17,23,2,12,15,0,19,15,13,26
180720,1,1,17,0,10,0,9,12,0,0,19,0
180720,2,1,0,0,0,0,0,0,0,0,0,0
180721,1,1,7,11,24,22,12,20,7,10,12,31
180722,1,1,0,0,0,0,0,0,0,0,0,0
180722,2,1,0,0,0,0,0,0,0,0,0,0
180722,3,1,0,0,0,0,0,0,0,0,0,0
180723,1,1,11,31,15,0,20,21,13,4,12,28
180723,2,1,0,0,0,0,0,0,23,0,0,0
180724,1,1,25,0,0,0,0,0,0,0,0,0
180725,1,1,0,0,0,0,0,0,0,0,0,0
180726,1,1,0,0,0,0,0,0,0,0,0,0
180726,2,1,0,13,0,0,0,0,0,0,0,0
180727,1,1,14,0,0,0,0,0,20,6,19,0
180728,1,1,0,17,3,10,18,13,14,0,6,3
180729,1,1,0,0,0,0,0,0,0,0,0,0
180730,1,1,21,21,21,21,21,21,21,21,21,21
180731,1,1,0,0,0,0,0,0,0,0,0,0
180731,2,1,0,0,0,0,0,0,0,0,0,0
180732,1,1,0,11,16,20,16,26,5,17,13,23
180733,1,1,0,22,6,0,4,31,0,0,23,0
180733,2,1,0,0,0,0,0,0,0,10,0,0
180733,3,1,2,0,0,0,0,0,0,0,0,0
180734,1,1,0,0,8,0,0,0,0,18,0,0
180734,2,1,0,0,0,0,0,0,0,0,0,0
180735,1,1,0,18,7,0,12,12,0,0,0,0
180735,2,1,0,0,0,0,0,0,0,0,0,0
180736,1,1,0,0,0,0,0,0,0,0,0,0
180737,1,1,0,0,0,0,0,0,0,0,0,0
180738,1,1,29,0,0,0,0,21,0,0,0,0
180739,1,1,21,21,21,21,21,21,21,21,21,21
180740,1,1,0,0,0,12,0,15,0,0,0,11
180741,1,1,0,0,0,0,0,0,0,0,0,0
180741,2,1,0,4,0,0,6,0,0,0,0,0
180742,1,1,0,0,0,0,0,0,0,0,0,0
180744,1,1,0,31,0,0,0,0,0,0,0,0
180744,2,1,0,0,0,0,0,0,0,0,0,0
180744,3,1,0,0,0,0,0,0,0,0,0,0
180745,1,1,0,0,0,0,0,0,0,0,0,0
180745,2,1,0,0,0,0,0,0,0,0,0,0
180746,1,1,0,0,0,0,11,0,0,0,28,0
180747,1,1,0,0,0,0,0,0,0,0,0,0
180747,2,1,0,0,0,0,0,0,0,0,0,0
180748,0,1,0,0,0,0,0,0,0,0,0,0
180748,1,1,0,0,0,0,0,0,0,0,0,0
180749,1,1,0,0,0,0,28,0,0,0,0,0
180749,2,1,0,0,0,8,0,0,0,0,0,0
180750,1,1,11,11,11,11,11,11,11,11,11,11
180750,2,1,0,0,0,0,0,0,0,0,0,0
180751,1,1,29,15,8,25,10,17,14,23,38,35
180752,1,1,0,0,0,0,0,0,0,0,0,0
180752,2,1,0,0,0,0,0,0,0,0,0,0
180753,0,1,23,23,23,23,23,23,23,23,23,23
180753,1,1,0,0,0,0,0,0,0,0,0,0
180754,1,1,9,9,9,9,9,9,9,9,9,9
180755,0,1,0,0,0,0,0,0,0,0,0,0
180755,1,1,0,0,0,0,0,0,0,0,0,0
180756,1,1,0,0,0,0,0,0,0,0,0,0
180756,2,1,0,0,0,0,0,0,0,0,0,0
180757,0,1,20,20,20,20,20,20,20,20,20,20
180757,1,1,0,0,8,0,0,0,9,6,0,0
180758,1,1,0,0,0,0,0,0,0,0,34,0
180758,2,1,0,0,0,0,0,0,0,0,0,0
180758,3,1,0,0,0,0,0,0,0,0,0,0
180758,4,1,0,0,0,16,0,0,0,0,0,0
180759,0,1,7,7,7,7,7,7,7,7,7,7
180759,1,1,0,0,0,0,0,0,0,0,0,0
180760,1,1,18,18,18,18,18,18,18,18,18,18
180761,1,1,0,0,0,0,0,5,17,0,0,0
180762,1,1,0,0,0,0,0,0,0,0,0,0
180762,2,1,0,0,0,0,0,0,0,0,0,0
180763,1,1,0,0,0,0,5,0,0,0,0,0
180763,2,1,0,0,0,0,0,0,21,0,0,0
180764,1,1,17,17,17,17,17,17,17,17,17,17
180764,2,1,0,0,0,0,0,0,0,0,0,0
180765,0,1,0,0,0,0,0,0,13,13,15,0
180765,1,1,18,18,18,18,18,18,18,18,18,18
180765,2,1,0,0,0,23,0,0,0,0,0,0
180766,1,1,0,0,0,0,0,0,0,0,0,0
180766,2,1,0,0,0,0,10,0,0,0,0,0
180767,1,1,21,21,21,21,21,21,21,21,21,21
180768,1,1,0,0,0,0,0,0,0,0,0,0
180768,2,1,12,7,0,0,0,0,0,0,0,0
180769,0,1,14,18,0,0,0,27,36,9,0,30
180769,1,1,0,0,0,0,0,0,0,0,0,0
180770,1,1,0,15,0,0,0,0,0,0,0,0
180771,1,1,15,0,0,0,0,0,0,0,0,0
180771,2,1,0,0,0,0,0,0,0,0,0,0
180772,0,1,17,0,0,0,0,0,6,14,0,9
180772,1,1,0,0,0,0,0,0,0,0,0,0
180773,0,1,0,0,0,0,0,0,0,0,0,0
180773,1,1,0,0,0,0,0,0,0,0,0,0
180774,1,1,0,0,0,0,0,0,0,0,0,0
180774,2,1,0,0,0,0,0,0,0,0,0,0
180774,3,1,0,0,0,0,0,0,0,0,0,0
180775,1,1,23,23,23,23,23,23,23,23,23,23
180775,2,1,0,0,0,0,0,0,0,0,0,0
180776,1,1,15,15,15,15,15,15,15,15,15,15
180777,1,1,0,0,0,0,0,0,0,0,0,0
180778,1,1,0,0,0,0,0,0,0,0,0,0
180778,2,1,0,0,0,0,0,0,0,0,0,0
180779,1,1,0,0,42,0,0,0,0,0,0,0
180779,2,1,0,0,0,0,0,0,0,0,0,0
180780,1,1,0,22,24,9,0,0,0,0,0,0
180781,1,1,0,0,7,0,0,0,0,0,0,0
180782,1,1,0,0,0,0,0,0,0,0,0,0
180782,2,1,0,0,0,0,0,0,0,0,0,0
180784,1,1,0,0,0,0,0,0,0,0,0,0
180784,2,1,11,0,0,0,0,23,0,0,0,0
180785,1,1,0,0,0,0,0,0,0,0,0,0
180785,2,1,15,0,0,0,0,0,0,0,8,0
180786,1,1,6,6,6,6,6,6,6,6,6,6
180786,2,1,0,0,0,0,0,0,0,0,0,0
180787,1,1,0,0,0,0,0,0,0,0,0,0
180788,1,1,0,0,0,0,0,0,0,0,0,0
180788,2,1,0,0,0,0,0,0,0,0,0,0
180788,3,1,0,0,0,0,0,0,0,0,0,0
180788,4,1,0,0,0,0,0,0,0,0,0,0
180789,1,1,19,19,19,19,19,19,19,19,19,19
180790,1,1,0,0,0,34,0,24,17,0,20,0
180791,1,1,0,0,18,0,0,0,0,17,0,0
180792,1,1,10,10,10,10,10,10,10,10,10,10
180793,1,1,0,0,0,0,0,0,0,0,0,0
180793,2,1,0,0,0,0,0,0,0,0,0,0
180794,1,1,6,6,6,6,6,6,6,6,6,6
180795,0,1,0,0,0,0,0,0,0,0,18,0
180795,1,1,0,0,0,0,0,0,0,0,0,0
180797,1,1,0,0,0,0,0,0,0,0,0,0
180797,2,1,0,0,0,0,0,0,0,0,0,0
180798,1,1,0,0,0,0,0,0,0,0,0,0
180798,2,1,0,0,0,0,0,0,0,0,0,0
180799,1,1,0,0,0,0,0,0,0,0,0,0
180799,2,1,0,0,0,0,0,0,0,0,0,0
180799,3,1,0,0,0,0,0,0,0,0,0,0
180799,4,1,0,0,0,0,0,0,0,0,0,0
180799,5,1,0,0,0,0,0,0,0,0,0,0
180800,1,1,0,0,0,0,0,0,0,0,0,0
180800,2,1,0,0,0,0,0,0,0,0,0,0
180801,1,1,11,20,27,21,6,0,22,27,11,33
180802,1,1,0,19,0,0,0,0,0,0,0,0
180803,1,1,34,34,34,34,34,34,34,34,34,34
180804,1,1,0,0,0,0,0,0,0,0,0,0
180804,2,1,0,0,0,0,0,0,0,0,0,0
180805,1,1,6,19,0,0,0,16,0,0,0,0
180806,1,1,23,0,43,0,0,18,0,0,17,30
180807,1,1,21,21,21,21,21,21,21,21,21,21
180807,2,1,0,0,0,0,0,0,0,0,0,0
180808,1,1,11,15,36,7,0,0,14,0,9,0
180808,2,1,12,0,0,0,0,13,0,0,0,0
180809,1,1,0,0,0,0,0,0,0,0,18,27
180809,2,1,0,0,0,0,0,0,0,0,0,0
180810,1,1,0,0,0,0,0,0,0,0,0,0
180810,2,1,0,0,0,0,0,0,0,0,0,0
180811,1,1,0,0,0,0,0,46,0,0,10,0
180811,2,1,0,0,0,0,0,0,0,0,0,0
180812,1,1,0,0,0,0,0,0,0,0,0,0
180812,2,1,0,0,8,4,0,0,0,0,0,0
180813,1,1,0,0,0,0,0,0,32,0,0,0
180813,2,1,0,0,0,0,0,0,0,0,0,0
180814,1,1,0,0,0,0,0,0,0,0,0,0
180815,1,1,0,28,0,17,0,0,12,0,11,19
180815,2,1,0,0,0,0,0,0,0,0,0,0
180816,1,1,0,0,0,0,0,0,0,0,0,0
180816,2,1,0,0,0,0,0,0,0,0,0,0
180817,1,1,0,0,0,0,0,0,0,0,0,0
180817,2,1,0,0,0,0,0,0,0,0,0,0
180818,1,1,0,0,0,16,15,0,0,10,0,0
180819,1,1,0,0,0,0,0,0,0,0,0,0
180820,1,1,0,0,0,0,0,0,0,0,0,0
180820,2,1,0,0,0,0,0,0,0,0,0,0
180820,3,1,0,13,0,0,0,0,0,0,0,0
180821,1,1,0,0,43,8,23,0,0,0,0,8
180822,1,1,0,0,0,0,0,0,0,0,0,0
180822,2,1,0,0,0,0,0,0,0,0,0,0
180823,1,1,0,11,10,12,10,13,10,6,26,8
180824,0,1,0,0,0,0,0,0,0,0,0,0
180824,1,1,0,0,0,0,0,0,0,0,0,0
180825,1,1,0,6,0,13,0,0,0,18,4,12
180826,1,1,0,0,0,0,0,0,0,0,0,0
180826,2,1,0,0,0,0,0,0,0,0,0,0
180827,1,1,0,0,0,0,0,0,0,0,8,0
180827,2,1,0,0,0,0,0,0,0,0,0,0
180828,1,1,0,24,0,10,0,0,0,0,0,0
180829,1,1,0,0,8,9,0,0,30,27,0,0
180830,0,1,0,0,0,0,0,0,0,0,0,26
180830,1,1,18,13,28,0,0,12,25,18,7,0
180831,1,1,13,14,0,26,21,25,0,0,11,11
180832,1,1,0,0,0,0,0,0,0,0,0,0
180832,2,1,0,0,0,0,0,0,0,0,0,0
180833,0,1,0,0,0,0,0,0,0,0,0,0
180833,1,1,0,0,0,0,0,25,15,0,0,0
180834,1,1,0,0,0,0,0,0,0,0,0,0
180834,2,1,0,0,0,0,0,0,0,0,0,0
180835,1,1,11,11,11,11,11,11,11,11,11,11
180835,2,1,0,0,0,0,0,0,0,0,0,0
180836,1,1,0,0,0,0,0,0,0,0,0,0
180837,1,1,16,0,13,35,0,19,0,13,0,18
180838,1,1,0,4,0,0,0,0,0,0,0,17
180839,1,1,0,20,22,0,0,0,0,0,0,25
180840,1,1,0,0,0,29,0,0,0,0,0,0
180841,1,1,23,20,0,0,11,8,18,3,7,24
180842,1,1,16,0,0,0,0,0,0,0,0,16
180842,2,1,0,0,0,0,0,13,0,0,0,0
180843,1,1,16,16,16,16,16,16,16,16,16,16
180844,1,1,0,0,0,0,0,0,0,0,0,0
180844,2,1,0,0,0,0,0,0,0,0,0,0
180845,1,1,0,0,0,0,0,0,0,0,0,0
180846,1,1,19,19,19,19,19,19,19,19,19,19
180847,0,1,0,0,0,0,24,0,0,0,0,0
180847,1,1,0,0,0,0,0,0,0,0,0,0
180848,1,1,0,0,0,0,0,0,0,0,17,0
180849,0,1,0,0,0,0,0,0,0,0,0,0
180849,1,1,0,7,16,21,32,8,14,0,0,0
180850,1,1,0,0,0,6,0,0,0,0,0,0
180850,2,1,0,0,0,0,0,0,0,0,0,0
180851,0,1,20,20,20,20,20,20,20,20,20,20
180851,1,1,0,22,0,27,0,0,0,0,0,0
180852,1,1,0,0,0,0,0,0,0,0,0,0
180852,2,1,0,0,0,0,0,0,0,0,0,0
180853,1,1,6,0,25,9,12,0,9,9,29,16
180853,2,1,0,0,0,0,0,0,0,0,0,0
180854,1,1,42,0,0,0,0,0,0,0,0,0
180855,1,1,0,0,0,0,0,7,12,0,0,0
180856,1,1,0,0,0,0,0,0,0,0,0,0
180857,1,1,0,10,0,0,9,10,0,0,0,19
180858,1,1,0,17,0,0,0,0,0,0,0,0
180859,1,1,26,26,26,26,26,26,26,26,26,26
180860,1,1,34,27,10,6,0,13,0,0,0,16
180860,2,1,0,0,0,0,0,0,0,0,0,0
190001,1,1,20,20,20,20,20,20,20,20,20,20
190002,1,1,12,12,12,12,12,12,12,12,12,12
190003,1,1,0,0,0,0,0,0,0,0,0,0
190004,1,1,0,0,0,0,0,0,0,0,0,0
190005,1,1,24,24,24,24,24,24,24,24,24,24
190005,2,1,0,0,0,0,0,0,0,0,0,0
190006,1,1,0,0,0,0,0,0,0,0,0,0
190006,2,1,0,0,0,0,0,0,0,0,0,0
190007,1,1,16,16,16,16,16,16,16,16,16,16
190008,1,1,0,0,0,0,0,0,0,0,0,0
190008,2,1,0,0,0,0,0,0,0,0,0,0
190008,3,1,0,0,0,0,0,0,0,0,0,0
190009,1,1,0,0,0,0,6,0,0,0,0,0
190009,2,1,0,0,0,0,0,0,24,0,0,0
190010,1,1,0,0,0,0,0,0,0,0,0,0
190010,2,1,0,0,0,0,0,0,0,0,0,0
190011,1,1,10,10,10,10,10,10,10,10,10,10
190012,1,1,0,0,0,0,0,0,0,0,0,0
190013,1,1,16,16,16,16,16,16,16,16,16,16
190014,1,1,0,0,0,0,0,0,0,0,0,0
190014,2,1,0,0,0,0,0,0,0,0,0,0
190015,1,1,0,0,0,0,0,0,0,0,0,0
190015,2,1,0,0,0,0,0,0,0,0,0,0
190016,1,1,0,0,0,0,0,0,0,0,0,0
190016,2,1,0,0,0,0,0,0,0,0,0,0
190017,1,1,7,7,7,7,7,7,7,7,7,7
190018,0,1,17,0,0,0,0,29,0,0,0,0
190018,1,1,0,0,0,0,0,0,0,0,0,0
190019,1,1,0,0,0,0,0,0,0,0,0,0
190019,2,1,0,0,0,0,0,0,0,0,0,0
190019,3,1,0,0,0,0,0,0,0,0,0,0
190020,0,1,0,0,0,0,0,0,0,0,0,0
190020,1,1,0,0,0,0,0,0,0,0,0,0
190021,1,1,0,0,0,0,0,0,0,0,0,0
190021,2,1,0,0,0,0,0,0,0,0,0,0
190022,1,1,10,0,0,0,0,0,0,0,0,0
190023,1,1,0,0,18,18,7,0,0,0,0,0
190024,1,1,0,0,0,0,0,0,0,0,0,0
190025,1,1,0,0,0,0,0,0,0,0,0,0
190026,1,1,0,0,0,0,0,0,0,0,32,0
190026,2,1,0,0,0,0,0,0,0,0,0,0
190027,1,1,13,13,13,13,13,13,13,13,13,13
190027,2,1,0,0,0,7,0,0,0,0,0,0
190027,3,1,0,0,0,0,0,0,0,0,0,0
190028,1,1,15,15,15,15,15,15,15,15,15,15
190029,1,1,0,0,0,0,0,5,0,0,0,0
190029,2,1,4,4,4,4,4,4,4,4,4,4
190030,1,1,0,0,0,0,0,0,0,0,0,0
190032,1,1,0,0,0,0,0,0,0,0,0,0
190033,0,1,16,16,16,16,16,16,16,16,16,16
190033,1,1,8,0,0,0,0,41,0,0,0,27
190034,1,1,0,0,0,0,0,0,0,0,0,0
190035,1,1,0,0,0,0,0,0,0,0,0,0
190036,1,1,0,0,0,0,0,0,0,0,0,0
190036,2,1,0,0,0,0,0,0,0,0,0,0
190037,1,1,0,0,0,22,0,9,0,11,0,0
190037,2,1,0,0,0,0,0,0,0,0,0,0
190037,3,1,0,0,14,0,0,0,0,0,0,0
190038,1,1,0,0,0,0,0,0,0,0,0,0
190038,2,1,0,0,0,0,0,0,0,0,0,0
190039,1,1,0,0,0,0,0,0,0,0,0,0
190039,2,1,0,0,0,0,0,0,0,0,11,0
190040,1,3,24,15,20,28,0,0,23,0,0,0
190041,1,1,13,0,9,17,2,15,0,14,0,0
190042,1,1,0,0,0,0,0,0,0,0,0,0
190042,2,1,0,0,0,0,0,0,0,9,0,0
190043,1,1,0,0,0,0,0,0,0,0,0,0
190043,2,1,0,0,0,0,0,11,0,0,0,0
190044,1,1,8,8,8,8,8,8,8,8,8,8
190045,1,1,0,0,0,0,0,0,0,0,0,0
190045,2,1,0,0,0,0,0,0,22,0,0,0
190046,0,1,1,17,0,6,0,0,0,0,0,0
190046,1,1,0,22,0,0,0,0,0,0,0,0
190047,1,1,0,0,0,0,0,0,0,0,0,0
190047,2,1,0,0,0,0,0,0,0,0,0,0
190048,1,1,0,0,0,0,0,0,0,0,0,0
190048,3,1,0,0,0,0,0,0,0,0,0,0