ST_CASE,VEH_NO,PER_NO,P1,P2,P3,P4,P5,P6,P7,P8,P9,P10
190049,1,1,0,0,0,0,0,0,0,0,0,0
190050,1,1,0,0,0,0,0,0,0,0,0,0
190050,2,1,0,0,0,0,24,0,0,0,0,0
190051,1,1,0,0,0,0,0,0,0,0,0,0
190051,2,1,0,0,0,0,0,0,0,0,0,0
190052,1,1,0,0,0,0,0,0,0,0,0,0
190053,1,1,4,0,0,23,0,0,0,0,0,0
190054,1,1,0,0,18,0,0,0,0,0,0,0
190055,1,1,0,0,0,0,11,0,0,0,0,0
190056,0,1,0,0,0,12,0,30,23,0,33,12
190056,1,1,0,0,0,0,0,0,0,0,0,0
190056,2,1,0,0,0,0,0,0,0,0,0,0
190057,1,1,0,0,0,0,0,0,0,0,0,0
190057,2,1,0,0,0,0,0,0,0,0,0,0
190058,1,1,0,0,0,0,0,0,0,0,0,0
190058,2,1,0,0,0,0,0,0,0,0,0,0
190059,1,1,0,0,20,0,18,22,0,0,0,0
190060,1,1,0,0,10,0,0,0,0,0,0,0
190060,2,1,0,0,0,0,0,0,0,0,0,0
190060,3,1,0,0,0,0,0,0,0,0,0,0
190061,1,1,0,0,0,0,0,0,0,0,0,8
190061,2,1,0,0,0,0,0,0,0,0,0,0
190062,1,1,0,0,0,0,0,0,0,0,0,0
190063,1,1,0,0,0,0,0,0,0,0,0,0
190063,2,1,0,0,0,0,0,0,0,0,0,0
190064,1,1,0,0,0,0,0,0,0,0,0,0
190065,1,1,0,9,0,0,0,0,0,0,0,0
190065,2,1,14,14,14,14,14,14,14,14,14,14
190066,1,1,7,7,7,7,7,7,7,7,7,7
190066,2,1,0,0,0,0,0,0,0,0,0,0
190067,0,1,25,25,25,25,25,25,25,25,25,25
190067,1,1,0,0,0,0,0,0,0,0,0,0
190068,1,1,0,0,0,0,0,0,0,0,0,0
190069,1,1,0,0,0,0,0,0,0,0,0,0
190069,2,1,0,0,0,0,0,0,0,11,9,5
190070,1,1,0,0,0,0,0,0,0,0,0,0
190070,2,1,0,0,0,0,0,0,0,0,0,0
190071,1,1,0,24,0,0,0,0,0,0,0,0
190071,2,1,0,0,0,0,0,0,0,0,0,0
190072,1,1,0,0,0,0,0,0,0,0,0,0
190073,0,1,0,0,0,0,0,0,0,0,0,0
190073,1,1,0,0,0,0,0,0,0,0,0,0
190074,1,1,0,0,0,0,0,0,0,0,0,0
190074,2,1,0,0,0,0,0,0,0,0,0,0
190075,1,1,0,0,0,0,0,0,0,0,0,0
190075,2,1,0,0,0,0,0,0,0,0,0,0
190076,1,1,0,0,0,0,0,0,0,0,0,0
190076,2,1,0,0,0,0,0,0,0,0,0,0
190077,1,1,28,28,28,28,28,28,28,28,28,28
190078,1,1,0,0,0,0,0,0,0,0,0,0
190078,2,1,0,0,0,0,0,0,0,0,0,0
190081,1,1,0,0,0,3,0,0,0,0,0,0
190082,1,1,0,0,0,0,0,0,0,0,0,0
190082,2,1,0,0,0,0,0,0,0,0,0,0
190083,1,1,0,0,0,0,0,21,0,0,0,0
190084,1,1,20,20,20,20,20,20,20,20,20,20
190085,1,1,0,0,0,0,0,0,0,0,0,0
190086,1,1,20,20,20,20,20,20,20,20,20,20
190086,2,1,0,0,0,0,0,0,0,0,0,0
190087,1,1,0,0,0,14,15,10,0,6,0,0
190088,1,1,0,0,0,0,0,0,0,0,0,0
190089,0,1,0,0,0,0,0,0,0,0,0,0
190089,1,1,0,0,0,0,0,0,0,0,0,0
190090,1,1,0,13,29,19,11,0,0,0,0,18
190091,1,1,0,0,0,0,0,0,0,0,0,0
190091,2,1,11,11,11,11,11,11,11,11,11,11
190092,1,1,0,0,0,0,0,0,0,0,0,0
190092,2,1,0,0,0,0,0,0,0,0,0,23
190093,1,1,0,0,0,0,0,0,0,0,0,0
190094,1,1,0,0,0,0,0,0,0,0,0,0
190095,1,1,0,0,0,0,0,0,13,0,0,0
190096,1,1,8,8,8,8,8,8,8,8,8,8
190097,1,1,15,15,15,15,15,15,15,15,15,15
190098,1,1,0,0,0,0,0,0,0,0,0,0
190099,1,1,0,0,0,0,0,0,0,0,0,0
190099,2,1,0,0,0,0,0,0,0,0,0,0
190100,1,1,0,0,0,0,0,0,0,0,0,0
190100,2,1,0,0,0,0,0,0,0,0,0,0
190100,3,1,0,0,0,0,0,0,0,0,0,0
190101,1,1,0,0,0,0,0,0,0,0,0,0
190101,2,1,0,0,0,0,0,0,0,0,0,0
190104,1,1,0,30,0,0,4,0,0,0,0,0
190105,1,1,0,0,0,0,0,0,0,0,0,0
190105,2,1,14,14,14,14,14,14,14,14,14,14
190106,1,1,0,0,0,0,0,0,0,0,0,0
190106,2,1,0,0,0,0,0,0,0,0,0,0
190107,1,1,0,0,0,0,0,0,0,0,0,0
190108,1,1,0,0,0,0,0,0,0,0,0,0
190108,2,1,0,0,0,0,0,0,0,0,0,0
190109,0,1,0,0,0,0,0,0,0,0,0,0
190109,1,1,0,0,0,0,0,0,0,0,0,0
190110,1,1,0,0,0,0,0,0,0,0,0,0
190110,2,1,0,0,0,0,0,0,0,0,0,0
190111,1,1,0,0,0,0,0,0,0,0,0,0
190112,1,1,0,0,0,0,0,0,0,0,0,0
190113,1,1,0,0,0,0,0,0,0,0,0,0
190113,2,1,0,0,0,0,0,0,0,0,0,0
190114,1,1,0,0,0,0,0,0,0,0,0,0
190114,2,1,0,0,0,0,0,0,0,0,0,0
190115,1,1,18,18,18,18,18,18,18,18,18,18
190115,2,1,0,0,0,0,0,0,0,0,0,0
190116,1,1,0,0,0,0,0,0,0,0,0,0
190117,1,1,0,0,0,0,0,0,0,0,0,0
190117,2,1,0,0,0,0,0,0,0,0,0,0
190117,3,1,0,0,0,0,0,0,0,0,0,0
190117,4,1,0,0,0,0,13,0,0,0,0,0
190118,0,1,0,0,0,0,0,0,0,0,0,0
190118,1,1,0,0,0,0,0,0,0,0,0,0
190119,2,1,0,0,0,0,0,0,0,0,0,0
190120,1,1,0,0,0,0,0,0,0,0,0,0
190120,2,1,0,0,0,0,0,0,0,0,0,0
190121,1,1,12,12,12,12,12,12,12,12,12,12
190122,1,1,0,0,13,14,0,0,0,13,0,0
190123,1,1,0,0,0,0,0,0,0,0,0,0
190124,1,1,0,0,0,0,0,0,0,0,0,0
190124,2,1,0,0,0,0,0,0,0,0,0,0
190125,1,1,0,0,0,0,0,0,0,0,0,0
190127,1,1,0,0,0,10,0,0,0,0,0,0
190127,2,1,0,0,30,0,0,0,0,0,0,0
190127,3,1,0,0,0,0,9,0,0,0,0,0
190128,1,1,0,0,0,0,0,0,0,0,0,0
190128,2,1,0,0,0,0,0,0,0,0,0,0
190129,1,1,0,0,0,0,0,0,16,0,0,0
190129,2,1,0,0,0,0,0,0,0,0,0,0
190130,1,1,0,0,18,0,0,0,7,0,0,4
190131,1,1,0,0,0,0,0,0,0,0,0,0
190132,1,1,38,38,38,38,38,38,38,38,38,38
190133,1,1,17,17,17,17,17,17,17,17,17,17
190134,1,1,0,0,0,0,0,0,0,0,0,0
190135,1,1,12,12,12,12,12,12,12,12,12,12
190136,1,1,13,13,13,13,13,13,13,13,13,13
190136,2,1,0,0,9,0,36,0,0,0,0,0
190138,1,1,0,0,0,0,0,0,0,0,0,0
190138,2,1,0,0,0,0,0,0,0,0,0,0
190139,1,1,2,2,2,2,2,2,2,2,2,2
190140,1,1,20,0,0,33,0,0,0,0,0,6
190141,1,1,11,0,0,0,5,0,0,0,0,0
190142,1,1,0,0,0,0,0,0,0,0,0,0
190143,1,1,0,0,0,0,0,0,0,0,0,0
190144,1,1,11,11,11,11,11,11,11,11,11,11
190144,2,1,0,0,0,0,0,0,0,0,0,0
190145,1,1,0,0,0,0,0,0,0,0,0,0
190146,1,1,0,0,0,0,0,0,0,0,15,0
190146,2,1,0,0,0,0,0,0,0,7,0,0
190147,1,1,0,0,0,0,0,0,0,0,25,0
190147,2,1,20,0,0,17,0,0,19,0,0,0
190148,1,1,0,0,0,0,0,0,0,0,0,0
190149,1,1,6,6,6,6,6,6,6,6,6,6
190149,2,1,0,28,30,0,0,0,0,0,0,0
190150,0,1,0,0,0,0,0,0,0,0,0,0
190150,1,1,0,0,0,0,0,0,0,0,0,0
190151,1,1,21,21,21,21,21,21,21,21,21,21
190151,2,1,0,0,0,0,0,0,0,0,0,0
190152,1,1,0,0,0,0,0,0,33,0,16,0
190153,1,1,0,0,0,0,0,0,0,0,0,0
190154,1,1,0,0,0,0,0,0,0,0,0,0
190154,2,1,0,0,0,0,0,0,0,0,0,0
190155,1,1,0,0,0,0,0,0,12,0,0,0
190155,2,1,0,10,0,8,0,0,0,0,0,0
190155,3,1,0,0,34,0,0,0,0,0,0,0
190156,1,1,0,0,0,0,0,0,0,0,0,0
190156,2,1,0,0,0,0,0,0,0,0,0,0
190157,1,1,0,0,0,0,0,0,0,0,0,0
190158,0,1,0,0,0,0,17,26,0,0,34,9
190158,1,1,0,0,0,0,0,0,0,0,0,0
190159,1,1,0,16,22,0,11,0,0,0,0,25
190159,2,1,0,0,0,0,0,0,0,0,0,0
190160,1,1,0,0,0,0,0,0,0,0,0,0
190161,1,1,13,0,22,23,0,0,0,0,0,11
190161,2,1,0,0,0,17,0,0,0,0,0,0
190162,1,1,0,0,0,0,0,0,0,0,0,0
190163,1,1,0,0,0,0,0,0,0,0,0,0
190163,2,1,0,11,0,0,0,0,0,0,0,10
190164,1,1,0,36,26,11,0,0,0,0,0,0
190165,1,1,10,10,10,10,10,10,10,10,10,10
190165,2,1,0,0,0,0,0,0,0,0,0,0
190166,1,1,18,18,18,18,18,18,18,18,18,18
190166,2,1,0,0,0,0,0,0,0,0,0,0
190167,1,1,0,0,0,0,0,0,0,0,0,0
190167,2,1,0,0,0,0,0,0,0,0,0,0
190168,1,1,17,17,17,17,17,17,17,17,17,17
190169,1,1,0,0,0,0,0,0,0,0,19,0
190169,2,1,0,0,0,0,0,0,0,0,0,0
190170,1,1,18,18,18,18,18,18,18,18,18,18
190171,1,1,19,19,19,19,19,19,19,19,19,19
190172,1,1,0,0,0,0,0,0,0,0,0,0
190173,0,1,0,0,0,0,0,0,0,0,0,0
190173,1,1,0,0,0,0,0,0,0,0,0,0
190174,1,1,9,9,9,9,9,9,9,9,9,9
190175,1,1,0,0,0,0,19,0,0,0,0,0
190175,2,1,0,0,0,0,0,0,0,0,0,0
190176,1,1,0,0,0,0,0,0,0,0,0,0
190177,1,1,19,19,19,19,19,19,19,19,19,19
190178,1,1,10,10,10,10,10,10,10,10,10,10
190178,2,1,0,18,0,0,10,0,0,0,0,30
190178,3,1,0,0,0,0,0,0,0,0,0,0
190178,4,1,0,0,0,0,0,0,0,0,0,0
190179,1,1,0,0,0,0,0,0,0,0,0,0
190180,0,1,0,0,0,0,0,0,0,0,0,0
190180,1,1,0,0,0,0,0,0,0,0,0,0
190181,1,1,0,0,0,27,0,22,19,0,0,0
190182,1,1,11,11,11,11,11,11,11,11,11,11
190183,1,1,0,0,0,0,0,0,0,0,0,0
190184,1,1,0,0,0,0,0,0,0,0,0,0
190184,2,1,0,0,0,0,0,0,0,0,0,0
190185,1,1,0,0,0,0,0,0,0,0,0,0
190186,0,1,0,0,0,0,0,0,0,0,0,0
190186,1,1,0,0,0,0,0,0,0,0,0,0
190187,1,1,0,0,0,0,0,0,0,0,0,0
190187,2,1,12,12,12,12,12,12,12,12,12,12
190188,1,1,0,16,16,41,13,0,0,17,0,0
190189,1,1,0,0,5,0,0,0,0,0,13,0
190190,1,1,31,31,31,31,31,31,31,31,31,31
190191,1,1,28,28,28,28,28,28,28,28,28,28
190192,1,1,0,0,20,13,0,8,0,0,0,0
190192,2,1,0,0,0,0,0,0,0,7,0,0
190193,1,1,15,15,15,15,15,15,15,15,15,15
190194,1,1,0,0,0,0,0,0,0,0,0,0
190194,2,1,0,0,0,0,0,0,0,0,0,0
190195,1,1,0,0,0,0,0,0,0,0,0,0
190196,1,1,0,0,0,0,0,0,0,0,0,0
190196,2,1,0,0,0,0,0,0,0,0,0,0
190197,1,1,23,23,23,23,23,23,23,23,23,23
190199,1,1,0,0,0,0,0,0,0,0,0,0
190199,2,1,0,0,4,0,5,0,0,0,0,0
190200,1,1,0,0,0,0,0,0,0,0,0,0
190201,1,1,0,0,0,0,0,0,0,0,0,0
190201,2,1,0,0,0,0,0,0,0,0,0,0
190201,3,1,0,0,0,0,0,0,0,0,0,0
190202,1,1,27,27,27,27,27,27,27,27,27,27
190203,1,1,0,0,0,0,0,0,0,0,0,0
190203,2,1,0,0,0,0,0,0,0,0,0,0
190204,1,1,19,19,19,19,19,19,19,19,19,19
190205,1,1,0,0,0,0,0,0,0,0,0,0
190205,2,1,0,0,0,0,0,0,0,0,0,0
190206,1,1,18,18,18,18,18,18,18,18,18,18
190207,1,1,10,10,10,10,10,10,10,10,10,10
190207,2,1,0,0,0,0,0,0,0,0,0,0
190208,1,1,0,0,0,0,0,0,0,0,0,0
190208,2,1,0,0,0,0,0,0,0,0,0,0
190209,1,1,2,2,2,2,2,2,2,2,2,2
190210,1,1,0,0,0,0,0,0,0,0,0,0
190210,2,1,0,0,0,0,0,0,0,0,0,0
190211,1,1,0,0,0,0,0,0,0,0,0,0
190211,2,1,0,0,0,0,0,0,0,0,0,10
190212,0,1,0,0,0,0,0,0,0,0,16,0
190212,1,1,0,0,0,0,0,0,0,0,0,0
190213,1,1,12,12,12,12,12,12,12,12,12,12
190214,1,1,0,0,0,0,0,0,0,0,4,0
190215,1,1,0,0,0,0,0,0,0,0,0,0
190216,0,1,0,0,0,0,0,3,0,0,0,0
190216,1,1,0,0,0,0,0,0,0,0,0,0
190217,1,1,0,0,0,0,0,0,0,0,0,0
190217,2,1,0,0,0,0,0,0,0,0,0,0
190218,1,1,1,1,1,1,1,1,1,1,1,1
190218,2,1,0,0,0,0,0,0,0,0,0,0
190219,1,1,0,0,0,0,0,0,0,0,0,0
190219,2,1,0,0,0,0,0,0,0,0,0,0
190220,1,1,0,0,0,0,0,0,0,0,0,0
190220,2,1,12,12,12,12,12,12,12,12,12,12
190221,0,1,0,0,0,0,0,0,0,0,0,0
190221,1,1,0,0,0,0,0,0,0,0,0,0
190222,1,1,0,0,0,0,0,0,0,0,0,0
190223,1,1,34,34,34,34,34,34,34,34,34,34
190223,2,1,0,0,0,0,0,0,0,0,9,0
190224,1,1,0,0,0,0,0,0,0,0,0,0
190225,1,1,0,0,0,0,0,0,0,0,8,0
190225,2,1,0,0,0,0,0,0,0,0,0,0
190225,3,1,0,0,0,0,0,0,0,0,0,0
190226,1,1,0,0,0,0,0,0,0,0,0,0
190227,1,1,0,0,0,0,0,0,0,0,0,0
190227,2,1,0,0,0,0,0,0,10,0,0,0
190227,3,1,0,0,0,0,0,0,0,0,0,0
190228,1,1,20,20,20,20,20,20,20,20,20,20
190229,0,1,0,0,0,0,0,0,0,0,0,0
190229,1,1,0,0,0,0,0,0,0,0,0,0
190230,1,1,0,0,0,0,0,27,0,0,0,14
190230,2,1,0,0,0,0,0,0,0,0,0,0
190231,1,1,0,0,0,0,0,0,0,0,0,0
190232,1,1,18,18,18,18,18,18,18,18,18,18
190232,2,1,8,8,8,8,8,8,8,8,8,8
190233,1,3,0,18,26,0,6,0,0,0,0,12
190234,0,1,12,0,0,0,0,0,8,0,0,0
190234,1,1,0,0,0,0,0,0,0,0,0,0
190235,1,1,0,0,0,0,0,0,0,0,0,0
190236,0,1,0,0,7,30,0,0,0,0,21,0
190236,1,1,0,0,0,0,0,0,0,0,0,0
190237,1,1,0,0,0,0,0,0,22,0,18,0
190238,1,1,0,11,0,0,0,0,0,0,0,0
190238,2,1,0,0,0,0,0,0,0,0,0,0
190239,0,1,0,0,0,0,24,0,0,0,0,0
190239,1,1,0,0,0,0,0,0,0,0,0,0
190240,1,1,0,0,0,0,0,0,0,0,0,0
190240,2,1,0,0,0,0,0,0,0,0,0,0
190240,3,1,0,0,0,0,0,0,0,0,0,0
190241,1,1,0,17,0,0,19,0,0,0,0,0
190242,1,1,16,16,16,16,16,16,16,16,16,16
190243,1,1,0,0,0,0,0,0,0,0,0,0
190244,1,1,0,0,0,26,0,22,0,0,0,0
190245,1,1,9,9,9,9,9,9,9,9,9,9
190246,0,1,0,0,30,0,0,0,0,0,0,0
190246,1,1,0,0,0,0,0,0,0,0,0,0
190247,0,1,19,13,0,0,0,0,0,0,0,50
190247,1,1,11,11,11,11,11,11,11,11,11,11
190247,2,1,16,0,0,17,0,0,0,0,0,0
190248,1,1,8,8,8,8,8,8,8,8,8,8
190249,1,1,0,0,0,0,0,0,0,0,0,0
190250,1,1,0,0,0,0,0,0,0,0,0,0
190250,2,1,0,0,0,0,0,0,0,0,0,0
190251,1,1,0,0,0,0,0,0,0,10,18,10
190252,1,1,0,0,0,0,0,0,0,0,0,0
190252,2,1,0,0,0,0,0,0,0,0,0,0
190253,1,1,0,0,0,0,0,0,0,0,0,0
190253,2,1,0,0,0,0,0,0,0,0,0,0
190254,1,1,4,11,26,0,0,0,0,0,0,16
190255,1,1,23,23,23,23,23,23,23,23,23,23
190256,1,1,17,17,17,17,17,17,17,17,17,17
190257,1,1,0,0,0,0,0,16,0,0,0,0
190257,2,1,0,0,0,0,0,0,0,0,0,0
190258,1,1,0,0,0,0,0,0,0,0,0,0
190258,2,1,0,0,0,25,0,0,0,0,0,0
190260,1,1,0,0,0,0,0,0,0,0,0,0
190260,2,1,0,0,0,0,0,0,0,0,0,0
190261,1,1,27,27,27,27,27,27,27,27,27,27
190263,1,1,21,21,21,21,21,21,21,21,21,21
190263,2,1,11,11,11,11,11,11,11,11,11,11
190264,1,1,0,0,0,0,0,12,0,0,0,0
190264,2,1,0,0,0,0,0,0,0,0,0,0
190265,1,1,0,0,0,0,0,0,0,0,0,0
190265,2,1,0,0,0,0,0,0,0,0,0,0
190266,1,1,13,13,13,13,13,13,13,13,13,13
190267,1,1,0,0,0,0,0,0,0,0,0,0
190267,2,1,0,0,0,0,0,0,0,0,0,0
190268,1,1,0,0,0,0,0,0,0,0,0,0
190268,2,1,0,0,0,0,0,0,0,0,0,0
190269,0,1,0,0,0,0,0,0,0,0,0,0
190269,1,1,0,0,18,0,0,0,0,0,0,0
190270,1,1,0,0,19,0,0,27,0,0,0,0
190271,1,1,10,10,10,10,10,10,10,10,10,10
190271,2,1,0,0,0,0,0,0,0,0,0,0
190272,1,1,0,0,0,0,0,0,0,0,0,0
190272,2,1,0,0,0,0,0,0,0,0,0,0
190273,1,1,0,0,0,0,0,0,0,0,0,0
190274,1,1,0,0,0,0,0,0,0,17,21,0
190275,1,1,0,0,0,0,0,0,0,0,0,0
190276,1,1,0,0,0,0,0,0,0,0,0,0
190276,2,1,0,0,0,0,0,0,0,0,0,0
190276,3,1,0,0,0,0,0,0,0,0,0,0
190277,1,1,19,19,19,19,19,19,19,19,19,19
190278,1,1,9,9,9,9,9,9,9,9,9,9
190279,1,1,16,16,16,16,16,16,16,16,16,16
190280,1,1,10,10,10,10,10,10,10,10,10,10
190281,1,1,0,0,0,0,0,0,0,0,0,0
190281,2,1,0,0,0,0,0,0,0,0,0,0
190282,1,1,1,1,1,1,1,1,1,1,1,1
190283,1,1,0,0,0,0,0,0,0,0,0,0
190284,1,1,0,0,0,0,0,0,0,0,0,0
190284,2,1,0,0,0,0,0,0,0,0,0,0
190285,1,1,0,0,0,0,0,0,0,0,0,0
190285,2,1,0,0,0,0,0,0,0,0,0,0
190286,1,1,1,1,1,1,1,1,1,1,1,1
190286,2,1,0,0,0,0,0,0,0,0,0,0
190287,1,1,6,6,6,6,6,6,6,6,6,6
190287,2,1,0,0,0,0,0,0,0,0,0,0
190288,1,1,0,0,0,0,0,0,0,0,8,0
190288,2,1,0,0,0,0,0,0,0,0,0,0
190289,1,1,0,0,7,0,0,26,0,0,0,0
190290,1,1,37,0,0,0,0,0,0,0,0,0
190290,2,1,0,0,0,0,0,0,0,0,0,38
190291,1,1,1,1,1,1,1,1,1,1,1,1
190291,2,1,0,0,0,0,0,0,0,4,0,0
190292,1,1,0,0,0,0,0,0,25,0,0,0
190293,1,1,0,0,6,0,0,0,0,0,0,0
190294,1,1,0,0,0,0,0,0,0,0,0,0
190294,2,1,0,0,0,0,0,0,0,0,0,0
190295,1,1,0,0,0,0,0,0,0,0,0,0
190296,0,1,0,27,0,0,0,0,0,0,3,0
190296,1,1,0,0,0,0,0,0,0,0,0,0
190297,1,1,0,0,0,0,0,0,0,0,0,0
190298,1,1,0,0,0,0,0,0,0,0,0,0
190298,2,1,0,0,0,0,0,0,0,0,0,0
190298,3,1,0,0,0,0,0,0,0,0,0,0
190299,1,1,27,27,27,27,27,27,27,27,27,27
190300,1,1,13,13,13,13,13,13,13,13,13,13
190301,1,1,0,0,0,0,0,0,0,0,0,0
190301,2,1,10,0,0,0,0,0,0,0,0,0
190302,1,1,0,0,0,0,0,0,0,0,0,0
190302,2,1,0,0,0,0,0,0,0,0,0,0
190302,3,1,0,0,0,0,0,0,0,0,0,0
190303,0,1,0,0,0,0,0,0,0,0,0,10
190303,1,1,0,0,0,0,0,0,36,0,0,0
190304,1,1,25,25,25,25,25,25,25,25,25,25
190305,1,1,0,0,0,0,0,0,0,0,0,0
190305,2,1,0,0,0,0,0,0,0,0,0,0
190306,0,1,12,12,12,12,12,12,12,12,12,12
190306,1,1,0,0,0,0,0,0,0,0,0,15
190307,0,1,0,0,0,0,0,0,0,0,0,0
190307,1,1,0,0,0,14,0,0,0,0,0,0
190308,1,1,0,0,0,0,0,0,0,10,0,0
190309,1,1,0,0,0,14,0,0,0,0,25,0
190310,1,1,0,0,0,0,0,0,0,0,0,0
190311,1,1,18,0,0,0,0,0,0,10,0,18
200001,1,1,0,0,0,0,0,0,0,0,0,0
200001,2,1,0,0,0,0,0,0,0,0,0,0
200002,1,1,11,30,26,43,10,13,18,16,62,23
200003,1,1,0,0,0,0,0,0,0,0,0,0
200003,2,1,0,0,0,0,0,0,0,0,0,0
200004,1,1,0,0,0,0,0,0,0,0,0,0
200005,1,1,34,29,25,17,29,15,12,14,25,9
200006,1,1,0,0,0,0,0,0,0,0,0,0
200006,2,1,0,0,0,0,0,0,0,0,0,0
200007,1,1,0,0,0,0,0,0,0,0,0,0
200008,0,1,0,0,0,0,0,0,0,0,0,0
200008,1,1,0,0,0,0,0,0,0,0,0,0
200009,1,1,0,0,0,0,0,0,0,0,0,0
200010,1,1,0,0,0,13,0,0,0,0,0,0
200010,2,1,0,0,0,0,0,0,0,0,0,0
200011,1,1,12,12,12,12,12,12,12,12,12,12
200012,1,1,0,0,0,0,0,0,0,0,0,18
200013,1,1,0,0,0,0,0,0,0,0,0,0
200013,2,1,0,0,13,0,0,0,0,0,0,0
200013,3,1,0,0,0,0,0,0,0,0,0,0
200014,1,1,0,0,0,0,0,0,0,0,0,0
200015,1,1,0,0,0,0,0,11,0,0,0,0
200016,1,1,0,0,0,0,0,0,0,0,0,0
200017,1,1,17,17,17,17,17,17,17,17,17,17
200017,2,1,0,0,0,0,0,0,0,0,0,0
200018,1,1,0,0,0,0,0,0,0,0,0,6
200018,2,1,19,0,0,0,9,6,0,0,12,0
200018,3,1,0,0,0,0,0,0,0,0,0,0
200019,1,1,0,0,0,0,0,0,0,0,0,0
200019,2,1,0,0,0,0,0,0,0,0,0,0
200020,1,1,0,18,0,0,0,0,0,0,0,0
200021,1,1,0,0,0,0,0,0,0,0,0,0
200021,2,1,0,0,0,0,0,0,0,0,0,0
200022,1,1,17,17,17,17,17,17,17,17,17,17
200022,2,1,0,0,0,0,0,0,0,0,0,0
200023,1,1,0,0,0,0,0,0,0,0,0,0
200023,2,1,44,0,0,0,0,0,0,0,0,0
200024,1,1,0,0,3,0,0,0,0,0,31,0
200025,1,1,7,0,0,0,0,0,0,0,0,0
200026,1,1,0,0,0,0,0,0,0,0,0,0
200026,2,1,0,0,0,0,0,0,0,0,0,0
200027,1,1,0,0,0,0,0,17,0,0,0,0
200027,2,1,0,0,0,0,0,0,0,0,0,0
200028,1,1,0,0,0,0,0,0,0,0,0,0
200028,2,1,0,0,0,0,0,0,8,0,0,0
200029,1,1,0,0,0,0,0,0,0,0,0,0
200029,2,1,0,0,0,0,0,0,0,0,0,10
200030,1,1,0,0,0,0,0,0,0,0,0,0
200030,2,1,0,0,0,0,0,0,0,0,0,0
200030,3,1,15,0,0,0,0,0,0,0,0,0
200031,1,1,0,0,0,0,0,0,0,0,0,0
200032,0,1,0,0,0,0,0,0,13,0,0,0
200032,1,1,0,0,0,0,0,0,0,0,0,0
200033,1,1,0,11,0,0,0,0,0,0,0,13
200034,1,1,24,24,24,24,24,24,24,24,24,24
200035,1,1,0,0,0,0,0,0,0,0,0,0
200035,2,1,0,0,0,0,0,0,0,0,0,0
200035,3,1,0,0,0,0,0,0,0,0,0,0
200036,1,1,0,0,0,3,0,0,0,0,0,0
200037,1,1,0,0,0,0,0,0,0,0,4,0
200038,1,1,0,0,0,0,0,0,0,11,0,0
200038,2,1,0,0,0,0,0,0,0,0,0,0
200039,1,1,0,0,0,0,0,0,0,7,14,0
200040,1,1,26,26,26,26,26,26,26,26,26,26
200041,1,1,0,0,0,0,0,10,0,0,0,0
200041,2,1,0,0,0,0,0,0,0,0,0,0
200042,1,1,0,0,0,0,0,0,0,0,0,0
200042,2,1,0,0,0,0,0,0,0,0,0,0
200042,3,1,0,0,0,0,0,0,0,0,0,0
200043,1,1,0,0,0,25,0,0,0,0,0,0
200044,1,1,0,7,0,0,22,0,12,17,0,0
200045,1,1,0,0,0,0,0,0,0,0,0,0
200045,2,1,0,0,0,5,8,0,0,0,0,11
200045,3,1,0,0,0,0,0,0,0,0,0,0
200046,1,1,0,0,0,0,0,0,0,0,0,0
200047,1,1,0,0,0,0,0,0,0,0,0,0
200048,1,1,0,0,0,0,0,0,0,0,0,0
200049,1,1,0,0,8,0,0,0,0,0,0,0
200050,1,1,0,15,0,0,0,0,0,0,0,0
200051,1,1,25,25,25,25,25,25,25,25,25,25
200052,1,1,0,0,0,0,0,0,0,0,0,0
200052,2,1,0,0,0,0,0,0,0,0,0,0
200053,1,1,0,0,0,0,0,0,0,0,0,0
200053,2,1,0,0,0,0,0,0,0,0,0,0
200054,0,1,0,0,0,0,0,18,21,0,0,0
200054,1,1,4,4,4,4,4,4,4,4,4,4
200055,1,1,0,0,0,0,0,0,0,0,0,0
200056,1,1,23,0,0,0,0,0,0,0,0,0
200057,1,1,11,11,11,11,11,11,11,11,11,11
200058,1,1,11,11,11,11,11,11,11,11,11,11
200059,1,1,0,25,0,0,0,0,0,0,0,0
200060,1,1,0,0,0,0,0,0,0,0,0,0
200060,2,1,0,0,0,0,0,19,0,16,0,0
200061,1,1,26,26,26,26,26,26,26,26,26,26
200062,1,1,27,27,27,27,27,27,27,27,27,27
200063,1,1,0,0,0,0,0,0,0,0,0,0
200063,2,1,0,0,0,0,0,0,0,0,0,0
200064,1,1,0,0,0,0,0,0,0,0,0,0
200064,2,1,0,0,0,0,0,0,0,0,0,0
200065,0,1,0,0,0,0,0,12,0,0,0,0
200065,1,1,0,0,0,0,0,0,0,0,0,0
200066,1,1,0,0,0,0,0,0,0,0,0,0
200067,1,1,0,0,0,7,0,0,0,0,0,0
200068,1,1,0,0,0,0,0,27,0,25,0,0
200069,1,1,0,24,0,0,12,0,0,0,0,0
200070,1,1,20,20,20,20,20,20,20,20,20,20
200070,2,1,0,0,0,0,6,0,0,0,0,0
200071,1,1,0,0,0,0,0,0,0,0,0,0
200071,2,1,0,0,0,0,0,0,0,0,0,0
200072,1,1,0,0,0,0,0,0,0,0,0,0
200072,2,1,0,12,0,0,0,0,0,0,0,0
200073,1,1,0,0,0,0,0,0,0,0,0,0