ST_CASE,VEH_NO,PER_NO,P1,P2,P3,P4,P5,P6,P7,P8,P9,P10
200074,1,1,0,0,0,0,0,0,0,0,0,0
200074,2,1,0,0,0,0,0,0,0,0,0,0
200075,1,1,0,0,0,0,0,0,0,0,0,0
200076,1,1,32,32,32,32,32,32,32,32,32,32
200076,2,1,0,0,0,0,0,0,0,0,0,0
200077,0,1,0,0,0,0,0,0,0,0,0,0
200077,0,2,0,0,0,0,0,0,0,0,0,0
200077,1,1,0,0,0,0,0,0,0,0,0,0
200078,1,1,0,0,0,0,0,0,0,0,0,0
200078,2,1,0,0,0,0,0,0,0,0,0,0
200079,1,1,8,8,8,8,8,8,8,8,8,8
200080,1,1,0,0,12,0,0,0,0,0,0,0
200081,1,1,0,0,0,0,0,0,0,0,0,0
200082,1,1,0,0,0,0,0,0,0,0,0,0
200083,1,1,22,22,22,22,22,22,22,22,22,22
200083,2,1,0,0,0,0,0,0,0,0,0,0
200084,1,1,0,0,0,0,0,0,0,0,0,0
200085,1,1,0,0,0,0,0,0,0,0,0,0
200085,2,1,0,0,0,0,0,0,0,0,0,0
200086,1,1,0,0,0,18,0,15,0,0,0,0
200086,2,1,0,0,0,0,0,0,0,0,0,0
200087,1,1,0,0,0,0,0,0,0,0,0,0
200087,2,1,0,0,0,0,0,0,0,0,0,0
200088,1,1,0,0,0,0,0,0,0,0,0,0
200088,2,1,0,0,0,0,0,0,0,0,0,0
200089,1,1,32,32,32,32,32,32,32,32,32,32
200089,2,1,17,17,17,17,17,17,17,17,17,17
200090,1,1,0,0,0,0,0,0,0,0,0,0
200090,2,1,0,0,0,0,0,0,0,0,0,0
200091,1,1,0,0,0,40,0,0,24,0,0,16
200092,1,1,0,0,0,0,0,0,0,0,0,0
200092,2,1,0,0,0,0,0,0,0,0,0,0
200092,3,1,9,0,0,0,0,8,0,0,0,0
200093,0,1,14,40,0,12,0,0,0,0,0,23
200093,1,1,17,0,0,0,12,0,22,0,0,0
200094,1,1,0,0,0,0,0,0,0,0,0,0
200094,2,1,0,0,0,0,0,0,0,0,0,0
200095,1,1,0,0,0,0,0,0,0,0,0,0
200095,2,1,0,0,0,0,0,0,0,0,0,0
200096,1,1,0,8,0,0,0,0,0,0,0,0
200096,2,1,0,0,0,0,0,0,0,0,0,0
200097,1,1,0,0,0,0,0,0,0,0,0,0
200097,2,1,0,0,0,0,0,0,0,0,0,0
200098,1,1,0,0,0,0,0,0,0,0,18,0
200100,1,1,0,0,0,0,0,0,0,0,0,0
200100,2,1,0,0,0,0,0,0,0,0,0,0
200101,1,1,0,0,0,0,0,0,0,0,0,0
200101,2,1,0,0,0,0,0,0,0,0,0,0
200101,3,1,0,0,0,0,0,0,0,0,0,0
200102,1,1,10,10,10,10,10,10,10,10,10,10
200102,2,1,29,10,31,28,30,13,6,8,36,29
200103,1,1,0,0,0,0,0,0,0,0,33,0
200104,0,1,0,0,0,0,0,0,0,0,0,0
200104,1,1,0,0,0,0,0,0,5,0,0,0
200105,1,1,0,0,0,0,0,0,0,0,0,0
200105,2,1,0,0,0,0,0,0,0,0,0,0
200105,3,1,0,0,0,0,0,0,0,0,0,0
200105,4,1,0,0,0,0,0,0,0,0,0,0
200106,1,1,0,0,0,0,0,0,0,0,0,0
200107,1,1,0,0,0,0,0,0,0,0,0,0
200108,1,1,0,0,0,0,0,0,0,0,0,0
200109,1,1,0,0,0,0,0,0,0,0,0,0
200109,2,1,15,15,15,15,15,15,15,15,15,15
200110,1,1,0,0,0,0,0,0,0,0,0,0
200110,2,1,0,0,0,0,0,0,0,0,0,0
200111,1,1,0,0,0,0,0,0,0,0,0,0
200112,1,1,0,0,0,0,0,0,0,0,0,0
200112,2,1,0,0,0,0,0,0,0,0,0,0
200113,1,1,15,15,15,15,15,15,15,15,15,15
200113,2,1,0,0,0,0,0,0,0,0,0,0
200114,1,1,0,0,0,0,0,0,0,0,0,0
200115,1,1,0,0,0,0,0,0,0,0,0,0
200116,1,1,0,0,0,0,0,0,0,0,0,0
200117,1,1,7,7,7,7,7,7,7,7,7,7
200118,0,1,0,19,0,12,13,11,6,0,0,10
200118,1,1,0,0,0,0,0,0,0,0,0,0
200119,1,1,0,0,0,0,0,0,0,0,0,0
200119,2,1,0,0,0,0,0,0,0,0,0,0
200120,1,1,0,0,0,0,0,11,7,16,12,0
200121,1,1,15,15,15,15,15,15,15,15,15,15
200121,2,1,0,0,0,0,0,0,0,0,0,0
200122,1,1,0,0,0,0,0,0,0,0,0,0
200122,2,1,0,0,0,0,0,0,0,0,0,0
200123,1,1,24,24,24,24,24,24,24,24,24,24
200124,1,1,0,0,0,0,0,0,0,0,0,0
200125,1,1,0,0,0,0,0,0,0,0,0,0
200125,2,1,0,17,0,0,24,26,8,0,0,0
200126,1,1,0,0,0,13,0,21,0,0,0,0
200127,1,1,0,0,0,0,0,0,0,0,0,0
200127,2,1,0,0,0,0,0,0,0,0,0,0
200128,1,1,0,0,0,0,0,0,0,0,0,0
200128,2,1,0,0,0,0,0,0,0,0,0,0
200129,1,1,26,0,0,0,7,0,0,0,0,21
200130,1,1,13,13,13,13,13,13,13,13,13,13
200130,2,1,0,0,0,0,0,0,0,0,0,0
200131,1,1,0,0,0,0,0,0,12,0,2,0
200131,2,1,0,0,0,0,0,0,0,0,0,0
200132,1,1,0,0,0,0,0,0,0,0,0,0
200132,2,1,0,0,0,0,0,0,0,0,12,0
200133,0,1,0,12,0,0,0,0,0,0,0,0
200133,1,1,0,34,21,0,23,10,34,0,0,6
200134,1,1,32,14,14,3,32,16,10,21,14,13
200135,1,1,0,0,0,0,0,0,0,0,0,0
200136,1,1,0,0,0,0,0,0,0,0,0,0
200137,0,1,0,0,0,0,0,0,0,0,0,0
200137,1,1,0,0,0,0,0,0,0,0,0,0
200138,1,1,0,0,0,0,0,0,0,0,0,0
200138,2,1,0,0,0,0,0,0,0,0,0,0
200139,0,1,30,0,0,0,3,0,0,0,14,26
200139,1,1,0,0,0,0,0,0,0,0,0,0
200140,1,1,0,0,0,0,0,0,0,0,0,0
200140,2,1,0,0,0,0,0,5,0,28,0,0
200141,1,1,16,16,16,16,16,16,16,16,16,16
200141,2,1,0,0,0,0,0,0,0,0,0,0
200142,1,1,0,0,0,0,0,0,0,0,0,0
200142,2,1,0,0,0,0,0,0,0,0,0,0
200143,1,1,0,0,0,0,0,0,0,0,0,0
200144,1,1,0,0,0,0,0,0,0,0,0,25
200144,2,1,0,0,10,0,0,0,0,14,11,0
200145,1,1,12,12,12,12,12,12,12,12,12,12
200146,1,1,0,0,0,0,0,0,0,0,0,0
200146,2,1,0,0,0,0,0,25,0,0,0,0
200147,1,1,0,0,0,0,0,0,0,0,0,0
200148,1,1,8,8,8,8,8,8,8,8,8,8
200148,2,1,0,0,0,0,0,0,0,0,0,0
200149,1,1,0,0,0,0,0,0,0,0,0,0
200149,2,1,0,0,0,0,0,0,0,0,0,0
200150,1,1,13,0,3,24,9,0,0,18,19,0
200151,1,1,0,12,10,4,0,0,9,0,0,0
200152,1,1,0,0,0,0,5,0,0,0,0,0
200153,1,1,12,0,0,0,0,0,0,0,0,0
200154,1,1,0,0,0,0,0,0,0,0,0,0
200154,2,1,0,0,0,0,0,0,0,0,0,0
200155,1,1,0,0,0,0,0,0,0,0,0,0
200155,2,1,0,0,0,0,0,0,0,0,0,0
200156,1,1,0,0,0,0,0,0,0,0,0,0
200156,2,1,0,0,0,0,0,0,25,30,0,0
200156,3,1,0,0,0,0,26,0,0,0,0,0
200157,1,1,0,0,0,0,0,0,0,0,0,0
200157,2,1,0,0,0,0,0,0,0,0,0,0
200158,1,1,0,0,0,4,0,0,0,0,0,0
200159,1,1,0,0,0,0,0,0,0,0,0,0
200160,1,1,0,0,0,0,0,14,0,0,0,0
200161,1,1,0,0,0,0,9,0,0,0,0,0
200162,1,1,16,16,16,16,16,16,16,16,16,16
200162,2,1,0,0,0,0,0,0,0,0,0,0
200163,1,1,0,0,0,0,0,0,0,0,0,0
200163,2,1,0,0,0,0,0,0,0,0,0,0
200163,3,1,0,0,0,0,0,0,0,0,0,0
200164,1,1,0,0,0,0,0,0,0,0,0,0
200164,2,1,0,14,0,0,0,0,0,0,0,0
200165,1,1,0,0,0,0,0,0,0,0,0,0
200165,2,1,0,0,0,0,0,0,0,0,0,0
200166,1,1,28,28,28,28,28,28,28,28,28,28
200167,1,1,0,0,0,0,0,0,0,0,0,0
200168,1,1,0,0,0,0,0,0,0,0,0,0
200168,2,1,0,0,0,0,0,0,0,0,0,0
200168,3,1,0,0,0,0,0,0,26,0,0,32
200169,1,1,0,0,0,0,0,0,0,0,0,0
200169,2,1,0,0,0,0,0,0,0,0,0,0
200170,1,1,0,0,0,5,0,0,0,0,9,0
200171,1,1,0,0,11,0,0,0,0,0,0,9
200171,2,1,21,0,0,0,0,0,9,0,2,0
200172,0,1,19,17,8,26,19,18,25,23,0,17
200172,1,1,0,0,0,0,14,0,0,0,0,0
200173,1,1,0,0,11,7,0,0,0,0,0,0
200174,1,1,0,0,0,0,0,0,0,0,0,0
200175,1,1,0,0,0,0,0,0,0,0,0,0
200175,2,1,0,0,0,0,0,0,0,0,0,0
200176,0,1,9,0,0,0,30,0,23,0,0,0
200176,1,1,0,0,0,0,0,0,0,10,0,22
200177,1,1,21,0,0,0,18,2,0,0,0,0
200178,1,1,27,27,27,27,27,27,27,27,27,27
200179,1,1,21,21,21,21,21,21,21,21,21,21
200179,2,1,0,0,0,0,0,0,0,0,0,0
200180,1,1,0,0,0,0,0,0,0,0,0,0
200180,2,1,0,0,0,0,5,0,0,0,0,0
200181,1,1,25,16,8,10,12,14,9,21,11,9
200182,1,1,11,0,0,0,0,0,0,0,0,0
200182,2,1,0,0,0,0,0,0,0,0,0,0
200183,1,1,0,0,0,0,0,0,0,0,0,0
200184,1,1,0,0,0,0,0,0,0,0,0,0
200185,1,1,0,0,0,0,0,0,0,0,0,0
200186,1,1,27,12,7,23,14,13,0,36,18,18
200188,1,1,0,0,0,0,0,0,0,0,0,0
200189,1,1,0,0,0,0,0,0,2,0,20,0
200190,1,1,12,22,0,0,17,0,0,0,0,11
200191,1,1,0,0,0,0,0,0,0,0,0,0
200192,1,1,8,8,8,8,8,8,8,8,8,8
200194,0,1,0,28,0,0,0,0,0,0,0,16
200194,1,1,0,0,0,0,0,0,0,0,0,0
200195,1,1,0,0,0,0,0,0,0,0,0,0
200195,2,1,0,0,0,0,0,0,0,0,0,0
200196,1,1,0,0,0,0,0,0,0,0,0,0
200197,1,1,0,0,0,0,0,0,0,0,0,0
200197,2,1,0,0,0,0,0,21,0,0,0,0
200198,1,1,0,0,0,0,0,0,0,0,0,0
200198,2,1,0,0,0,0,0,0,0,0,0,0
200200,1,1,0,0,0,0,0,0,0,0,0,0
200200,2,1,16,0,0,0,0,0,0,0,0,0
200201,0,1,0,0,0,0,0,0,0,10,0,0
200202,1,1,0,0,0,0,0,0,0,0,0,0
200202,2,1,0,0,0,0,0,0,0,0,0,14
200203,1,1,0,0,0,0,0,0,0,0,0,0
200204,1,1,0,0,0,0,24,0,0,18,0,0
200204,2,1,0,0,0,0,0,0,0,0,0,0
200204,3,1,0,0,17,0,0,0,0,0,0,0
200204,4,1,0,0,0,0,0,0,0,0,0,0
200205,1,1,0,0,0,0,0,17,0,0,0,0
200206,1,1,0,0,0,0,0,0,0,0,0,0
200206,2,1,0,0,0,0,0,0,0,0,0,0
200207,0,1,0,0,0,0,0,0,0,0,0,0
200207,1,1,0,0,0,0,0,0,0,0,0,0
200208,1,1,0,0,0,0,0,0,0,0,0,0
200208,2,1,0,0,0,0,0,0,0,0,0,0
200209,1,1,0,0,0,0,0,0,0,0,0,0
200209,2,1,24,0,0,0,0,0,0,0,0,0
200210,1,1,0,0,0,0,0,0,0,0,0,0
200210,2,1,0,0,0,31,0,0,0,0,0,0
200211,1,1,0,0,0,0,0,0,32,0,0,0
200212,1,1,0,0,0,0,0,0,0,0,0,0
200213,1,1,0,20,0,0,0,0,0,10,0,0
200214,1,1,8,5,26,19,8,24,21,21,26,15
200214,2,1,10,0,0,23,0,0,0,0,0,0
200215,1,1,0,0,0,0,0,0,0,0,0,0
200216,0,1,0,0,0,0,0,0,14,0,0,0
200216,1,1,0,0,0,0,0,0,0,0,0,0
200217,1,1,0,0,0,0,0,0,0,0,0,0
200217,2,1,7,0,0,0,0,0,0,0,0,0
200218,1,1,23,23,23,23,23,23,23,23,23,23
200218,2,1,11,0,9,0,0,0,0,0,0,13
200219,1,1,0,0,0,0,0,0,0,0,0,0
200220,1,1,0,17,0,0,0,0,0,0,18,0
200221,1,1,19,19,19,19,19,19,19,19,19,19
200221,2,1,15,15,15,15,15,15,15,15,15,15
200222,1,1,0,0,0,0,0,0,0,0,0,0
200222,2,1,0,0,0,0,0,0,0,0,0,0
200223,1,1,0,0,0,0,0,0,0,0,0,0
200223,2,1,0,0,0,0,0,0,0,0,0,0
200224,1,1,0,0,0,0,0,0,0,0,0,0
200224,2,1,0,0,0,0,0,0,0,0,0,0
200225,1,1,0,0,0,0,0,0,0,0,0,0
200226,1,1,0,28,0,0,0,21,0,0,19,3
200227,1,1,0,0,0,0,0,0,12,23,0,7
200228,1,1,0,0,0,0,0,0,0,10,0,0
200229,1,1,0,0,0,0,0,0,0,0,0,0
200229,2,1,0,0,0,0,0,0,0,0,0,0
200230,1,1,0,0,0,0,0,0,0,0,0,0
200230,2,1,0,0,0,0,0,0,0,0,0,0
200230,3,1,0,0,0,0,0,0,0,0,0,0
200230,4,1,0,0,0,25,0,0,0,0,0,0
200230,5,1,0,0,0,0,0,0,0,0,0,0
200230,6,1,0,0,0,13,0,18,0,0,0,0
200231,1,1,10,10,10,10,10,10,10,10,10,10
200231,2,1,0,0,0,0,0,0,0,0,0,0
200232,1,1,24,24,24,24,24,24,24,24,24,24
200233,1,1,0,0,0,0,0,0,0,0,0,0
200233,2,1,0,0,0,0,0,0,0,0,0,0
200233,3,1,0,0,0,0,0,0,0,0,0,0
200233,4,1,0,0,0,6,0,0,0,0,0,0
200233,5,1,0,0,0,0,0,0,0,0,0,0
200234,1,1,0,0,0,0,0,0,0,0,0,0
200235,1,1,0,0,0,0,0,16,0,0,0,0
200235,2,1,0,0,0,0,0,0,0,0,0,0
200236,1,1,0,0,0,0,0,0,0,0,0,0
200237,1,1,0,0,0,0,0,6,0,0,0,0
200238,0,1,0,0,0,0,0,0,0,0,0,0
200238,0,2,0,0,0,0,0,0,0,0,0,0
200238,1,1,0,0,0,0,0,0,0,0,0,0
200239,1,1,0,0,0,0,0,0,0,0,0,0
200240,1,1,0,0,0,0,0,0,0,0,0,0
200241,1,1,0,0,0,0,0,0,0,0,0,0
200241,2,1,0,0,0,0,4,19,0,0,0,0
200242,1,1,37,42,21,0,17,0,13,11,0,0
200243,1,1,0,0,0,0,0,0,0,0,0,0
200244,1,1,0,0,0,0,0,0,0,0,13,0
200245,1,1,7,7,7,7,7,7,7,7,7,7
200246,1,1,0,0,0,0,0,0,0,0,0,0
200247,1,1,0,25,10,14,0,0,11,0,23,13
200249,1,1,0,0,0,0,0,0,0,0,0,0
200249,2,1,0,0,0,0,0,0,0,0,0,0
200250,1,1,0,0,0,0,0,0,0,0,0,0
200251,1,1,0,0,0,0,0,0,0,0,0,9
200251,2,1,0,0,0,0,0,0,0,0,0,0
200252,1,1,0,0,0,0,0,0,0,0,0,0
200253,1,1,0,0,0,0,0,0,0,0,0,0
200253,2,1,0,0,0,0,0,0,0,0,0,0
200254,0,1,0,0,0,0,0,30,0,0,33,0
200254,1,1,0,0,0,0,0,0,0,0,0,0
200255,1,1,0,0,0,0,0,0,0,0,0,0
200255,2,1,0,0,0,0,0,0,0,0,0,0
200256,1,1,0,0,0,0,0,0,0,0,0,0
200256,2,1,0,0,0,0,0,0,0,0,0,0
200256,3,1,0,0,0,0,0,0,0,0,0,0
200257,1,1,22,22,22,22,22,22,22,22,22,22
200257,2,1,0,0,0,0,0,0,0,0,0,0
200258,1,1,22,22,22,22,22,22,22,22,22,22
200259,1,1,0,0,0,0,0,0,0,0,0,0
200259,2,1,0,0,0,0,0,0,0,0,0,0
200260,1,1,0,0,0,0,0,0,30,0,0,0
200260,2,1,0,0,0,0,10,0,0,0,0,0
200261,1,1,18,18,18,18,18,18,18,18,18,18
200262,1,1,0,0,0,0,10,0,26,0,0,22
200263,1,1,0,0,0,0,0,0,0,0,0,0
200263,2,1,0,0,0,0,0,0,0,0,0,0
200264,1,1,0,0,0,0,0,0,0,0,0,0
200264,2,1,0,0,0,0,0,0,0,0,0,0
200265,1,1,0,0,0,0,0,0,0,0,0,0
200266,1,1,0,0,32,0,10,0,34,0,0,0
200267,1,1,29,0,0,0,29,11,0,10,0,0
200268,0,1,22,22,22,22,22,22,22,22,22,22
200268,1,1,0,0,0,0,0,0,0,0,0,0
200269,1,1,0,0,0,0,0,0,0,0,0,0
200269,2,1,8,8,8,8,8,8,8,8,8,8
200269,3,1,0,0,0,0,0,0,0,0,0,0
200269,4,1,0,0,0,0,0,0,0,0,0,0
200270,1,1,0,0,0,0,0,0,0,0,0,7
200271,1,1,0,0,0,0,0,0,0,0,0,0
200271,2,1,0,0,0,0,0,0,0,0,0,0
200272,1,1,0,0,0,0,0,0,0,0,0,0
200272,2,1,0,0,0,0,0,0,0,0,0,0
200273,1,1,0,0,0,0,0,0,0,0,0,0
200273,2,1,0,0,0,0,0,0,0,0,0,0
200274,0,1,0,0,0,0,0,0,0,0,0,0
200274,1,1,0,0,0,0,0,0,0,0,0,0
200275,1,1,0,0,0,0,0,0,0,0,0,0
200275,2,1,0,0,0,0,0,0,0,0,0,0
200275,3,1,0,0,0,0,0,0,0,0,0,0
200275,4,1,0,0,0,0,0,0,0,0,0,0
200276,1,1,5,0,11,0,31,0,0,0,0,26
200276,2,1,0,0,0,0,0,0,0,0,0,0
200277,1,1,12,12,12,12,12,12,12,12,12,12
200278,1,1,0,0,0,20,0,0,0,0,0,0
200278,2,1,0,0,0,0,0,0,0,0,0,0
200278,3,1,0,0,0,0,0,0,0,0,0,0
200279,1,1,0,0,0,0,0,0,0,0,0,0
200279,2,1,0,0,0,0,6,0,0,8,0,0
200280,1,1,0,0,0,0,0,16,0,0,0,18
200280,2,1,0,0,0,0,0,0,0,0,0,0
200281,1,1,0,0,0,0,0,0,0,0,0,0
200281,2,1,0,0,0,0,0,0,0,0,0,0
200282,1,1,0,0,0,0,0,0,0,0,0,0
200282,2,1,0,0,0,0,0,0,0,0,0,0
200283,1,1,0,0,0,0,0,0,0,0,0,0
200284,1,1,0,21,0,0,11,0,0,14,0,0
200284,2,1,0,0,0,0,0,0,18,0,0,0
200285,1,1,0,0,0,0,0,0,0,0,0,0
200285,2,1,0,0,0,0,0,0,0,15,27,0
200285,3,1,0,0,0,0,0,0,0,0,0,0
200285,4,1,0,0,0,0,0,0,0,0,0,0
200286,0,1,0,0,0,0,0,0,0,0,0,0
200286,1,1,0,0,0,0,0,0,0,0,0,0
200286,2,1,0,0,0,0,0,0,0,0,0,0
200287,0,1,34,0,0,14,0,0,0,0,0,10
200287,1,1,0,0,0,0,0,0,0,0,0,0
200288,1,1,0,0,0,0,0,0,0,0,0,0
200288,2,1,0,0,0,0,0,0,0,0,0,0
200289,1,1,25,25,25,25,25,25,25,25,25,25
200290,1,1,22,22,22,22,22,22,22,22,22,22
200291,1,1,0,0,0,0,0,0,0,0,0,0
200291,2,1,0,0,0,0,0,0,0,0,0,0
200292,1,1,24,24,24,24,24,24,24,24,24,24
200293,1,1,14,0,0,0,0,0,0,0,0,19
200294,1,1,0,0,0,0,0,0,8,0,0,0
200295,1,1,0,0,0,0,24,0,0,0,0,0
200296,0,1,0,0,0,18,29,0,0,0,0,0
200296,1,1,21,27,25,20,0,0,13,26,27,0
200297,1,1,23,23,23,23,23,23,23,23,23,23
200298,1,1,0,0,0,0,0,0,0,0,0,0
200299,1,1,0,0,6,0,0,0,30,0,0,0
200300,1,1,0,0,0,0,0,0,0,0,0,0
200300,2,1,0,0,0,0,0,0,0,0,0,0
200301,1,1,0,0,0,0,0,0,0,0,0,0
200302,1,1,20,20,20,20,20,20,20,20,20,20
200303,1,1,0,0,0,0,0,0,0,0,0,0
200303,2,1,0,0,0,0,0,0,0,0,0,0
200304,1,1,0,0,0,0,0,0,0,0,0,0
200304,2,1,0,0,30,0,0,0,0,0,0,0
200305,1,1,0,0,0,0,0,0,0,0,0,0
200306,1,1,33,33,33,33,33,33,33,33,33,33
200307,1,1,27,27,27,27,27,27,27,27,27,27
200308,1,1,0,0,0,0,0,0,0,0,0,0
200308,2,1,0,0,0,0,0,0,0,0,0,0
200309,1,1,11,11,11,11,11,11,11,11,11,11
200309,2,1,0,0,0,0,0,0,0,0,0,0
200310,1,1,0,0,0,0,0,0,0,0,0,0
200310,2,1,0,0,0,0,0,0,0,0,0,0
200310,3,1,14,15,0,0,0,0,0,0,0,0
200311,0,1,0,0,0,0,0,0,0,0,0,0
200311,1,1,0,0,0,0,0,0,0,0,0,0
200313,1,1,0,0,0,0,0,0,0,0,0,0
200314,1,1,0,0,0,0,0,0,0,0,0,0
200315,1,1,0,0,11,0,11,0,0,6,12,0
200316,1,1,23,0,0,40,0,18,0,21,0,0
200317,1,1,0,0,0,0,0,0,0,0,0,0
200317,2,1,0,25,0,0,0,0,0,0,0,0
200318,1,1,0,0,0,11,0,0,0,0,0,0
200318,2,1,0,0,0,0,0,0,0,0,0,0
200319,0,1,0,21,0,0,0,25,24,0,0,27
200319,1,1,0,0,0,0,0,0,0,0,0,0
200320,1,1,0,0,0,0,0,0,0,0,0,0
200321,1,1,0,0,0,0,0,0,0,0,0,0
200322,1,1,0,0,0,0,0,0,0,0,0,0
200322,2,1,14,0,0,0,0,0,0,0,0,0
200323,1,1,0,0,0,0,0,0,0,0,0,0
200323,2,1,0,0,0,0,0,0,0,0,0,0
200324,1,1,0,0,0,0,0,0,0,0,0,0
200324,2,1,0,0,0,0,0,0,0,0,0,0
200325,1,1,4,4,4,4,4,4,4,4,4,4
200325,2,1,0,0,0,0,4,13,0,11,0,10
200325,3,1,0,0,16,0,0,0,0,0,0,18
200326,1,1,0,0,0,0,0,0,0,0,23,0
200326,2,1,0,0,0,13,11,0,0,0,0,0
200326,3,1,0,0,0,0,0,0,0,0,0,0
200327,1,1,0,0,0,0,0,0,0,0,0,0
200327,2,1,0,0,0,0,0,0,0,0,0,0
200328,1,1,0,0,34,13,13,0,0,0,0,0
200329,1,1,13,13,13,13,13,13,13,13,13,13
200331,1,1,0,0,0,0,0,0,0,0,0,0
200331,2,1,0,0,0,0,0,0,0,0,0,0
200332,1,1,0,0,0,0,0,0,0,0,0,0
200332,2,1,0,0,0,0,0,0,0,0,0,0
200333,1,1,11,11,11,11,11,11,11,11,11,11
200334,0,1,0,0,0,0,0,0,0,0,0,0
200334,1,1,0,0,0,0,0,0,0,0,0,0
200335,1,1,0,0,0,0,0,0,0,0,0,0
200336,1,1,0,0,0,0,0,0,0,0,0,0
200336,2,1,0,0,0,0,0,0,0,0,0,0
200337,0,1,0,0,0,0,0,0,0,0,0,0
200337,1,1,0,0,0,0,0,0,0,0,0,0
200338,0,1,0,0,0,0,0,0,0,0,0,0
200338,1,1,0,0,0,0,0,0,0,0,0,0
200339,1,1,0,0,0,0,0,0,0,0,16,0
200339,2,1,0,0,0,0,0,0,0,0,0,0
200339,3,1,5,0,0,0,0,0,0,0,0,0
200340,1,1,0,0,0,0,0,0,0,0,0,0
200341,1,1,0,0,0,0,0,0,0,0,0,0
200342,0,1,0,0,0,0,0,0,0,0,0,0
200342,1,1,0,0,0,0,0,0,0,0,0,0
200343,1,1,0,0,0,0,0,0,0,0,0,0
200344,1,1,0,0,0,0,0,0,16,19,7,19
200345,1,1,0,0,0,0,0,0,12,0,0,0
200345,2,1,0,0,0,0,0,28,0,18,0,0
200346,1,1,10,10,10,10,10,10,10,10,10,10
200346,2,1,0,0,0,0,0,0,0,0,0,0
200347,1,1,0,0,0,0,0,0,0,0,0,0
200347,2,1,0,0,0,0,0,0,0,0,0,0
200349,1,1,0,0,0,0,0,0,0,0,0,0
200349,2,1,0,0,0,0,0,0,0,0,0,0
200350,0,1,0,0,0,0,0,13,0,0,28,33
200350,1,1,0,31,0,0,0,0,0,0,0,0
200351,1,1,0,0,0,0,0,0,0,0,0,0
200351,2,1,0,0,0,0,0,0,0,0,0,0
200352,1,1,29,28,5,27,17,15,19,22,24,21
200353,1,1,0,0,11,0,0,0,0,0,0,0
200353,2,1,0,0,0,0,0,0,0,0,0,0
200354,1,1,0,0,0,0,0,0,0,0,0,0
200355,0,1,22,22,22,22,22,22,22,22,22,22
200355,1,1,0,0,0,0,0,0,0,0,0,13
200356,1,1,0,0,0,0,0,0,0,0,12,0
200357,1,1,0,0,0,0,0,0,0,0,0,0
200357,2,1,0,0,0,0,0,0,0,0,0,0
200358,1,1,0,0,0,0,0,0,0,0,0,0
200359,1,1,24,17,21,19,31,11,13,20,29,9
200360,1,1,0,0,0,0,0,0,0,0,0,0
200361,1,1,0,0,0,0,0,0,0,0,0,0
200362,1,1,31,0,34,0,0,0,21,0,0,0
200362,2,1,0,0,0,0,0,0,0,0,0,0
200363,0,1,25,11,20,7,24,14,16,19,13,0
200363,1,1,0,0,22,0,0,0,0,0,11,0
200364,1,1,21,0,0,0,0,0,8,12,25,0
200365,1,1,0,0,0,14,0,0,0,0,0,0
200366,1,1,0,29,0,0,0,0,0,0,0,0
200366,2,1,0,0,0,0,0,0,0,0,0,0
200367,0,1,0,0,0,0,0,0,0,0,0,0
200367,1,1,0,0,0,0,0,0,0,0,0,0
200368,1,1,9,9,9,9,9,9,9,9,9,9
200369,1,1,24,24,24,24,24,24,24,24,24,24
200370,0,1,0,0,0,0,0,0,0,0,0,0
200370,1,1,0,0,0,0,0,0,0,0,0,0
200371,1,1,19,10,0,0,18,13,0,0,14,19
200373,1,1,0,0,0,0,0,0,0,0,16,0
200373,2,1,0,0,0,0,0,0,0,0,0,0
200374,1,1,27,27,27,27,27,27,27,27,27,27
200375,1,1,0,0,0,0,0,0,0,0,0,0
200375,2,1,0,0,0,0,0,0,0,0,0,0
200376,1,1,0,0,0,0,0,0,0,0,0,0
200377,1,1,14,14,14,14,14,14,14,14,14,14
200378,1,1,16,16,16,16,16,16,16,16,16,16
200379,1,1,0,0,0,0,0,0,0,0,0,0
200380,1,1,0,0,0,0,0,0,0,0,0,0
200381,1,1,5,7,21,0,0,29,12,23,10,0
200383,1,1,0,0,0,0,0,0,0,0,0,0
200383,2,1,0,0,0,0,0,0,0,0,0,0
200384,0,1,0,0,0,0,0,0,0,0,0,0
200384,1,1,0,0,0,0,0,0,0,0,0,0
200385,1,1,0,0,0,0,0,0,0,0,0,0
200385,2,1,11,0,0,0,0,0,0,0,0,0
200386,1,1,20,20,20,20,20,20,20,20,20,20
200386,2,1,0,0,0,0,0,0,0,0,0,0
200387,1,1,0,0,0,0,0,0,0,0,0,0
200387,2,1,0,0,15,0,0,0,0,0,0,0
200388,1,1,4,21,0,12,0,0,0,0,0,0
200389,1,1,14,0,0,0,0,0,0,0,0,0
200389,2,1,13,13,13,13,13,13,13,13,13,13
200390,1,1,12,12,12,12,12,12,12,12,12,12
200391,1,1,0,0,0,0,0,0,0,0,0,0
200392,1,1,0,0,0,0,0,0,0,0,0,0
200392,2,1,0,0,0,0,0,0,0,0,0,0
200393,1,1,0,0,0,0,0,0,0,0,0,0
200393,2,1,0,0,0,0,0,0,0,0,0,0
200394,1,1,0,0,0,0,0,0,0,0,0,0
200394,2,1,0,0,0,0,0,0,0,0,0,0
200395,1,1,22,22,22,22,22,22,22,22,22,22
200396,1,1,17,17,17,17,17,17,17,17,17,17
200397,1,1,13,13,13,13,13,13,13,13,13,13
200398,1,1,25,25,25,25,25,25,25,25,25,25