ST_CASE,VEH_NO,PER_NO,P1,P2,P3,P4,P5,P6,P7,P8,P9,P10
240217,2,1,0,0,0,0,0,0,0,0,0,0
240218,1,1,14,14,14,14,14,14,14,14,14,14
240218,2,1,0,0,0,0,0,0,0,0,0,0
240219,1,1,32,32,32,32,32,32,32,32,32,32
240219,2,1,0,0,0,0,0,0,0,0,0,0
240220,1,1,0,0,0,0,0,0,0,0,0,0
240220,2,1,25,0,0,0,0,11,0,0,0,0
240221,1,1,0,0,0,0,0,0,0,0,0,0
240221,2,1,0,0,0,0,0,0,0,0,0,0
240222,1,1,0,0,0,0,0,0,0,0,0,0
240222,2,1,0,0,0,0,0,0,0,0,0,0
240223,1,1,0,0,0,0,0,0,0,0,0,0
240224,1,1,0,0,0,0,0,0,0,0,0,0
240225,1,1,0,0,0,0,0,0,0,0,0,0
240226,1,1,0,0,0,0,0,0,0,0,0,0
240226,2,1,0,0,0,0,0,0,0,0,0,0
240227,0,1,0,0,0,0,0,0,0,0,0,0
240227,1,1,0,25,0,0,0,7,0,0,23,0
240228,1,1,12,12,12,12,12,12,12,12,12,12
240228,2,1,0,0,0,0,0,0,0,0,0,0
240229,1,1,0,0,0,0,0,0,0,0,0,0
240229,2,1,0,0,0,0,0,0,0,0,0,0
240230,1,1,0,49,0,0,0,0,0,0,0,0
240230,2,1,0,0,0,0,0,0,0,0,0,0
240231,1,1,27,0,25,0,0,0,0,0,0,14
240231,2,1,0,0,0,0,0,0,0,0,0,0
240232,1,1,0,0,0,0,0,0,0,0,0,0
240232,2,1,0,0,0,0,0,0,0,0,0,0
240233,1,1,16,16,16,16,16,16,16,16,16,16
240234,1,1,0,0,0,0,0,0,0,0,0,0
240234,2,1,0,0,0,0,0,0,0,0,0,0
240235,1,1,0,0,0,0,0,0,0,0,0,0
240236,1,1,0,0,0,0,0,0,0,0,0,0
240237,0,1,8,22,6,18,0,28,0,20,0,0
240237,1,1,12,0,0,0,0,0,0,0,0,0
240238,1,1,0,0,0,0,0,0,0,0,0,0
240238,2,1,0,0,0,0,0,0,0,0,0,16
240239,1,1,6,21,10,32,0,0,5,9,0,16
240240,1,1,0,0,0,0,0,0,21,0,0,0
240241,1,1,0,0,0,0,0,14,0,13,15,0
240241,2,1,0,0,0,17,0,0,0,0,0,0
240241,3,1,0,0,0,0,0,0,0,0,0,0
240242,1,1,9,9,9,9,9,9,9,9,9,9
240243,0,1,15,14,0,21,0,10,0,32,0,12
240243,1,1,0,0,0,0,0,0,0,0,0,0
240244,1,1,34,34,34,34,34,34,34,34,34,34
240244,2,1,0,0,0,0,0,0,0,0,0,0
240244,3,1,0,0,0,0,0,0,0,0,0,0
240245,1,1,0,0,0,0,0,0,0,0,0,0
240246,1,1,0,0,0,0,0,0,0,0,0,0
240246,2,1,0,0,0,0,0,0,0,0,0,0
240247,1,1,9,9,9,9,9,9,9,9,9,9
240248,1,1,17,17,17,17,17,17,17,17,17,17
240248,2,1,12,12,12,12,12,12,12,12,12,12
240249,0,1,0,0,0,0,0,0,0,0,0,0
240249,1,1,0,0,0,0,0,0,0,0,0,0
240250,1,1,32,32,32,32,32,32,32,32,32,32
240251,0,1,26,26,26,26,26,26,26,26,26,26
240251,1,1,0,0,0,0,0,0,0,0,0,0
240252,1,1,0,0,0,0,0,0,0,0,0,0
240253,1,1,0,0,0,0,0,0,0,0,0,0
240253,2,1,0,0,0,0,0,14,0,0,0,0
240253,3,1,0,0,0,0,0,0,0,0,0,0
240254,1,1,17,17,17,17,17,17,17,17,17,17
240254,2,1,0,0,0,0,6,0,0,0,0,0
240255,1,1,23,23,23,23,23,23,23,23,23,23
240255,2,1,0,0,0,0,0,0,0,0,0,0
240255,3,1,0,14,0,0,0,0,0,0,0,0
240256,1,1,0,0,0,0,0,0,0,0,0,0
240257,1,1,16,16,16,16,16,16,16,16,16,16
240257,2,1,0,0,0,0,0,0,0,0,0,0
240258,1,1,13,24,11,33,10,25,19,0,20,43
240259,1,1,0,0,0,0,0,0,0,0,0,0
240259,2,1,0,0,0,0,0,0,0,0,0,0
240260,1,1,0,0,0,0,0,0,0,0,0,0
240261,1,1,12,12,12,12,12,12,12,12,12,12
240261,2,1,0,0,0,0,0,19,0,14,0,0
240262,1,1,18,18,18,18,18,18,18,18,18,18
240262,2,1,0,0,0,0,0,0,0,0,0,0
240263,1,1,26,26,26,26,26,26,26,26,26,26
240264,1,1,22,22,22,22,22,22,22,22,22,22
240265,0,1,0,0,0,0,0,0,0,0,0,0
240265,1,1,0,0,0,0,0,0,10,0,15,0
240265,2,1,0,0,0,0,0,0,0,0,18,0
240265,3,1,11,0,0,0,0,0,0,0,0,0
240266,1,1,20,16,24,9,0,24,0,0,0,0
240267,1,1,0,0,0,0,14,0,0,0,0,0
240268,1,1,23,23,23,23,23,23,23,23,23,23
240268,2,1,0,0,0,0,0,0,0,0,0,0
240269,1,1,0,0,0,0,0,0,0,0,0,0
240270,1,1,17,17,17,17,17,17,17,17,17,17
240270,2,1,14,14,14,14,14,14,14,14,14,14
240270,3,1,0,0,0,0,0,0,0,0,0,0
240270,4,1,0,17,0,0,0,0,0,0,0,0
240271,1,1,0,0,0,0,0,0,0,0,0,0
240271,2,1,0,14,20,13,0,0,21,16,16,19
240272,1,1,0,0,0,0,0,0,0,0,0,0
240272,2,1,0,11,0,0,0,0,0,0,0,0
240273,0,1,0,0,0,0,0,0,0,0,0,0
240273,1,1,0,0,0,0,0,0,33,0,9,0
240274,1,1,0,0,0,0,0,0,0,0,0,0
240274,2,1,0,0,0,0,0,0,0,0,0,0
240275,1,1,0,0,0,0,0,0,0,0,0,0
240275,2,1,0,0,0,0,0,5,0,0,0,0
240276,0,1,0,0,0,0,0,0,0,0,0,0
240276,0,2,0,0,0,0,0,0,0,0,0,0
240276,1,1,15,15,15,15,15,15,15,15,15,15
240277,0,1,0,0,0,0,0,0,0,0,0,0
240277,1,1,0,0,0,0,0,0,0,0,0,0
240278,1,1,29,29,29,29,29,29,29,29,29,29
240279,1,1,20,20,20,20,20,20,20,20,20,20
240279,2,1,0,0,0,0,0,0,0,0,0,0
240279,3,1,0,0,0,0,0,0,0,0,0,0
240280,1,1,18,18,18,18,18,18,18,18,18,18
240280,2,1,0,12,0,0,0,0,0,0,13,0
240281,1,1,0,0,0,0,0,0,0,0,14,16
240282,0,1,0,18,20,0,0,19,0,37,0,19
240282,1,1,0,0,0,0,0,0,0,0,0,0
240283,1,1,0,24,18,18,15,3,13,0,13,0
240284,1,1,0,0,0,0,0,0,0,0,0,0
240284,2,1,8,8,8,8,8,8,8,8,8,8
240285,1,1,0,0,0,0,0,0,0,0,0,0
240286,0,1,0,0,0,0,0,0,0,0,0,0
240286,1,1,0,0,0,0,0,14,0,0,0,0
240287,0,1,0,0,0,0,0,0,0,0,0,0
240287,1,1,0,0,0,0,16,0,0,0,0,0
240288,1,1,0,0,0,0,0,0,0,0,0,0
240289,1,1,13,13,13,13,13,13,13,13,13,13
240290,1,1,0,0,0,0,0,0,0,0,0,0
240291,0,1,0,0,0,0,0,0,0,0,0,0
240291,1,1,0,0,0,0,7,0,14,0,0,0
240292,1,1,2,2,2,2,2,2,2,2,2,2
240293,0,1,0,0,0,0,0,0,0,0,0,0
240293,1,1,11,0,0,0,0,0,0,0,0,0
240294,1,1,14,14,14,14,14,14,14,14,14,14
240294,2,1,0,0,0,0,0,0,0,0,0,0
240295,0,1,23,23,23,23,23,23,23,23,23,23
240295,1,1,12,12,12,12,12,12,12,12,12,12
240296,1,1,26,26,26,26,26,26,26,26,26,26
240297,1,1,0,0,0,0,0,0,0,0,0,0
240297,2,1,10,0,0,0,0,0,0,0,0,0
240298,1,1,0,0,0,0,0,0,0,0,0,0
240299,1,1,0,0,0,0,0,0,0,0,0,0
240300,1,1,0,0,0,0,0,0,0,15,0,20
240300,2,1,0,0,0,8,0,0,0,0,0,0
240301,1,1,10,10,10,10,10,10,10,10,10,10
240301,2,1,0,0,0,0,0,0,0,0,0,0
240302,1,1,0,0,0,0,0,0,0,0,0,0
240302,2,1,10,10,10,10,10,10,10,10,10,10
240303,1,1,0,0,23,0,0,0,0,0,0,0
240303,2,1,0,0,0,0,0,0,0,0,0,0
240304,1,1,22,22,22,22,22,22,22,22,22,22
240304,2,1,0,0,0,9,10,0,0,0,0,0
240305,1,1,0,0,0,0,0,0,0,0,0,0
240305,2,1,29,29,29,29,29,29,29,29,29,29
240306,1,1,30,30,30,30,30,30,30,30,30,30
240307,1,1,12,12,12,12,12,12,12,12,12,12
240308,0,1,17,17,17,17,17,17,17,17,17,17
240308,1,1,0,0,0,17,0,0,0,0,0,0
240309,0,1,11,11,11,11,11,11,11,11,11,11
240309,1,1,0,0,0,0,0,0,0,0,0,0
240310,1,1,18,18,18,18,18,18,18,18,18,18
240311,1,1,18,18,18,18,18,18,18,18,18,18
240312,0,1,0,0,0,0,0,0,0,0,0,0
240312,1,1,0,0,35,12,0,0,0,5,0,9
240313,1,1,26,26,26,26,26,26,26,26,26,26
240314,0,1,19,19,19,19,19,19,19,19,19,19
240314,1,1,0,0,0,0,0,0,0,0,0,0
240315,1,1,19,19,19,19,19,19,19,19,19,19
240316,1,1,0,0,0,0,0,0,0,0,0,0
240317,0,1,0,0,0,0,0,0,0,0,0,0
240317,1,1,14,0,25,0,14,13,0,0,0,0
240318,1,1,10,10,10,10,10,10,10,10,10,10
240318,2,1,13,13,13,13,13,13,13,13,13,13
240318,3,1,0,0,0,0,0,0,0,0,0,0
240319,0,1,0,0,0,0,0,0,0,0,0,0
240319,1,1,0,0,0,0,0,0,20,0,0,0
240320,1,1,0,0,0,0,0,0,0,0,0,0
240321,1,1,0,0,0,0,0,0,0,0,0,0
240321,2,1,0,0,0,0,0,12,0,0,0,0
240322,0,1,41,41,41,41,41,41,41,41,41,41
240322,1,1,0,0,0,0,0,0,0,0,0,0
240323,0,1,0,0,0,0,0,0,0,0,0,0
240323,1,1,0,0,0,19,0,0,0,0,13,26
240324,1,1,8,23,13,38,0,27,19,19,27,21
240324,2,1,0,0,0,0,0,0,13,0,0,0
240325,0,1,0,0,0,0,0,0,0,0,0,0
240325,1,1,0,0,0,0,0,0,0,0,0,0
240326,1,1,20,20,20,20,20,20,20,20,20,20
240327,1,1,22,22,22,22,22,22,22,22,22,22
240328,1,1,10,10,10,10,10,10,10,10,10,10
240329,1,1,18,18,18,18,18,18,18,18,18,18
240330,1,1,0,0,0,0,0,0,14,0,0,0
240330,2,1,2,2,2,2,2,2,2,2,2,2
240331,1,1,0,0,0,0,0,0,0,0,0,0
240332,1,1,11,11,11,11,11,11,11,11,11,11
240333,1,1,0,0,0,0,0,0,0,0,0,0
240334,1,1,13,13,13,13,13,13,13,13,13,13
240335,1,1,0,0,0,0,0,0,0,0,0,0
240335,2,1,0,0,0,0,0,0,0,0,0,0
240336,1,1,0,16,0,0,0,0,0,0,0,0
240336,2,1,0,0,0,0,0,0,0,0,0,0
240337,1,1,4,4,4,4,4,4,4,4,4,4
240337,2,1,11,0,0,0,0,0,13,0,0,0
240338,1,1,5,0,0,0,0,0,0,0,0,0
240338,2,1,0,0,0,0,0,0,0,0,0,0
240338,3,1,0,0,0,0,0,0,0,0,0,0
240339,0,1,20,20,20,20,20,20,20,20,20,20
240339,1,1,0,0,0,31,0,0,0,0,0,0
240340,1,1,32,32,32,32,32,32,32,32,32,32
240340,2,1,0,0,0,0,0,0,0,0,0,0
240340,3,1,0,0,0,0,0,0,0,0,30,0
240341,1,1,0,0,0,0,0,0,0,0,0,0
240341,2,1,0,7,0,0,0,0,0,0,0,0
240342,1,1,0,0,0,0,0,0,0,0,0,0
240342,2,1,0,0,0,0,0,0,0,0,0,0
240342,3,1,0,0,0,0,0,0,0,0,0,0
240342,4,1,0,0,0,0,30,0,0,0,0,0
240343,1,1,1,1,1,1,1,1,1,1,1,1
240343,2,1,0,0,0,0,0,0,0,0,0,0
240344,1,1,9,9,9,9,9,9,9,9,9,9
240344,2,1,0,0,0,0,0,1,0,0,0,0
240345,1,1,17,0,0,0,35,0,0,0,0,7
240345,2,1,0,0,0,0,0,0,0,0,17,0
240346,1,1,16,16,16,16,16,16,16,16,16,16
240347,1,1,0,0,0,0,0,0,0,0,0,0
240347,2,1,0,0,0,0,0,0,0,0,0,0
240347,3,1,0,0,0,0,0,0,0,0,0,0
240348,1,1,0,0,0,0,0,0,0,0,0,0
240348,2,1,0,0,0,0,0,0,0,0,0,0
240349,0,1,14,0,0,0,32,0,0,0,40,0
240349,1,1,0,0,0,0,0,0,0,0,0,0
240350,1,1,0,0,0,12,0,0,0,0,0,13
240350,2,1,0,0,0,18,0,0,0,0,0,0
240351,0,1,0,0,0,0,0,0,0,0,0,0
240351,1,1,0,0,0,0,15,0,0,0,0,0
240352,1,1,0,0,0,0,0,0,0,0,0,0
240353,0,1,0,9,0,0,0,0,0,0,0,0
240353,1,1,0,0,0,0,0,0,0,0,0,0
240354,0,1,0,0,0,0,0,0,0,0,0,0
240354,1,1,0,0,0,0,0,6,25,0,0,0
240355,1,1,0,0,0,0,0,0,0,0,0,0
240356,1,1,0,0,0,0,0,0,0,0,0,0
240356,2,1,9,9,9,9,9,9,9,9,9,9
240357,1,1,12,12,12,12,12,12,12,12,12,12
240357,2,1,0,0,0,0,0,0,0,0,0,0
240358,1,1,23,23,23,23,23,23,23,23,23,23
240359,1,1,18,18,18,18,18,18,18,18,18,18
240359,2,1,0,0,0,0,0,0,0,0,0,0
240360,1,1,0,0,0,0,0,0,0,0,0,0
240360,2,1,0,0,0,0,0,0,0,0,0,0
240361,1,1,18,18,18,18,18,18,18,18,18,18
240362,1,1,0,0,0,0,0,0,0,0,0,0
240362,2,1,0,0,0,0,0,0,0,0,0,0
240363,0,1,11,11,11,11,11,11,11,11,11,11
240363,1,1,0,2,0,0,0,8,0,9,11,0
240364,0,1,17,17,17,17,17,17,17,17,17,17
240364,1,1,0,0,19,0,0,0,0,24,0,0
240365,1,1,0,0,0,0,0,0,0,0,0,0
240365,2,1,0,0,0,0,0,0,0,0,0,0
240366,1,1,9,9,9,9,9,9,9,9,9,9
240366,2,1,0,0,0,0,0,0,0,0,0,0
240367,1,1,0,0,0,0,0,0,0,0,0,0
240367,2,1,0,0,0,0,0,0,0,0,0,0
240368,1,1,4,13,15,18,24,6,24,17,16,3
240369,0,1,7,7,7,7,7,7,7,7,7,7
240369,1,1,0,0,0,0,9,0,0,0,0,0
240369,2,1,0,0,0,0,0,0,0,0,0,0
240369,3,1,0,20,0,0,0,21,0,0,0,5
240370,1,1,0,0,0,0,0,0,0,0,0,0
240371,0,1,0,0,0,0,0,0,0,0,0,0
240371,1,1,0,0,0,0,0,0,0,0,0,0
240372,1,1,17,17,17,17,17,17,17,17,17,17
240373,1,1,15,15,15,15,15,15,15,15,15,15
240374,1,1,0,0,0,0,0,0,0,0,0,0
240374,2,1,0,0,0,0,0,23,0,0,0,0
240374,3,1,0,0,0,0,0,0,0,0,0,0
240375,1,1,0,0,0,0,0,0,0,0,0,0
240376,0,1,0,0,30,0,10,0,20,0,6,16
240376,1,1,0,0,0,0,7,0,0,0,0,0
240377,1,1,0,0,0,0,0,0,0,0,0,0
240377,2,1,0,0,13,0,0,0,0,0,0,0
240378,0,1,0,0,0,0,0,0,0,0,0,0
240378,1,1,0,7,0,0,0,0,0,0,0,0
240379,1,1,0,0,0,0,0,0,0,0,0,0
240380,0,1,0,0,0,0,0,0,0,0,0,0
240380,1,1,8,8,8,8,8,8,8,8,8,8
240381,1,1,0,0,0,0,0,0,0,0,0,0
240381,2,1,0,0,0,0,0,0,0,0,9,0
240382,1,1,0,0,0,0,0,0,0,0,0,0
240383,1,1,0,0,0,0,0,0,24,28,0,0
240383,2,1,0,0,0,0,0,0,0,0,0,0
240384,1,1,15,15,15,15,15,15,15,15,15,15
240384,2,1,0,0,0,0,0,0,0,0,3,0
240385,1,1,5,5,5,5,5,5,5,5,5,5
240386,0,1,0,0,0,0,0,0,0,0,0,0
240386,1,1,0,0,0,15,0,0,0,0,0,0
240387,1,1,0,0,0,0,0,0,0,0,0,0
240387,2,1,19,0,0,0,0,0,0,0,0,0
240388,1,1,18,18,18,18,18,18,18,18,18,18
240389,1,1,0,0,0,0,0,0,0,0,0,0
240390,1,1,0,0,0,0,0,0,0,0,0,0
240391,0,1,0,0,0,0,0,0,0,0,0,0
240391,1,1,19,0,0,0,0,0,0,0,7,0
240392,0,1,0,0,0,0,0,0,0,0,0,0
240392,1,1,0,0,0,0,34,24,0,0,0,0
240392,2,1,0,0,0,20,0,0,0,0,0,0
240393,1,1,0,0,0,0,0,0,0,0,0,0
240394,1,1,0,21,0,0,0,10,0,0,0,5
240394,2,1,12,12,12,12,12,12,12,12,12,12
240395,1,1,20,20,20,20,20,20,20,20,20,20
240395,2,1,0,0,0,0,0,0,0,0,0,0
240396,1,1,0,0,0,0,0,0,0,0,0,0
240396,2,1,0,0,0,0,0,0,0,0,0,0
240397,1,1,0,0,0,0,0,0,0,0,0,0
240397,2,1,0,0,0,0,0,0,0,0,0,0
240398,0,1,21,21,21,21,21,21,21,21,21,21
240398,1,1,0,0,0,0,21,0,0,0,0,0
240399,1,1,0,0,0,0,0,0,0,0,0,0
240399,2,1,0,0,0,0,0,0,0,0,0,0
240400,1,1,0,17,0,24,19,0,10,21,19,0
240401,1,1,0,0,0,0,0,0,0,0,0,0
240401,2,1,0,0,0,0,0,0,0,0,0,0
240402,0,1,0,0,0,0,0,0,0,0,0,0
240402,1,1,0,0,0,0,0,0,0,0,0,0
240403,0,1,6,6,6,6,6,6,6,6,6,6
240403,1,1,10,0,0,0,27,0,0,0,0,0
240404,0,1,0,0,0,0,0,0,0,0,0,0
240404,1,1,0,0,0,0,0,0,0,0,0,0
240405,1,1,0,0,0,0,0,0,0,0,0,0
240405,2,1,0,11,0,0,0,0,0,0,0,0
240406,0,1,0,0,0,0,0,0,0,0,0,0
240406,1,1,15,0,0,0,14,0,0,0,0,0
240407,1,1,0,0,0,0,0,0,0,0,0,0
240408,0,1,0,0,0,0,0,0,0,0,0,0
240408,1,1,23,0,19,18,30,0,0,0,0,0
240409,1,1,0,0,0,0,0,0,0,0,0,0
240409,2,1,0,0,0,0,0,0,0,0,0,0
240410,0,1,22,22,22,22,22,22,22,22,22,22
240410,1,1,0,0,0,19,0,0,0,0,0,0
240411,1,1,0,0,0,0,0,0,0,0,0,0
240411,2,1,0,0,0,0,0,0,0,0,0,0
240411,3,1,0,0,0,0,0,0,0,0,0,0
240412,1,1,18,18,18,18,18,18,18,18,18,18
240413,1,1,19,19,19,19,19,19,19,19,19,19
240414,1,1,11,11,11,11,11,11,11,11,11,11
240415,1,1,0,0,0,0,0,0,0,0,0,0
240416,0,1,12,0,0,0,23,30,24,0,0,16
240416,1,1,0,0,0,0,0,0,0,0,0,0
240417,0,1,0,0,0,0,0,0,0,0,0,0
240417,1,1,0,0,21,0,0,0,0,0,0,0
240417,2,1,0,0,0,0,0,0,0,0,0,0
240418,0,1,0,0,0,0,0,0,0,0,0,0
240418,1,1,28,22,4,0,0,0,8,0,0,0
240419,1,1,17,0,0,0,0,0,17,0,0,0
240419,2,1,0,0,0,0,0,0,0,0,0,0
240420,0,1,0,0,0,0,0,0,0,0,0,0
240420,1,1,0,0,0,0,0,0,0,0,0,0
240421,1,1,0,0,0,0,0,0,0,0,0,0
240421,2,1,0,0,0,0,0,24,0,0,0,23
240422,1,1,0,0,3,0,18,0,0,0,0,15
240422,2,1,0,0,0,0,0,0,0,0,0,0
240422,3,1,0,0,15,0,0,0,0,6,0,0
240422,4,1,0,0,0,0,0,0,0,0,0,0
240422,5,1,0,0,0,0,0,0,15,0,19,0
240423,1,1,0,0,0,0,0,0,0,0,17,0
240424,1,1,0,0,0,0,0,0,0,0,0,0
240424,2,1,0,0,0,0,0,0,0,0,0,9
240425,0,1,35,35,35,35,35,35,35,35,35,35
240425,1,1,0,0,0,0,0,0,0,0,38,0
240425,2,1,16,0,6,0,17,0,0,11,0,0
240426,1,1,11,0,0,5,0,0,0,32,0,0
240426,2,1,0,0,0,0,0,0,0,0,0,0
240427,0,1,0,0,0,0,0,0,0,0,0,0
240427,1,1,0,0,0,0,0,0,0,0,0,0
240428,0,1,27,0,30,0,0,0,10,0,0,0
240428,1,1,0,0,0,0,0,0,0,0,0,0
240429,1,1,0,0,0,0,0,0,0,0,0,0
240430,0,1,0,0,0,0,0,0,0,0,0,0
240430,0,2,0,0,0,0,0,0,0,0,0,0
240430,1,1,0,0,0,0,0,0,0,16,0,0
240430,2,1,0,0,10,13,0,23,0,0,0,0
240431,1,1,0,0,0,0,0,0,0,0,0,0
240431,2,1,0,0,0,0,0,0,0,0,0,0
240432,1,1,14,14,14,14,14,14,14,14,14,14
240432,2,1,0,0,0,0,0,16,0,0,0,0
240432,3,1,0,0,0,0,0,0,0,0,0,0
240433,0,1,5,5,5,5,5,5,5,5,5,5
240433,1,1,0,0,0,0,0,0,0,0,0,6
240434,1,1,0,0,0,0,0,0,0,0,0,0
240434,2,1,0,0,0,0,0,0,0,0,0,0
240435,0,1,33,33,33,33,33,33,33,33,33,33
240435,1,1,0,0,0,0,22,29,32,0,26,14
240436,1,1,20,20,20,20,20,20,20,20,20,20
240436,2,1,0,0,0,0,0,0,0,0,0,0
240436,3,1,29,0,0,0,0,37,0,0,25,0
240437,0,1,21,20,8,17,4,17,16,14,18,21
240437,1,1,0,0,0,20,0,0,0,0,24,0
240438,1,1,0,0,0,0,0,0,0,0,0,0
240438,2,1,0,0,0,0,0,0,0,0,4,0
240439,0,1,0,0,0,0,0,0,0,0,0,0
240439,1,1,0,0,24,0,0,5,0,0,0,0
240440,1,1,0,0,0,0,0,0,0,0,0,0
240440,2,1,0,0,0,0,0,0,0,0,0,0
240440,3,1,0,0,0,0,0,0,0,0,0,0
240440,4,1,0,0,0,0,0,0,0,0,0,0
240441,1,1,19,19,19,19,19,19,19,19,19,19
240442,0,1,0,20,53,0,0,0,0,0,0,0
240442,0,2,0,17,45,0,0,0,0,19,0,16
240442,1,1,0,0,0,0,0,0,0,0,0,0
240443,1,1,15,15,15,15,15,15,15,15,15,15
240444,0,1,0,0,0,0,0,0,0,0,0,0
240444,1,1,0,0,0,0,0,0,0,0,0,0
240445,0,1,0,4,21,20,12,23,31,7,0,21
240445,1,1,0,0,0,0,0,0,6,0,0,0
240446,1,1,0,0,0,0,0,22,14,0,0,0
240446,2,1,15,15,15,15,15,15,15,15,15,15
240447,1,1,8,8,8,8,8,8,8,8,8,8
240448,1,1,9,9,9,9,9,9,9,9,9,9
240448,2,1,4,4,4,4,4,4,4,4,4,4
240449,0,1,0,0,0,0,0,0,0,0,0,0
240449,1,1,0,0,0,0,0,0,0,24,0,0
240450,1,1,20,20,20,20,20,20,20,20,20,20
240451,1,1,0,0,0,0,0,0,0,0,0,0
240452,1,1,19,32,25,13,12,12,16,19,8,13
240452,2,1,0,0,0,0,0,0,0,0,0,0
240452,3,1,0,0,0,0,0,0,0,0,0,0
240453,1,1,0,0,0,0,0,0,0,0,26,0
240454,0,1,4,4,4,4,4,4,4,4,4,4
240454,1,1,0,0,0,0,0,0,0,0,0,0
240455,1,1,0,0,0,0,0,0,0,0,0,0
240455,2,1,0,0,0,0,0,0,0,0,0,0
240456,1,1,0,0,0,0,0,0,4,0,0,0
240456,2,1,18,8,22,0,0,15,0,0,0,0
240457,1,1,0,0,0,0,0,0,0,0,0,0
240457,2,1,0,0,0,0,0,0,0,0,0,0
240458,1,1,6,6,16,0,0,0,9,0,13,0
240459,1,1,7,7,7,7,7,7,7,7,7,7
240460,0,1,0,0,0,0,0,0,0,0,0,0
240460,1,1,20,20,20,20,20,20,20,20,20,20
240461,1,1,0,0,0,0,0,0,0,0,0,0
240461,2,1,0,0,0,0,0,0,24,0,0,0
240461,3,1,0,0,0,0,0,0,0,0,0,0
240462,1,1,13,0,15,0,0,0,10,0,0,0
240463,1,1,0,0,0,0,0,0,0,0,0,0
240464,1,1,21,31,17,9,42,49,18,5,8,38
240465,0,1,36,36,36,36,36,36,36,36,36,36
240465,1,1,0,0,0,0,0,14,0,7,0,0
240466,1,1,0,0,0,0,0,0,0,0,0,0
240466,2,1,0,0,0,0,0,0,0,0,0,0
240467,0,1,0,0,0,0,0,0,0,0,0,0
240467,0,2,0,0,0,0,0,0,0,19,0,0
240467,0,3,0,0,0,0,0,0,0,0,0,0
240467,0,4,0,12,0,0,36,0,0,0,28,0
240467,0,5,0,0,0,0,0,0,0,0,0,0
240467,0,6,17,0,0,0,0,0,0,0,0,0
240467,0,7,0,0,0,0,0,0,0,0,0,0
240467,0,8,0,0,0,0,0,0,0,0,0,0
240467,0,9,0,0,25,0,0,11,0,0,0,0
240467,0,10,0,0,0,0,0,21,0,0,0,9
240467,0,11,0,0,0,0,0,0,0,0,0,0
240467,0,12,0,0,0,0,0,0,0,0,0,0
240467,0,13,0,0,0,0,0,0,0,0,0,0
240467,0,14,0,0,0,0,0,0,0,0,0,0
240467,0,15,0,0,0,0,0,0,0,0,0,0
240467,0,16,0,0,0,0,0,0,0,0,0,0
240467,0,17,0,0,0,0,0,0,0,0,0,0
240467,0,18,0,0,0,14,0,0,0,0,0,0
240467,0,19,44,17,0,6,0,0,0,0,0,0
240467,0,20,0,0,0,0,0,0,0,0,0,0
240467,0,21,0,0,0,0,0,0,0,0,0,0
240467,0,22,0,0,0,0,0,0,16,0,0,0
240467,0,23,0,0,0,0,0,0,0,0,0,0
240467,1,1,0,0,9,0,0,0,0,0,0,0
240468,1,1,20,20,20,20,20,20,20,20,20,20
240469,1,1,0,0,0,0,0,0,0,0,0,0
240470,0,1,19,19,19,19,19,19,19,19,19,19
240470,1,1,0,0,0,0,0,0,0,0,0,0
240471,1,1,0,0,0,0,0,0,0,0,0,0
240471,2,1,0,0,0,0,0,0,0,0,0,0
240472,1,1,26,26,26,26,26,26,26,26,26,26
240473,0,1,23,23,23,23,23,23,23,23,23,23
240473,1,1,0,0,0,0,0,44,0,15,0,0
240474,1,1,0,0,0,0,0,0,0,0,0,0
240474,2,1,0,0,0,0,0,0,0,0,0,0
240475,1,1,0,0,0,0,0,0,0,0,0,0
240475,2,1,0,0,0,0,0,0,0,0,0,0
240476,1,1,21,21,21,21,21,21,21,21,21,21
240477,1,1,0,0,0,0,0,12,0,0,0,0
240477,2,1,0,0,0,0,0,0,0,0,0,0
240478,1,1,30,0,10,26,0,6,29,16,28,0
240479,1,1,0,0,0,0,0,0,0,0,0,0
240479,2,1,8,1,30,12,0,14,17,2,16,12
240480,0,1,4,4,4,4,4,4,4,4,4,4
240480,1,1,0,0,0,0,0,0,0,0,0,0
240481,1,1,0,0,0,0,0,0,0,0,0,0
240481,2,1,0,0,0,0,0,0,0,0,0,0
240482,1,1,21,21,21,21,21,21,21,21,21,21
240483,1,1,0,0,0,0,0,0,0,0,0,0
240483,2,1,0,0,0,0,0,0,0,0,9,0
240484,1,1,11,0,0,0,0,0,0,0,0,0
240484,2,1,0,7,8,0,0,0,0,0,0,0
240485,1,1,0,0,0,0,0,0,0,0,0,0
240486,0,1,0,0,0,0,0,0,0,0,0,0