ST_CASE,VEH_NO,PER_NO,P1,P2,P3,P4,P5,P6,P7,P8,P9,P10
240486,1,1,0,0,0,0,0,0,0,0,0,0
240487,1,1,0,0,0,0,0,0,0,0,0,0
240487,2,1,0,0,0,0,0,0,0,0,0,0
240488,1,1,20,10,18,20,21,6,6,2,14,20
240489,1,1,12,12,12,12,12,12,12,12,12,12
240490,1,1,0,8,13,5,0,13,22,11,20,0
240491,1,1,0,0,0,0,0,0,0,0,0,0
240492,1,1,0,23,23,0,0,0,0,0,0,0
240492,2,1,0,0,0,0,0,0,0,0,0,0
240493,0,1,0,0,0,0,0,0,0,0,0,0
240493,1,1,0,0,0,0,0,0,0,0,0,0
240494,1,1,7,0,0,26,19,42,0,0,0,6
240495,1,1,0,0,0,0,0,0,0,0,0,0
240495,2,1,0,0,0,0,0,0,0,0,0,0
240496,1,2,14,0,0,16,0,19,0,17,0,0
240497,1,1,13,13,13,13,13,13,13,13,13,13
240497,2,1,0,0,0,0,0,0,0,0,0,0
240498,1,1,8,8,8,8,8,8,8,8,8,8
240499,0,1,0,0,0,0,0,0,0,0,0,0
240499,1,1,32,0,0,11,0,0,4,0,0,0
240500,1,1,0,0,0,0,0,0,0,0,0,0
240500,2,1,0,15,0,0,0,0,0,0,0,0
240500,3,1,0,0,0,31,0,0,0,0,0,0
240500,4,1,0,0,0,0,0,0,0,0,0,0
240501,1,1,0,0,0,0,0,0,0,0,0,0
240501,2,1,0,0,0,0,0,0,0,0,0,0
240502,0,1,0,12,8,0,13,7,21,39,37,19
240502,1,1,0,0,0,0,0,0,0,0,0,7
240503,0,1,0,0,0,0,0,0,0,0,0,0
240503,1,1,7,0,0,36,29,25,14,4,14,0
240504,1,1,0,0,0,0,0,0,0,0,0,0
240505,0,1,0,0,0,0,0,0,0,0,0,0
240505,0,2,0,0,0,0,0,0,0,0,0,0
240505,1,1,0,17,0,0,0,0,0,0,0,0
240506,0,1,0,0,0,0,0,0,0,0,0,0
240506,1,1,0,0,0,0,0,0,0,0,0,0
240507,1,1,35,8,25,30,16,11,32,35,14,17
240508,1,1,0,0,0,0,0,0,0,0,0,0
240508,2,1,0,0,0,0,0,7,11,0,0,0
240509,1,1,0,0,0,0,0,0,0,0,0,0
240509,2,1,0,0,5,0,0,17,31,0,0,0
240510,1,1,0,0,0,0,0,12,0,0,0,0
240510,2,1,0,0,0,0,0,0,0,0,0,0
240511,1,1,24,8,19,9,8,5,20,16,0,0
240511,2,1,8,0,0,0,10,0,0,0,17,0
240512,1,1,28,8,19,19,0,23,16,21,21,2
240512,2,1,7,13,0,13,0,0,0,5,0,0
240513,0,1,0,0,0,0,0,0,0,0,0,0
240513,0,2,20,18,25,0,0,25,0,0,5,0
240513,1,1,19,3,0,0,8,9,12,0,13,0
240514,1,1,27,5,29,24,5,10,20,35,24,10
240514,2,1,0,2,0,0,0,26,0,0,5,0
240515,1,1,0,0,0,17,0,13,0,0,0,0
240516,0,1,0,0,0,14,0,27,0,12,0,0
240516,1,1,6,8,28,19,13,2,12,0,0,0
240517,0,1,0,0,0,25,19,0,17,0,0,0
240517,1,1,3,0,0,0,8,3,18,0,0,11
240518,0,1,0,0,0,0,0,0,0,0,0,0
240518,1,1,0,0,0,0,0,0,0,0,0,0
240519,0,1,0,0,0,0,0,0,0,0,0,0
240519,1,1,27,12,12,0,0,0,7,12,0,0
240520,1,1,0,11,7,0,0,0,0,0,0,13
240520,2,1,0,13,0,0,0,0,0,0,0,0
240521,1,1,0,0,0,0,0,0,0,0,0,0
240521,2,1,0,0,0,0,12,0,0,0,0,0
240522,0,1,0,0,0,0,0,0,0,0,0,0
240522,1,1,0,0,0,0,0,0,0,0,0,0
240523,0,1,0,0,0,0,0,0,0,0,0,0
240523,1,1,0,0,0,0,0,0,0,0,0,0
240523,2,1,0,0,0,0,0,0,0,0,0,0
240524,1,1,0,0,0,0,18,0,0,0,0,0
240524,2,1,0,0,0,0,0,0,0,0,0,0
240525,0,1,0,0,0,0,0,0,0,0,0,0
240525,1,1,17,0,0,0,13,0,0,6,0,14
250001,0,1,0,0,0,0,0,0,0,0,0,0
250001,1,1,15,0,8,0,0,15,0,0,0,0
250002,0,1,42,42,42,42,42,42,42,42,42,42
250002,1,1,0,0,21,0,0,0,0,0,0,0
250003,1,1,0,0,0,0,0,0,0,0,0,0
250003,2,1,0,0,0,0,0,0,0,0,0,0
250004,1,1,0,0,0,0,0,0,0,0,0,0
250005,1,1,0,0,0,0,0,0,0,0,0,0
250006,1,1,0,0,0,0,0,0,0,0,0,34
250007,1,1,27,27,27,27,27,27,27,27,27,27
250008,1,1,0,0,0,0,0,0,0,0,0,0
250008,2,1,0,0,0,0,0,0,0,0,0,0
250009,1,1,0,10,0,0,0,0,13,0,0,0
250009,2,1,24,24,24,24,24,24,24,24,24,24
250010,1,1,17,17,17,17,17,17,17,17,17,17
250011,1,1,30,0,23,36,0,0,0,20,0,0
250012,1,1,0,0,0,0,0,0,0,0,0,0
250013,1,1,14,14,14,14,14,14,14,14,14,14
250015,1,1,20,20,20,20,20,20,20,20,20,20
250016,1,1,0,0,0,0,0,0,0,0,29,0
250017,1,1,31,31,31,31,31,31,31,31,31,31
250018,0,1,0,0,0,0,0,0,0,0,0,0
250018,1,1,0,0,2,12,9,0,0,22,0,0
250019,1,1,0,0,0,0,0,0,0,0,0,0
250020,1,1,34,34,34,34,34,34,34,34,34,34
250021,1,1,21,21,21,21,21,21,21,21,21,21
250022,1,1,22,28,17,11,8,0,14,20,16,9
250024,0,1,27,27,27,27,27,27,27,27,27,27
250024,1,1,9,18,0,0,0,0,0,0,0,35
250025,0,1,26,26,26,26,26,26,26,26,26,26
250025,1,1,0,0,0,0,12,0,0,0,0,0
250026,0,1,0,0,0,0,0,0,0,0,0,0
250026,1,1,0,0,0,0,0,0,0,13,0,0
250027,1,1,10,10,10,10,10,10,10,10,10,10
250028,0,1,0,0,0,0,0,0,0,0,0,0
250028,1,1,0,0,0,0,0,0,0,0,0,0
250029,1,1,0,0,0,0,0,0,0,0,0,0
250030,1,1,13,13,13,13,13,13,13,13,13,13
250031,1,1,7,22,19,12,20,19,16,12,26,18
250032,0,1,0,0,0,0,0,0,0,0,0,0
250032,1,1,0,24,0,24,0,0,11,14,0,24
250033,1,1,14,14,14,14,14,14,14,14,14,14
250033,2,1,0,0,0,0,0,0,0,0,0,0
250034,1,1,0,0,0,0,0,0,0,0,0,0
250035,0,1,0,0,0,0,0,0,0,0,0,0
250035,1,1,6,0,20,9,0,0,0,0,0,0
250036,1,1,0,6,0,0,0,0,0,29,0,0
250036,2,1,0,0,0,0,0,0,0,0,0,0
250037,1,1,0,0,0,0,0,0,0,0,0,0
250038,1,1,0,0,0,0,0,0,0,0,0,0
250038,2,1,4,4,4,4,4,4,4,4,4,4
250039,1,1,0,0,0,0,0,0,0,0,0,0
250040,0,1,0,0,0,0,0,0,0,0,0,0
250040,1,1,0,0,0,0,13,0,17,0,0,0
250041,1,1,46,46,46,46,46,46,46,46,46,46
250041,2,1,0,8,0,0,0,0,9,0,0,0
250042,1,1,0,0,0,0,0,0,0,0,0,0
250042,2,1,0,0,0,0,0,0,0,0,0,0
250043,1,1,0,0,11,20,0,13,15,18,20,0
250044,1,1,0,0,0,0,0,0,0,0,0,0
250045,1,1,20,20,20,20,20,20,20,20,20,20
250046,0,1,0,0,0,0,0,0,0,0,0,0
250046,0,2,0,0,0,0,0,0,0,0,0,0
250046,1,1,0,0,0,0,0,0,0,0,37,0
250047,1,1,0,0,0,0,0,0,0,0,0,0
250048,0,1,0,0,0,0,0,0,0,0,0,0
250048,1,1,0,0,0,0,0,13,0,0,0,0
250049,1,1,17,0,17,6,0,0,0,14,0,0
250049,2,1,0,0,0,0,0,0,0,0,0,0
250050,1,1,0,0,0,0,0,0,0,0,0,0
250051,1,1,0,0,0,0,0,0,0,0,0,0
250051,2,1,0,0,0,0,0,0,0,0,0,0
250051,3,1,0,0,31,8,0,23,0,22,26,0
250053,0,1,0,0,0,0,0,0,0,0,0,0
250053,1,1,0,0,23,0,0,17,0,0,0,5
250054,1,1,0,0,0,0,0,0,0,0,0,0
250055,1,1,9,9,9,9,9,9,9,9,9,9
250056,0,1,0,0,0,0,0,0,0,0,0,0
250056,1,1,0,0,0,0,0,0,0,11,0,22
250057,0,1,0,0,0,0,0,0,0,0,0,0
250057,1,1,0,23,0,0,0,0,0,0,0,15
250058,0,1,0,0,0,0,0,0,0,0,0,0
250058,1,1,0,0,0,0,0,0,0,0,0,0
250059,1,1,6,6,6,6,6,6,6,6,6,6
250059,2,1,0,0,0,0,0,0,0,0,0,0
250061,0,1,26,26,26,26,26,26,26,26,26,26
250061,1,1,0,0,0,0,27,0,11,0,0,0
250062,0,1,26,26,26,26,26,26,26,26,26,26
250062,1,1,0,0,0,0,0,0,0,0,0,0
250063,1,1,0,15,0,22,0,0,0,15,0,0
250064,1,1,0,0,0,0,0,0,0,0,0,0
250065,1,1,23,23,23,23,23,23,23,23,23,23
250066,1,1,0,25,20,0,17,0,0,0,0,0
250066,2,1,0,0,0,0,0,0,0,0,0,0
250067,1,1,12,12,12,12,12,12,12,12,12,12
250068,0,1,0,0,0,0,0,0,0,0,0,0
250068,1,1,0,0,0,14,9,0,12,19,0,3
250069,1,1,10,10,10,10,10,10,10,10,10,10
250070,1,1,0,0,9,0,0,0,0,0,0,16
250070,2,1,15,10,18,17,21,10,7,20,8,12
250071,1,1,0,0,0,0,0,0,0,0,0,0
250072,1,1,0,0,0,0,0,0,0,0,0,0
250073,0,1,0,0,0,0,0,0,0,0,0,0
250073,1,1,0,0,0,0,0,0,0,7,0,0
250074,1,1,0,0,0,0,0,0,0,0,0,0
250075,1,1,22,22,22,22,22,22,22,22,22,22
250075,2,1,13,22,0,0,5,0,17,29,0,7
250075,3,1,16,0,28,15,0,0,0,0,0,0
250075,4,1,0,0,22,0,0,0,0,23,32,24
250075,5,1,0,0,0,0,0,0,22,0,0,0
250076,1,1,19,19,19,19,19,19,19,19,19,19
250077,1,1,12,18,25,19,33,23,14,8,16,18
250078,1,1,0,0,0,0,0,0,0,0,0,0
250079,1,1,15,15,15,15,15,15,15,15,15,15
250080,1,1,0,28,0,0,0,0,0,0,8,0
250080,2,1,0,0,0,0,0,0,0,0,0,0
250081,1,1,23,0,0,0,0,0,0,0,0,0
250081,2,1,0,0,0,0,0,0,0,0,0,0
250082,0,1,34,34,34,34,34,34,34,34,34,34
250082,1,1,26,0,14,6,0,0,0,0,0,11
250083,1,1,28,28,28,28,28,28,28,28,28,28
250085,1,1,0,0,0,0,0,0,0,0,0,0
250086,0,1,29,29,29,29,29,29,29,29,29,29
250086,1,1,0,24,0,0,0,0,0,29,0,0
250087,1,1,0,0,0,0,0,0,0,0,0,0
250087,2,1,0,0,0,0,0,0,0,0,0,0
250088,1,1,0,0,0,0,0,0,0,0,0,0
250089,1,1,0,0,0,0,0,0,0,0,0,0
250090,1,1,0,0,0,0,0,0,0,0,0,0
250090,2,1,0,0,19,0,0,0,0,0,0,0
250090,3,1,0,21,0,0,0,0,0,24,0,24
250091,1,1,0,0,0,13,19,16,0,0,0,0
250092,1,1,20,20,20,20,20,20,20,20,20,20
250093,1,1,15,15,15,15,15,15,15,15,15,15
250094,0,1,0,0,0,0,0,0,0,0,0,0
250094,1,1,0,13,0,0,0,0,0,0,0,0
250095,1,1,16,16,16,16,16,16,16,16,16,16
250096,1,1,11,15,15,30,5,14,6,12,17,10
250097,1,1,0,0,0,0,19,0,0,0,0,9
250098,1,1,0,0,0,0,0,0,0,0,0,0
250098,2,1,0,0,0,0,0,0,0,0,0,0
250099,1,1,0,0,0,0,0,0,0,0,0,0
250100,1,1,10,10,10,10,10,10,10,10,10,10
250101,1,1,16,0,14,0,0,0,0,0,0,11
250103,1,1,21,21,21,21,21,21,21,21,21,21
250104,1,1,24,24,24,24,24,24,24,24,24,24
250105,1,1,0,0,0,0,0,0,0,0,0,0
250106,1,1,0,0,0,0,0,0,0,0,0,0
250107,0,1,0,0,0,0,0,0,0,0,0,0
250107,1,1,0,0,11,0,0,23,0,0,13,18
250108,1,1,0,0,0,0,0,0,0,0,0,0
250108,2,1,9,9,9,9,9,9,9,9,9,9
250109,1,1,0,0,0,0,0,0,0,0,0,0
250110,1,1,0,0,0,0,0,0,0,0,0,0
250110,2,1,7,0,0,0,16,0,0,0,0,0
250112,0,1,0,0,0,0,0,0,0,0,0,0
250112,1,1,0,0,17,14,17,0,0,0,0,0
250113,0,1,6,6,6,6,6,6,6,6,6,6
250113,1,1,0,24,0,22,0,0,15,0,0,0
250114,1,1,0,0,19,0,0,0,0,0,0,0
250114,2,1,0,0,0,0,0,8,0,0,0,0
250115,0,1,6,6,6,6,6,6,6,6,6,6
250115,0,2,0,11,0,0,0,6,0,0,0,25
250115,1,1,0,0,0,0,0,0,0,0,10,0
250116,1,1,0,0,0,7,0,0,0,0,0,0
250116,2,1,0,0,0,0,0,0,0,0,0,0
250117,1,1,22,22,22,22,22,22,22,22,22,22
250118,1,1,23,23,23,23,23,23,23,23,23,23
250119,1,1,0,0,0,0,0,0,0,0,0,0
250120,1,1,37,37,37,37,37,37,37,37,37,37
250121,0,1,0,0,0,0,0,0,0,0,0,0
250121,1,1,0,0,0,0,0,0,0,0,0,0
250122,1,1,0,0,0,0,0,0,0,0,0,0
250123,0,1,18,18,18,18,18,18,18,18,18,18
250123,1,1,0,29,20,0,30,12,0,0,0,0
250124,1,1,18,18,18,18,18,18,18,18,18,18
250125,1,1,7,7,7,7,7,7,7,7,7,7
250126,1,1,0,0,0,0,0,0,17,0,0,0
250127,0,1,0,0,0,0,0,0,0,0,0,0
250127,1,1,0,13,0,8,4,0,7,0,0,14
250128,1,1,0,0,0,0,0,0,0,0,0,0
250129,1,1,23,23,23,23,23,23,23,23,23,23
250130,1,1,0,0,0,0,0,0,0,0,0,0
250130,2,1,0,0,0,0,0,0,0,0,0,0
250130,3,1,0,0,0,0,0,0,0,0,0,0
250131,1,1,17,17,17,17,17,17,17,17,17,17
250132,0,1,0,0,0,0,0,0,0,0,0,0
250132,0,2,0,0,0,0,0,0,0,0,0,0
250132,1,1,0,0,0,0,8,0,0,0,0,0
250133,1,1,12,12,12,12,12,12,12,12,12,12
250133,2,1,0,0,37,10,0,11,0,0,0,0
250134,1,1,2,2,2,2,2,2,2,2,2,2
250135,1,1,9,9,9,9,9,9,9,9,9,9
250136,0,1,38,38,38,38,38,38,38,38,38,38
250136,1,1,0,0,19,0,14,12,25,0,14,12
250137,0,1,0,0,0,0,0,0,0,0,0,0
250137,1,1,25,15,0,25,29,0,0,10,7,0
250138,1,1,0,0,0,0,0,0,0,0,0,0
250138,2,1,0,8,5,0,21,0,0,0,0,0
250138,3,1,18,0,0,0,0,0,18,11,0,0
250140,1,1,0,0,0,0,0,0,0,0,0,0
250141,0,1,0,0,0,0,0,0,0,0,0,0
250141,1,1,0,0,18,0,0,0,0,0,0,0
250142,0,1,0,0,0,0,0,0,0,0,0,0
250142,1,1,0,0,0,0,0,0,0,0,0,0
250143,1,1,10,10,10,10,10,10,10,10,10,10
250145,0,1,0,0,0,0,0,0,0,0,0,0
250145,1,1,0,0,0,15,0,0,0,0,0,0
250146,1,1,34,34,34,34,34,34,34,34,34,34
250147,1,1,0,0,0,0,0,0,0,0,0,0
250148,1,1,18,18,18,18,18,18,18,18,18,18
250148,2,1,0,0,0,0,0,0,0,0,0,0
250149,1,1,0,0,0,0,0,0,0,0,0,0
250149,2,1,0,0,0,0,0,0,0,0,0,0
250150,1,1,15,15,15,15,15,15,15,15,15,15
250151,1,1,20,20,20,20,20,20,20,20,20,20
250152,0,1,23,23,23,23,23,23,23,23,23,23
250152,1,1,14,14,19,13,0,7,7,22,19,16
250153,1,1,69,69,69,69,69,69,69,69,69,69
250154,1,1,8,8,8,8,8,8,8,8,8,8
250155,1,1,0,0,0,0,0,0,0,0,0,0
250156,1,1,0,0,0,0,0,0,0,0,0,0
250157,1,1,16,16,16,16,16,16,16,16,16,16
250157,2,1,0,0,0,0,10,0,0,0,0,0
250158,1,1,0,0,0,0,0,0,0,0,0,0
250158,2,1,0,0,0,0,0,0,0,0,0,0
250159,1,1,0,0,0,0,0,0,0,0,0,0
250159,2,1,0,0,0,0,0,0,0,0,0,0
250159,3,1,0,0,0,0,0,0,0,0,0,0
250161,1,1,0,0,0,0,0,0,0,0,0,0
250162,1,1,19,19,19,19,19,19,19,19,19,19
250164,1,1,0,0,0,0,0,0,0,0,0,0
250164,2,1,18,0,0,0,7,10,0,12,0,0
250165,1,1,35,35,35,35,35,35,35,35,35,35
250166,1,1,16,16,16,16,16,16,16,16,16,16
250167,1,1,0,0,0,0,0,0,0,0,0,0
250168,1,1,0,0,0,0,0,0,0,0,0,0
250168,2,1,0,0,0,0,0,0,22,0,0,0
250169,1,1,15,15,15,15,15,15,15,15,15,15
250169,2,1,4,4,4,4,4,4,4,4,4,4
250170,1,1,0,0,0,0,0,0,0,0,0,0
250170,2,1,0,0,0,0,0,0,0,0,0,0
250171,1,1,0,0,0,0,0,0,0,0,0,0
250171,2,1,0,0,0,0,0,0,0,0,0,0
250171,3,1,0,0,0,0,0,0,0,0,0,0
250172,0,1,0,0,0,0,0,0,0,0,0,0
250172,1,1,0,24,0,0,0,0,0,0,18,0
250173,1,1,21,21,21,21,21,21,21,21,21,21
250173,2,1,5,15,0,0,0,0,0,0,0,0
250174,1,1,0,12,0,0,0,0,0,0,0,0
250174,2,1,0,0,0,0,0,0,0,0,0,0
250175,1,1,27,27,27,27,27,27,27,27,27,27
250176,1,1,0,0,0,0,9,0,0,0,0,0
250176,2,1,0,0,0,0,4,0,0,0,0,0
250177,2,1,7,7,7,7,7,7,7,7,7,7
250178,1,1,0,0,0,0,0,0,0,0,0,0
250178,2,1,0,0,0,0,0,0,0,0,0,0
250179,1,1,0,0,0,0,0,0,0,0,6,0
250179,2,1,0,0,0,0,0,0,0,0,0,0
250180,1,1,0,0,0,0,0,0,0,0,0,0
250180,2,1,0,0,0,0,0,0,0,0,0,0
250181,0,1,0,0,0,0,0,0,0,0,0,0
250182,1,1,0,0,0,0,0,13,0,0,0,0
250182,2,1,0,0,0,0,0,0,0,0,0,0
250183,1,1,0,0,0,0,0,0,23,0,27,0
250183,2,1,0,0,0,0,0,0,0,0,0,0
250184,1,1,10,10,10,10,10,10,10,10,10,10
250185,1,1,4,4,4,4,4,4,4,4,4,4
250187,1,1,22,22,22,22,22,22,22,22,22,22
250188,0,1,0,0,0,0,0,0,0,0,0,0
250188,1,1,0,0,0,0,0,0,0,9,0,0
250189,1,1,13,13,13,13,13,13,13,13,13,13
250190,1,1,0,0,0,0,0,18,0,0,0,0
250190,2,1,18,18,18,18,18,18,18,18,18,18
250191,1,1,18,18,18,18,18,18,18,18,18,18
250192,0,1,10,10,10,10,10,10,10,10,10,10
250192,1,1,0,0,0,0,0,0,0,0,0,0
250193,1,1,0,0,0,0,0,0,0,0,0,0
250193,2,1,0,0,0,0,0,0,0,0,0,0
250194,1,1,0,0,0,0,0,0,0,0,0,0
250194,2,1,0,0,0,0,0,0,0,0,0,0
250194,3,1,0,0,0,0,0,0,0,0,0,0
250195,0,1,8,8,8,8,8,8,8,8,8,8
250195,1,1,0,0,0,0,0,0,0,0,0,0
250196,1,1,0,0,0,0,0,0,0,0,0,0
250197,1,1,0,0,0,0,0,0,0,0,0,0
250197,2,1,0,0,0,0,0,0,0,0,0,0
250197,3,1,0,0,0,0,0,0,0,0,0,0
250198,1,1,21,21,21,21,21,21,21,21,21,21
250199,1,1,17,17,17,17,17,17,17,17,17,17
250200,1,1,0,0,0,0,0,0,0,0,0,0
250201,1,1,0,0,0,0,0,0,0,0,0,0
250202,1,1,0,0,0,0,0,0,0,0,0,0
250202,2,1,0,0,0,0,0,0,0,0,0,0
250203,0,1,0,0,22,0,0,0,0,0,0,0
250203,1,1,0,0,17,0,0,0,0,0,0,0
250203,2,1,0,0,0,0,0,0,0,0,0,0
250204,1,1,18,18,18,18,18,18,18,18,18,18
250205,1,1,0,0,0,0,0,0,0,0,0,0
250206,1,1,0,0,0,0,0,0,0,0,0,0
250206,2,1,0,0,0,0,0,0,0,0,0,0
250208,1,1,10,6,20,0,0,15,0,6,12,24
250209,1,1,0,0,0,0,0,0,0,0,0,0
250209,2,1,0,0,0,0,0,0,0,0,0,0
250210,1,1,0,0,0,0,0,0,0,0,0,0
250210,2,1,0,0,0,0,6,0,0,23,0,0
250211,0,1,0,0,0,0,0,0,0,0,0,0
250211,1,1,0,0,10,0,0,0,0,14,0,0
250212,1,1,0,0,0,0,0,0,0,0,0,0
250213,1,1,19,19,19,19,19,19,19,19,19,19
250214,0,1,0,0,0,0,0,0,0,0,0,0
250214,1,1,0,0,0,0,0,0,0,0,0,8
250215,0,1,12,12,12,12,12,12,12,12,12,12
250215,1,1,0,0,21,0,0,0,0,0,0,0
250216,1,1,10,10,10,10,10,10,10,10,10,10
250216,2,1,0,0,0,0,12,0,0,2,0,0
250216,3,1,0,0,0,0,26,0,0,0,0,0
250217,1,1,0,0,0,0,0,0,0,0,0,0
250217,2,1,0,0,0,0,0,0,0,0,0,0
250218,1,1,21,21,21,21,21,21,21,21,21,21
250219,1,1,0,0,0,0,0,0,0,0,0,0
250219,2,1,0,0,0,0,0,0,0,0,0,0
250220,1,1,16,16,16,16,16,16,16,16,16,16
250221,1,1,0,0,0,0,0,13,0,0,0,0
250222,1,1,0,0,0,0,0,0,0,0,0,0
250222,2,1,0,0,0,0,0,0,0,0,0,0
250223,1,1,0,0,0,0,0,0,0,0,0,0
250223,2,1,0,0,0,0,0,0,0,0,0,0
250224,0,1,0,0,0,0,0,0,0,0,0,0
250224,1,1,0,0,0,0,0,0,0,0,0,0
250225,1,1,0,0,0,0,0,0,0,0,0,0
250225,2,1,6,0,29,0,0,0,0,0,0,0
250226,0,1,9,9,9,9,9,9,9,9,9,9
250226,1,1,0,0,0,0,0,0,0,0,7,0
250226,2,1,0,0,0,0,9,0,0,0,0,0
250227,0,1,0,0,0,0,0,0,0,0,0,0
250227,0,2,0,0,0,0,15,0,0,30,20,2
250227,1,1,7,0,0,0,0,22,0,0,16,19
250228,1,1,0,0,0,0,0,0,0,0,0,0
250228,2,1,0,0,0,0,0,0,0,0,0,0
250229,0,1,0,0,0,0,0,0,0,0,0,0
250229,1,1,13,0,0,13,0,0,0,0,0,9
250230,1,1,21,21,21,21,21,21,21,21,21,21
250231,0,1,0,0,0,0,0,0,0,0,0,0
250231,1,1,0,0,0,4,0,0,5,0,0,0
250232,1,1,0,0,0,0,0,0,0,0,0,30
250232,2,1,0,0,0,0,0,0,0,0,0,0
250232,3,1,0,0,0,0,0,0,0,0,0,0
250233,1,1,0,0,0,0,0,0,0,0,0,0
250234,1,1,28,28,28,28,28,28,28,28,28,28
250235,0,1,11,11,11,11,11,11,11,11,11,11
250235,1,1,0,0,0,14,0,0,0,0,0,0
250236,1,1,14,14,14,14,14,14,14,14,14,14
250237,1,1,1,1,1,1,1,1,1,1,1,1
250237,2,1,0,0,20,0,14,0,0,0,0,0
250238,1,1,14,14,14,14,14,14,14,14,14,14
250239,1,1,0,0,0,0,0,0,0,0,0,0
250240,0,1,0,0,0,0,0,0,0,0,0,0
250240,1,1,0,10,13,0,0,12,0,0,0,0
250241,1,1,0,0,0,0,0,0,0,0,0,0
250241,2,1,0,3,0,0,0,0,0,10,0,0
250242,1,1,0,0,0,0,0,0,0,0,0,0
250242,2,1,19,0,0,0,0,0,0,0,0,0
250243,1,1,7,7,7,7,7,7,7,7,7,7
250244,1,1,22,22,22,22,22,22,22,22,22,22
250245,1,1,11,11,11,11,11,11,11,11,11,11
250245,3,1,0,0,0,0,0,0,18,0,0,0
250246,1,1,0,0,38,26,0,0,0,17,0,0
250247,0,1,0,0,0,0,0,0,0,0,0,0
250247,1,1,0,0,0,0,0,0,0,0,0,0
250248,1,1,0,0,0,0,0,0,0,0,0,0
250248,2,1,0,0,0,0,0,0,0,0,0,0
250249,2,1,6,24,17,0,0,12,0,13,0,0
250249,3,1,14,6,0,0,20,0,0,0,40,0
250249,4,1,0,0,0,0,0,0,0,0,0,0
250250,0,1,0,0,0,0,0,0,0,0,0,0
250250,0,2,0,0,0,0,0,0,0,0,48,0
250250,1,1,15,0,0,0,18,0,0,0,0,0
250252,1,1,16,16,16,16,16,16,16,16,16,16
250252,2,1,0,0,11,0,0,0,0,0,0,0
250252,3,1,0,20,0,0,0,0,0,8,0,0
250253,1,1,0,0,0,0,0,0,0,0,0,0
250253,2,1,15,0,0,0,0,0,0,13,7,0
250254,1,1,0,0,0,0,0,0,0,0,0,0
250254,2,1,0,0,0,0,0,0,0,0,0,0
250255,1,1,0,0,0,0,0,0,0,0,0,0
250255,2,1,0,0,0,0,0,0,0,0,0,0
250256,0,1,0,0,0,0,0,0,0,0,0,0
250256,1,1,0,0,21,19,0,0,0,9,0,26
250257,0,1,0,0,0,0,0,0,0,0,0,0
250257,1,1,24,0,0,0,0,0,0,0,0,0
250258,1,1,28,28,28,28,28,28,28,28,28,28
250258,2,1,0,0,26,0,0,0,0,0,0,0
250259,1,1,27,27,27,27,27,27,27,27,27,27
250260,1,1,0,0,0,0,0,0,0,0,0,0
250260,2,1,0,0,0,0,0,0,0,0,0,0
250261,1,1,0,0,0,0,0,0,0,0,0,0
250262,1,1,19,19,19,19,19,19,19,19,19,19
250263,1,1,4,4,4,4,4,4,4,4,4,4
250265,1,1,0,0,0,0,0,0,0,0,0,0
250266,1,1,0,0,0,0,0,0,0,0,0,0
250267,1,1,7,7,7,7,7,7,7,7,7,7
250268,1,1,24,24,24,24,24,24,24,24,24,24
250269,1,1,0,0,0,0,0,0,0,0,0,0
250269,2,1,0,0,0,0,0,0,0,0,0,0
250270,1,1,16,16,16,16,16,16,16,16,16,16
250271,1,1,13,13,13,13,13,13,13,13,13,13
250271,2,1,0,0,0,0,0,0,0,0,0,0
250271,3,1,0,0,0,0,0,0,0,0,0,0
250272,0,1,0,0,0,0,0,0,0,0,0,0
250272,1,1,21,0,0,0,0,13,0,0,16,16
250273,2,1,19,19,19,19,19,19,19,19,19,19
250274,1,1,0,0,0,0,0,0,0,0,0,0
250274,2,1,0,0,11,0,0,0,0,0,0,0
250275,1,1,0,0,0,0,0,12,0,0,0,0
250276,1,1,17,17,17,17,17,17,17,17,17,17
250277,1,1,0,0,0,0,0,0,0,0,0,0
250277,2,1,0,0,0,6,0,0,0,28,0,0
250278,0,1,0,0,0,0,0,0,0,0,0,0
250278,1,1,0,0,0,6,0,23,38,0,0,0
250279,1,1,0,0,0,0,0,0,0,0,0,0
250279,2,1,0,0,18,0,0,0,0,0,0,0
250280,1,1,0,0,6,0,0,0,0,0,0,0
250281,0,1,0,0,0,0,0,0,0,0,0,0
250281,1,1,0,0,0,0,0,0,0,0,0,0
250282,1,1,0,0,0,0,0,0,0,0,0,0
250283,1,1,3,3,3,3,3,3,3,3,3,3
250283,2,1,0,0,0,0,0,0,0,0,0,0