ST_CASE,VEH_NO,PER_NO,P1,P2,P3,P4,P5,P6,P7,P8,P9,P10
250284,0,1,0,0,0,0,0,0,0,0,0,0
250284,1,1,0,0,0,0,12,0,0,0,0,0
250285,1,1,0,0,13,0,0,0,0,0,0,0
250285,2,1,0,0,0,0,0,0,0,0,0,0
250286,0,1,14,14,14,14,14,14,14,14,14,14
250286,0,2,0,21,24,0,26,15,0,0,17,0
250286,2,1,14,0,0,0,16,29,0,0,0,0
250287,1,1,15,15,15,15,15,15,15,15,15,15
250287,2,1,0,0,17,18,0,6,0,4,14,9
250288,1,1,0,0,0,0,0,0,0,0,0,0
250288,2,1,0,0,0,0,23,12,0,13,0,0
250289,0,1,0,0,0,0,0,0,0,0,0,0
250289,1,1,0,0,0,0,0,0,0,0,0,0
250291,1,1,0,0,0,0,0,0,0,0,0,0
250291,2,1,0,0,0,0,0,17,14,0,22,0
250292,1,1,0,0,0,0,0,0,0,0,0,0
250293,0,1,20,20,20,20,20,20,20,20,20,20
250293,1,1,0,0,0,27,0,0,0,0,0,0
250294,0,1,30,30,30,30,30,30,30,30,30,30
250294,1,1,0,0,0,0,0,0,0,0,0,0
250294,2,1,0,0,0,0,0,7,0,0,0,0
250294,3,1,0,19,0,0,0,0,0,0,0,0
250295,0,1,9,9,9,9,9,9,9,9,9,9
250295,1,1,0,0,18,0,0,0,0,0,0,0
250295,2,1,0,0,0,25,0,7,0,0,0,0
250296,1,1,0,0,0,0,0,0,0,0,0,0
250296,2,1,0,19,0,0,14,0,0,0,0,0
250297,1,1,41,41,41,41,41,41,41,41,41,41
250298,1,1,23,23,23,23,23,23,23,23,23,23
250299,0,1,0,0,0,0,0,0,0,0,0,0
250299,0,2,0,0,0,0,0,0,0,0,13,0
250299,1,1,0,0,0,0,0,0,0,0,0,0
250299,2,1,0,0,0,7,0,0,0,0,0,0
250300,1,1,27,0,0,20,0,0,0,0,0,0
250301,1,1,18,18,18,18,18,18,18,18,18,18
250302,0,1,0,0,0,0,0,0,0,0,0,0
250302,1,1,0,10,0,0,0,0,0,0,0,6
250303,0,1,0,0,0,0,0,0,0,0,0,0
250303,1,1,0,0,0,0,0,0,0,0,0,0
250306,1,1,0,0,0,0,0,0,0,0,0,0
250306,2,1,0,0,0,0,0,0,0,7,0,0
250307,1,1,0,0,0,0,0,0,0,0,0,0
250307,2,1,0,0,0,0,0,0,0,0,0,0
250307,3,1,0,0,0,0,0,0,0,0,0,0
250308,0,1,0,0,0,0,0,0,0,0,0,0
250308,1,1,0,0,0,0,0,0,0,0,0,0
250309,1,1,0,18,0,20,29,22,22,10,16,8
250309,2,1,0,0,20,18,0,23,14,0,0,0
250309,3,1,19,11,9,9,12,13,0,14,12,4
250310,1,1,0,0,0,0,0,0,10,0,0,0
250310,2,1,0,0,0,0,0,0,0,0,0,0
250310,3,1,0,0,0,0,0,0,0,0,0,0
250311,0,1,20,20,20,20,20,20,20,20,20,20
250311,1,1,0,0,0,4,0,0,26,0,0,0
250312,0,1,0,0,0,0,0,0,0,0,0,0
250312,1,1,0,0,18,0,0,0,0,0,0,0
250313,1,1,0,0,0,0,0,0,0,0,0,0
250313,2,1,0,0,0,0,0,0,0,0,0,0
250314,1,1,0,0,0,0,0,0,0,0,0,0
250315,1,1,0,0,0,0,0,0,0,0,0,0
250315,2,1,0,0,0,0,0,0,0,0,0,0
250315,3,1,0,0,0,7,0,0,14,22,0,0
250315,4,1,0,0,0,0,0,0,0,0,0,0
250315,5,1,0,0,0,0,0,0,0,0,0,0
250316,1,1,18,18,18,18,18,18,18,18,18,18
250317,0,1,0,0,0,0,0,0,0,0,0,0
250317,1,1,0,35,0,0,0,0,0,0,0,0
250318,1,1,0,24,0,0,0,0,0,0,17,0
250319,1,1,0,0,0,0,0,0,0,11,0,0
250319,2,1,0,0,0,0,0,0,0,0,0,0
250320,1,1,18,18,18,18,18,18,18,18,18,18
250321,0,1,0,0,0,0,0,0,0,0,0,0
250321,1,1,0,0,7,20,0,0,0,0,0,0
250322,0,1,0,0,0,0,0,0,0,0,0,0
250322,1,1,0,14,0,0,0,0,0,0,0,0
250323,1,1,31,31,31,31,31,31,31,31,31,31
250324,1,1,0,0,0,0,0,0,0,0,0,0
250324,2,1,0,0,10,12,17,0,0,0,0,0
250325,1,1,0,0,0,0,20,9,29,0,7,30
250325,2,1,0,0,0,0,0,0,0,0,0,0
250325,3,1,0,0,0,0,0,0,0,0,15,0
250326,0,1,0,0,0,0,0,0,0,0,0,0
250326,1,1,0,0,0,0,0,0,0,0,0,0
250327,0,1,4,4,4,4,4,4,4,4,4,4
250327,1,1,0,0,0,0,0,0,0,0,0,0
250328,0,1,0,0,0,0,0,0,0,0,0,0
250328,1,1,0,0,0,0,0,0,0,0,0,0
250329,1,1,20,27,9,7,20,17,0,24,13,18
250329,2,1,0,0,0,7,25,0,0,23,0,0
250330,0,1,0,0,0,0,0,0,0,0,0,0
250330,1,1,0,0,0,0,0,0,0,21,0,0
250331,1,1,0,0,0,0,0,0,0,0,0,0
250332,0,1,29,29,29,29,29,29,29,29,29,29
250332,1,1,0,0,26,0,0,0,0,0,10,0
250333,1,1,0,0,0,0,0,0,0,0,0,0
250333,2,1,0,0,0,0,0,0,0,0,0,0
250334,0,1,0,0,0,0,0,0,0,0,0,0
250334,1,1,0,0,0,0,0,11,0,0,0,0
250334,2,1,0,0,0,0,0,0,0,0,0,13
250335,1,1,0,0,0,0,0,0,0,0,0,0
250336,1,1,12,12,12,12,12,12,12,12,12,12
250337,1,1,0,0,0,0,0,0,0,0,0,0
250337,2,1,0,0,0,0,0,0,0,0,0,0
250337,3,1,0,0,0,0,0,0,0,0,0,0
250338,1,1,19,0,0,0,0,0,0,0,0,0
250338,2,1,0,0,0,0,0,0,0,0,0,0
250338,3,1,0,0,0,0,0,0,0,0,12,0
250339,1,1,0,0,0,0,0,0,0,0,0,0
250340,1,1,0,0,0,0,0,0,0,0,0,0
250340,2,1,12,0,0,0,0,0,0,0,0,0
250340,3,1,0,0,0,0,0,0,0,0,0,0
250341,1,1,0,0,0,0,0,0,0,0,0,0
250341,2,1,0,0,0,0,0,0,0,0,0,0
250342,1,1,0,0,0,0,0,0,0,0,0,0
250342,2,1,0,0,0,0,0,0,0,0,0,0
250343,1,1,26,26,26,26,26,26,26,26,26,26
250345,1,1,0,0,0,0,0,0,0,0,0,0
250345,2,1,0,0,0,0,0,0,0,0,0,0
250345,3,1,0,0,0,0,0,0,0,0,0,0
250347,1,1,0,0,0,0,0,0,0,0,0,0
250348,0,1,0,0,0,0,0,0,0,0,0,0
250348,0,2,0,0,0,0,0,18,0,16,0,0
250348,1,1,0,0,0,0,0,0,0,0,0,0
250349,0,1,0,0,0,0,0,0,2,0,0,0
250349,1,1,0,0,0,0,0,0,0,0,0,0
250350,1,1,0,0,0,0,0,0,0,0,0,0
250351,0,1,0,0,0,0,0,0,0,0,0,0
250351,1,1,0,0,0,0,0,0,0,0,0,0
250352,1,1,0,11,12,0,0,19,0,17,0,0
250353,1,1,18,10,0,16,2,29,0,11,18,22
260001,1,1,20,20,20,20,20,20,20,20,20,20
260002,1,1,0,0,0,0,0,0,0,0,0,0
260002,2,1,0,0,0,0,0,0,0,0,0,0
260003,1,1,0,0,0,0,0,0,0,0,0,0
260003,2,1,0,0,0,0,0,0,0,0,12,0
260004,1,1,21,21,21,21,21,21,21,21,21,21
260004,2,1,18,7,37,19,16,17,26,11,18,0
260005,1,1,11,0,0,0,0,0,0,19,0,0
260005,2,1,10,8,0,0,0,0,0,0,0,0
260006,0,1,0,0,0,20,0,0,0,0,0,0
260006,1,1,0,0,0,0,0,0,0,0,0,0
260006,2,1,0,0,0,0,0,0,0,0,0,0
260007,1,1,0,0,0,0,0,0,0,0,0,0
260008,1,1,13,13,13,13,13,13,13,13,13,13
260009,1,1,0,0,6,0,12,0,0,22,0,19
260009,2,1,0,0,0,0,0,0,0,0,0,0
260010,1,1,15,15,15,15,15,15,15,15,15,15
260011,1,1,0,0,0,0,0,0,0,0,0,0
260011,2,1,0,0,0,0,0,0,0,0,0,0
260012,1,1,0,0,0,0,0,0,0,0,0,0
260012,2,1,0,0,0,0,0,0,0,0,0,0
260012,3,1,0,0,0,0,0,0,0,0,0,0
260013,1,1,0,0,0,0,0,0,0,0,0,0
260013,2,1,0,0,0,0,0,0,0,0,0,0
260014,1,1,20,14,11,23,0,17,36,8,15,14
260014,2,1,0,0,0,0,0,0,0,0,0,0
260015,1,1,0,0,0,0,0,0,0,0,0,0
260015,2,1,0,0,0,0,0,0,0,0,0,0
260016,0,1,0,0,0,0,0,0,0,0,0,0
260016,1,1,0,0,0,0,0,0,0,0,0,0
260017,1,1,0,0,0,0,18,0,0,0,0,0
260017,2,1,0,0,0,0,0,0,0,0,0,0
260018,1,1,0,0,0,0,0,0,0,0,0,0
260019,1,1,0,0,12,0,0,0,0,27,0,26
260020,1,1,0,0,0,0,0,0,0,0,0,0
260021,1,1,1,1,1,1,1,1,1,1,1,1
260021,2,1,0,0,0,0,0,0,0,0,0,0
260022,1,1,9,9,9,9,9,9,9,9,9,9
260023,1,1,0,0,0,0,0,0,0,0,19,0
260024,1,1,0,0,0,0,0,0,0,0,0,0
260025,1,1,0,0,0,0,0,0,0,0,0,0
260025,2,1,0,0,0,0,0,0,0,0,0,0
260026,1,1,18,18,18,18,18,18,18,18,18,18
260027,1,1,0,0,0,0,0,0,0,0,0,0
260027,2,1,0,0,0,0,0,0,0,0,0,0
260028,1,1,0,0,0,0,0,0,0,0,0,0
260029,1,1,7,7,7,7,7,7,7,7,7,7
260030,1,1,31,31,31,31,31,31,31,31,31,31
260030,2,1,0,0,0,0,0,0,0,0,0,0
260031,0,1,19,19,19,19,19,19,19,19,19,19
260031,1,1,0,0,0,0,0,0,0,0,0,0
260032,0,1,0,0,0,40,0,0,0,0,13,0
260032,1,1,0,0,0,0,0,0,0,0,0,0
260033,1,1,0,0,0,0,0,0,0,0,0,0
260033,2,1,0,0,0,0,0,0,0,0,0,0
260034,1,1,0,0,0,0,0,0,0,0,0,0
260034,2,1,0,0,0,0,0,0,0,0,0,0
260035,0,1,38,38,38,38,38,38,38,38,38,38
260035,1,1,2,2,2,2,2,2,2,2,2,2
260036,1,1,0,0,0,0,0,0,0,0,0,0
260036,2,1,0,0,0,0,0,0,0,0,0,0
260037,1,1,0,0,0,0,0,0,0,0,0,0
260037,2,1,0,0,0,0,0,0,0,0,0,0
260038,1,1,16,16,16,16,16,16,16,16,16,16
260038,2,1,0,0,0,0,0,0,0,0,0,0
260039,0,1,26,29,7,37,16,9,0,40,38,19
260039,1,1,6,6,6,6,6,6,6,6,6,6
260040,0,1,0,0,0,0,0,0,0,0,10,0
260040,0,2,0,0,0,0,0,0,0,0,0,0
260040,1,1,0,0,0,0,0,0,0,0,0,0
260041,1,1,0,0,12,0,27,0,0,0,0,0
260041,2,1,0,0,0,0,0,0,0,0,0,0
260042,1,1,27,27,27,27,27,27,27,27,27,27
260043,1,1,0,0,0,0,0,0,17,0,0,0
260043,2,1,0,0,0,0,0,0,0,0,0,0
260044,1,1,22,15,0,0,0,0,0,0,0,0
260045,1,1,4,4,4,4,4,4,4,4,4,4
260046,1,1,0,0,0,0,0,0,0,0,0,0
260046,2,1,0,0,0,0,0,0,0,0,0,0
260046,3,1,0,0,0,0,18,0,0,0,0,0
260047,0,1,0,0,10,0,0,6,0,0,0,0
260047,1,1,0,0,0,0,0,0,0,0,0,0
260048,1,1,0,0,0,0,0,0,0,0,0,0
260048,2,1,0,0,0,0,0,0,0,0,0,0
260049,1,1,27,27,27,27,27,27,27,27,27,27
260049,2,1,0,0,0,0,0,0,0,0,0,0
260050,1,1,16,16,16,16,16,16,16,16,16,16
260050,2,1,0,0,0,0,0,0,0,0,0,0
260050,3,1,0,0,0,0,0,0,0,0,0,0
260051,1,1,20,20,20,20,20,20,20,20,20,20
260052,0,1,0,0,0,0,0,0,0,0,0,0
260052,1,1,0,0,0,0,0,0,0,0,0,0
260053,0,1,0,0,0,0,0,7,0,0,0,0
260053,1,1,0,0,0,0,0,0,0,0,0,0
260054,1,1,0,0,0,0,0,0,0,0,0,0
260055,1,1,0,0,0,0,0,0,0,11,0,27
260055,2,1,0,0,0,0,0,0,0,0,0,0
260056,1,1,0,0,0,0,0,0,0,0,0,0
260056,2,1,0,0,0,0,0,0,0,0,0,0
260056,3,1,0,0,0,0,0,0,0,0,0,0
260057,1,1,0,0,0,0,0,0,0,0,0,0
260059,0,1,0,21,0,0,0,20,0,38,9,0
260059,1,1,20,13,0,0,6,7,0,0,31,0
260060,1,1,0,0,0,0,0,0,0,0,0,0
260061,0,1,0,0,7,0,0,0,0,0,0,0
260061,1,1,0,15,0,0,4,0,0,0,0,0
260062,1,1,0,0,0,0,0,0,0,0,0,0
260063,1,1,0,0,0,0,0,0,0,0,0,0
260063,2,1,0,0,6,0,0,0,0,0,0,13
260064,1,1,9,9,9,9,9,9,9,9,9,9
260064,2,1,0,0,0,0,0,0,0,0,0,0
260065,0,1,0,0,0,0,0,0,0,0,0,0
260065,1,1,0,0,0,0,0,0,0,0,0,0
260066,2,1,0,0,0,0,0,0,0,0,0,0
260067,0,1,18,18,18,18,18,18,18,18,18,18
260067,1,1,0,28,0,0,0,0,0,0,0,0
260068,0,1,0,0,0,0,0,0,0,0,0,0
260068,1,1,0,0,0,28,0,0,0,0,0,0
260069,1,1,0,0,8,7,0,0,0,0,0,0
260070,1,1,0,0,0,0,0,0,0,0,0,0
260071,1,1,11,15,0,0,0,18,0,9,0,7
260072,0,1,20,0,0,0,0,0,0,0,0,0
260072,1,1,0,15,0,17,0,0,0,0,0,0
260073,1,1,19,19,19,19,19,19,19,19,19,19
260074,1,1,0,0,0,0,0,0,0,0,0,0
260074,2,1,0,0,0,0,0,0,0,0,0,0
260075,1,1,0,0,0,0,0,0,0,0,0,0
260075,2,1,0,0,0,0,0,0,0,0,0,0
260075,3,1,0,0,3,0,0,0,0,0,0,0
260076,1,1,18,29,18,16,25,13,15,13,16,9
260077,1,1,0,0,0,0,0,0,0,0,0,0
260077,2,1,0,0,0,0,0,0,30,0,0,0
260078,1,1,0,0,0,0,0,0,0,0,0,0
260078,2,1,0,0,0,0,0,0,0,0,0,0
260078,3,1,0,0,0,0,0,0,0,0,0,0
260079,2,1,0,0,0,0,8,0,0,0,0,0
260080,1,1,25,25,25,25,25,25,25,25,25,25
260080,2,1,0,0,0,0,0,0,0,0,0,0
260081,1,1,0,0,0,0,0,0,0,0,0,0
260082,1,1,0,0,0,0,0,0,0,0,0,0
260082,2,1,0,0,0,0,0,0,0,0,0,0
260083,1,1,17,13,21,12,22,20,12,18,0,16
260083,2,1,10,10,10,10,10,10,10,10,10,10
260084,1,1,0,0,0,0,0,0,0,0,0,0
260085,1,1,25,25,25,25,25,25,25,25,25,25
260085,2,1,0,0,0,0,0,0,30,0,0,0
260085,3,1,8,0,27,0,15,0,23,0,0,0
260086,1,1,23,23,23,23,23,23,23,23,23,23
260087,1,1,0,0,0,0,0,0,0,0,0,0
260087,2,1,1,1,1,1,1,1,1,1,1,1
260088,1,1,16,16,16,16,16,16,16,16,16,16
260088,2,1,0,0,25,0,0,0,0,0,0,0
260089,1,1,0,0,0,0,0,0,0,0,0,0
260090,1,1,18,18,18,18,18,18,18,18,18,18
260091,0,1,0,0,0,0,0,0,0,0,0,0
260091,1,1,0,0,0,0,0,0,0,0,0,0
260092,0,1,29,29,29,29,29,29,29,29,29,29
260092,1,1,0,0,0,0,0,0,0,0,0,0
260093,1,1,0,0,0,0,0,0,0,0,0,0
260093,2,1,0,0,0,0,0,0,0,0,0,19
260093,3,1,0,0,0,0,0,0,0,0,9,0
260094,0,1,22,22,22,22,22,22,22,22,22,22
260094,1,1,5,5,5,5,5,5,5,5,5,5
260095,1,1,13,13,13,13,13,13,13,13,13,13
260096,1,1,21,21,21,21,21,21,21,21,21,21
260097,1,1,0,0,0,0,0,0,0,0,0,0
260097,2,1,0,0,0,0,0,0,0,0,0,0
260098,1,1,0,0,0,0,0,0,0,0,0,0
260098,2,1,0,0,0,0,0,16,0,0,0,0
260099,1,1,0,0,0,0,0,0,0,0,0,0
260100,1,1,0,0,0,0,10,14,0,19,7,0
260102,1,1,0,0,0,0,0,0,0,0,0,0
260103,1,1,0,0,0,0,0,0,0,0,0,0
260104,1,1,16,16,16,16,16,16,16,16,16,16
260104,2,1,0,0,0,0,0,0,0,0,0,0
260105,1,1,4,4,4,4,4,4,4,4,4,4
260105,2,1,0,0,0,0,0,0,0,0,0,0
260106,0,1,0,0,0,0,0,0,0,0,0,0
260106,1,1,0,0,0,0,0,0,0,0,0,0
260107,0,1,17,17,17,17,17,17,17,17,17,17
260107,1,1,0,0,0,0,0,0,0,0,0,0
260109,0,1,0,0,0,0,0,30,0,0,0,0
260109,1,1,0,0,0,0,0,0,0,0,30,0
260110,0,1,31,0,0,0,0,17,0,27,21,0
260110,1,1,0,0,0,0,0,0,0,0,0,0
260111,0,1,16,16,16,16,16,16,16,16,16,16
260111,1,1,0,0,0,0,0,0,0,0,0,0
260112,0,1,0,0,0,0,0,0,0,0,0,0
260112,1,1,3,3,3,3,3,3,3,3,3,3
260113,1,1,0,0,0,0,0,0,0,0,0,0
260113,2,1,0,0,0,0,0,0,0,0,0,0
260114,1,1,0,0,0,0,0,0,0,0,0,0
260114,2,1,0,0,0,0,0,0,0,0,0,0
260115,1,1,0,0,0,0,0,0,0,0,0,0
260115,2,1,28,0,16,0,0,0,0,0,0,0
260116,1,1,0,0,0,0,0,0,0,0,0,0
260116,2,1,0,0,0,0,0,0,0,0,0,0
260117,1,1,33,33,33,33,33,33,33,33,33,33
260118,0,1,0,0,0,0,0,0,0,0,0,0
260118,1,1,0,0,0,0,0,0,0,0,0,0
260119,1,1,12,12,12,12,12,12,12,12,12,12
260119,2,1,0,0,0,0,0,0,0,13,0,0
260120,0,1,25,25,25,25,25,25,25,25,25,25
260120,1,1,0,0,0,0,5,0,0,0,0,0
260121,1,1,21,21,21,21,21,21,21,21,21,21
260121,2,1,0,9,12,0,0,0,0,0,0,0
260121,3,1,0,0,0,0,0,0,0,0,0,0
260121,4,1,0,0,0,0,0,0,0,0,0,0
260121,5,1,0,0,0,0,5,11,0,0,0,0
260122,1,1,0,0,0,0,0,26,0,12,0,0
260122,2,1,0,0,0,0,0,0,0,0,0,0
260123,1,1,0,0,0,0,0,0,0,0,0,9
260123,2,1,0,0,0,0,0,0,0,0,0,0
260123,3,1,0,0,0,0,0,0,0,0,0,0
260124,1,1,0,0,0,0,0,0,0,0,0,0
260124,2,1,0,0,0,0,0,0,0,0,0,0
260124,3,1,0,0,0,0,0,0,0,0,0,0
260125,1,1,0,0,0,0,0,0,0,0,0,0
260125,2,1,0,0,0,0,0,0,0,0,0,0
260126,1,1,0,0,0,0,0,0,0,0,0,0
260126,2,1,0,0,0,0,0,0,0,0,0,0
260127,0,1,38,38,38,38,38,38,38,38,38,38
260127,1,1,0,0,0,0,0,0,0,0,0,0
260128,1,1,0,0,0,0,0,0,0,0,0,0
260128,2,1,0,0,0,0,0,0,0,0,0,0
260129,1,1,0,0,0,9,0,0,0,11,0,0
260130,1,1,0,0,0,0,2,0,0,0,0,0
260130,2,1,0,0,0,0,0,0,0,0,0,0
260130,3,1,0,0,0,0,0,0,0,0,0,0
260131,0,1,6,6,6,6,6,6,6,6,6,6
260131,1,1,0,0,0,0,0,0,0,0,0,0
260132,0,1,0,0,0,0,0,0,0,0,0,0
260132,1,1,0,0,0,0,0,0,0,0,0,0
260133,1,1,0,0,0,0,0,0,0,0,0,0
260134,1,1,9,9,9,9,9,9,9,9,9,9
260134,2,1,0,0,0,0,0,0,0,0,0,0
260135,1,1,0,0,0,0,0,0,0,0,0,0
260135,2,1,0,0,0,0,0,0,0,0,0,0
260136,1,1,19,19,19,19,19,19,19,19,19,19
260137,1,1,7,0,10,12,27,24,29,9,11,12
260137,2,1,0,0,0,0,0,0,0,0,0,0
260137,3,1,0,20,0,0,0,0,0,0,0,0
260138,1,1,0,0,0,0,0,0,0,0,0,0
260138,2,1,0,0,8,0,0,0,0,0,0,0
260139,1,1,0,0,0,0,0,19,12,0,0,0
260139,2,1,18,18,18,18,18,18,18,18,18,18
260140,1,1,4,4,4,4,4,4,4,4,4,4
260140,2,1,0,0,0,23,0,0,0,22,0,0
260141,0,1,0,0,0,0,16,0,0,0,0,0
260141,1,1,0,0,0,0,0,0,0,0,0,0
260142,1,1,15,15,15,15,15,15,15,15,15,15
260143,1,1,0,0,0,0,17,0,0,0,0,22
260144,0,1,29,29,29,29,29,29,29,29,29,29
260144,1,1,0,0,0,0,0,0,0,0,0,0
260145,1,1,0,0,0,0,0,0,0,0,0,0
260145,2,1,0,0,0,0,0,0,0,0,0,0
260146,1,1,0,0,0,0,0,0,0,0,0,0
260146,2,1,0,0,0,0,0,0,0,0,0,0
260147,1,1,0,0,0,0,0,0,0,0,0,0
260147,2,1,0,0,0,0,0,0,0,0,0,0
260148,0,1,21,21,7,20,18,30,17,11,26,7
260148,1,1,1,1,1,1,1,1,1,1,1,1
260149,1,1,17,17,17,17,17,17,17,17,17,17
260150,1,1,0,0,0,0,0,0,0,0,0,0
260150,2,1,0,0,0,0,0,0,0,0,0,0
260151,1,1,0,0,0,0,0,0,0,0,0,0
260152,1,1,0,0,0,0,0,0,11,0,0,0
260152,2,1,0,0,0,0,24,0,0,0,0,0
260153,0,1,0,0,0,0,0,0,0,13,0,0
260153,1,1,0,0,0,0,0,0,0,0,0,0
260154,1,1,0,0,0,0,0,0,0,0,0,0
260154,2,1,0,0,0,0,0,0,0,0,0,0
260155,1,1,12,12,12,12,12,12,12,12,12,12
260155,2,1,0,0,0,0,0,0,0,0,0,0
260156,1,1,12,24,9,12,21,17,10,12,16,12
260156,2,1,1,1,1,1,1,1,1,1,1,1
260157,1,1,0,0,0,0,0,0,0,0,0,0
260157,2,1,0,0,0,0,0,0,0,0,0,0
260158,1,1,0,0,0,0,0,0,0,0,0,0
260158,2,1,0,0,0,0,0,0,0,0,0,0
260159,0,1,0,0,0,0,0,0,0,0,0,10
260159,1,1,0,0,0,0,0,0,0,0,0,0
260160,1,1,0,0,0,0,0,0,0,0,0,0
260160,2,1,0,0,0,0,0,0,0,0,0,0
260161,1,1,33,8,14,2,11,8,12,23,22,23
260162,1,1,2,2,2,2,2,2,2,2,2,2
260163,1,1,0,0,0,0,0,29,0,0,0,18
260163,2,1,0,0,0,0,15,0,0,0,0,0
260164,1,1,6,6,6,6,6,6,6,6,6,6
260165,1,1,0,0,0,0,0,0,0,0,0,0
260165,2,1,0,0,0,0,19,0,0,0,0,0
260166,1,1,0,0,0,0,0,0,0,0,0,0
260167,1,1,8,18,9,0,14,15,13,21,38,10
260168,1,1,0,0,0,0,0,0,0,0,0,0
260169,1,1,9,9,9,9,9,9,9,9,9,9
260169,2,1,0,0,0,0,9,0,0,0,0,13
260169,3,1,0,0,0,0,0,0,0,0,0,0
260170,1,1,10,33,0,37,23,23,13,0,14,33
260171,1,1,0,0,0,0,0,0,0,0,0,0
260171,2,1,0,0,0,0,0,0,0,0,0,0
260172,1,1,0,0,0,0,0,0,0,0,0,0
260172,2,1,0,0,0,0,0,0,0,0,0,0
260173,1,1,0,0,0,0,0,0,0,0,0,0
260173,2,1,0,0,0,0,0,0,0,0,0,0
260174,1,1,15,15,15,15,15,15,15,15,15,15
260175,1,1,11,25,15,25,21,11,19,0,22,15
260175,2,1,0,0,0,0,0,0,0,0,0,0
260175,3,1,0,26,0,0,0,0,0,0,0,0
260176,1,1,0,0,0,0,0,0,16,0,0,0
260176,2,1,0,0,0,0,0,0,0,0,36,0
260177,1,1,0,0,0,0,0,0,0,0,0,0
260178,1,1,24,24,24,24,24,24,24,24,24,24
260179,1,1,0,0,0,0,0,0,0,0,0,0
260179,2,1,0,0,0,0,0,0,15,0,0,0
260180,1,1,0,0,0,0,0,0,0,0,0,0
260180,2,1,0,0,0,0,0,0,0,0,0,0
260181,0,1,0,0,0,0,0,0,0,0,0,0
260181,0,2,0,0,0,0,0,0,0,7,0,0
260181,1,1,0,0,0,0,0,0,0,0,0,0
260181,2,1,0,0,0,0,0,0,0,0,0,0
260182,0,1,0,0,0,0,0,0,0,0,0,0
260183,0,1,0,0,0,0,0,9,0,0,0,0
260183,1,1,0,0,0,0,0,0,0,0,0,0
260184,1,1,0,0,0,0,0,0,0,0,0,0
260184,2,1,0,0,0,0,0,0,0,0,0,0
260185,1,1,16,16,16,16,16,16,16,16,16,16
260186,0,1,21,21,21,21,21,21,21,21,21,21
260186,1,1,0,0,0,25,0,0,0,0,0,0
260187,1,1,0,0,0,0,0,0,0,0,0,0
260187,2,1,0,0,0,0,0,0,0,0,0,0
260188,1,1,4,4,4,4,4,4,4,4,4,4
260188,2,1,0,0,0,0,0,0,0,0,0,0
260189,0,1,0,0,0,0,0,0,0,0,0,0
260189,1,1,0,0,0,0,0,0,0,0,0,0
260190,1,1,0,0,0,0,0,0,0,0,0,0
260191,1,1,0,0,0,0,0,0,0,0,0,0
260191,2,1,0,0,0,0,0,0,0,0,0,0
260191,3,1,0,0,0,0,0,0,0,0,0,0
260192,1,1,2,2,2,2,2,2,2,2,2,2
260192,2,1,0,0,0,0,0,0,0,0,0,0
260193,1,1,27,27,27,27,27,27,27,27,27,27
260194,1,1,17,17,17,17,17,17,17,17,17,17
260194,2,1,11,11,11,11,11,11,11,11,11,11
260195,1,1,0,10,0,0,0,0,0,0,0,0
260195,2,1,0,0,0,15,0,0,0,0,0,0
260196,1,1,0,0,0,0,0,0,0,0,0,0
260196,2,1,0,0,0,0,0,0,0,0,0,0
260197,1,1,13,15,21,12,9,26,15,9,19,13
260198,0,1,24,0,22,18,0,0,0,0,0,0
260198,1,1,20,17,0,0,18,28,30,0,0,24
260199,1,1,0,0,0,0,0,0,0,0,0,0
260199,2,1,0,0,0,0,0,0,0,0,0,0
260200,0,1,0,0,0,0,0,0,12,0,0,0
260200,1,1,0,0,0,0,0,0,0,0,0,0
260201,1,1,22,22,22,22,22,22,22,22,22,22
260202,1,1,35,35,35,35,35,35,35,35,35,35
260203,1,1,23,23,23,23,23,23,23,23,23,23
260203,2,1,0,0,0,0,0,0,0,0,0,0
260204,0,1,0,0,0,21,20,0,44,17,0,0
260204,1,1,0,0,0,0,0,0,0,0,0,0
260204,2,1,0,0,0,0,0,0,0,0,0,0
260205,1,1,0,0,0,0,0,0,0,0,0,0
260205,2,1,0,0,0,0,0,0,0,0,0,0
260205,3,1,0,0,0,0,0,0,0,0,0,0
260206,1,1,0,0,0,0,0,0,19,0,0,0
260206,2,1,13,13,13,13,13,13,13,13,13,13
260207,1,1,17,0,0,0,0,0,0,0,0,0
260207,2,1,2,2,2,2,2,2,2,2,2,2
260208,1,1,0,0,17,0,10,0,0,0,12,0
260209,1,1,12,12,12,12,12,12,12,12,12,12
260209,2,1,16,16,16,16,16,16,16,16,16,16
260210,0,1,14,22,0,19,22,44,13,22,21,23
260210,1,1,0,0,0,0,0,0,0,0,0,0
260210,2,1,0,0,0,0,0,0,0,0,0,0
260211,1,1,20,20,20,20,20,20,20,20,20,20
260212,1,1,4,4,4,4,4,4,4,4,4,4
260213,1,1,24,24,24,24,24,24,24,24,24,24
260214,1,1,0,0,0,0,0,0,0,0,0,0
260214,2,1,0,0,0,0,0,0,0,0,0,0