ST_CASE,VEH_NO,PER_NO,P1,P2,P3,P4,P5,P6,P7,P8,P9,P10
270140,1,1,0,0,0,0,0,0,0,0,0,0
270141,1,1,0,0,0,0,0,0,0,0,0,0
270141,2,1,0,0,0,0,0,0,0,0,0,0
270142,1,1,0,0,0,0,0,0,0,0,0,0
270142,2,1,0,0,0,0,0,0,0,0,0,0
270142,3,1,0,0,0,16,8,0,0,0,0,0
270142,4,1,0,0,0,0,0,0,0,0,0,0
270143,1,1,0,0,0,0,0,0,0,0,0,0
270143,2,1,0,0,0,0,0,0,0,0,0,0
270144,1,1,18,18,18,18,18,18,18,18,18,18
270145,1,1,26,26,26,26,26,26,26,26,26,26
270146,1,1,0,0,0,0,0,0,0,0,0,0
270146,2,1,0,0,0,0,0,0,0,0,0,0
270146,3,1,0,0,0,0,0,0,0,0,0,0
270147,1,1,7,7,7,7,7,7,7,7,7,7
270148,1,1,0,0,0,0,0,0,0,0,0,0
270148,2,1,0,0,0,0,0,0,0,0,0,0
270149,1,1,0,0,0,0,0,0,0,0,0,0
270149,2,1,0,0,0,0,0,0,0,0,0,0
270150,1,1,0,0,0,0,0,0,0,0,16,0
270151,1,1,0,0,0,0,0,0,0,0,0,0
270151,2,1,0,0,0,0,0,0,0,0,0,0
270152,0,1,0,0,0,0,0,0,0,0,0,0
270152,1,1,0,0,0,0,0,0,0,0,0,13
270153,1,1,0,0,0,0,0,0,0,0,0,0
270153,2,1,0,0,0,0,0,0,0,0,0,0
270153,3,1,0,8,10,0,0,12,19,0,0,0
270154,1,1,0,0,0,0,0,0,0,0,0,0
270154,2,1,0,0,0,0,0,0,0,0,0,0
270155,1,1,0,0,0,0,0,0,0,0,0,0
270156,1,1,0,0,0,0,0,0,0,0,0,0
270156,2,1,35,23,4,29,0,0,0,0,0,0
270157,1,1,2,2,2,2,2,2,2,2,2,2
270158,1,1,0,0,0,0,0,0,0,0,0,0
270158,2,1,9,9,9,9,9,9,9,9,9,9
270159,1,1,3,3,3,3,3,3,3,3,3,3
270160,1,1,0,0,0,0,0,0,0,0,0,0
270160,2,1,0,0,0,0,0,0,0,0,0,0
270161,0,1,25,25,25,25,25,25,25,25,25,25
270161,1,1,17,17,17,17,17,17,17,17,17,17
270162,1,1,0,0,0,0,0,0,0,0,0,0
270162,2,1,0,0,0,0,0,0,0,0,0,0
270163,1,1,0,0,0,0,0,0,0,0,0,0
270164,0,1,0,0,0,0,0,0,0,0,0,0
270164,1,1,0,24,0,0,0,0,0,0,0,0
270165,1,1,33,33,33,33,33,33,33,33,33,33
270166,1,1,6,19,5,17,27,10,18,13,7,13
270167,1,1,0,0,0,0,0,0,0,0,0,0
270167,2,1,0,0,0,0,0,0,0,0,0,0
270168,1,1,0,0,0,0,0,0,0,0,0,0
270169,1,1,0,0,0,0,0,0,0,0,0,0
270169,2,1,0,0,0,0,0,0,0,0,0,0
270171,1,1,0,0,0,0,0,0,0,0,0,0
270171,2,1,0,0,0,0,0,0,0,0,0,0
270172,1,1,0,0,0,0,0,0,0,0,0,0
270172,2,1,0,0,0,0,0,0,0,0,0,0
270174,1,1,0,15,11,0,0,0,0,0,10,0
270175,1,1,18,18,18,18,18,18,18,18,18,18
270176,1,1,0,0,0,0,0,0,0,0,0,0
270177,1,1,0,0,0,0,0,0,0,0,0,0
270178,1,1,0,0,0,0,0,0,0,0,0,0
270178,2,1,0,0,0,0,0,0,0,0,38,0
270179,1,1,0,0,0,0,0,0,0,0,0,0
270179,2,1,0,0,0,0,0,0,0,0,0,0
270180,1,1,0,0,0,0,0,0,0,0,0,0
270180,2,1,0,0,0,0,0,0,0,0,0,0
270181,1,1,20,20,20,20,20,20,20,20,20,20
270182,1,1,0,0,0,0,0,0,0,0,0,0
270182,2,1,0,0,0,0,0,0,0,0,0,0
270183,1,1,0,0,0,0,0,0,0,0,0,0
270183,2,1,0,0,0,0,0,0,0,0,0,0
270184,1,1,35,35,35,35,35,35,35,35,35,35
270184,2,1,0,0,0,26,0,0,0,0,0,0
270185,1,1,0,0,0,0,0,0,0,0,0,0
270185,2,1,0,0,0,0,0,0,0,0,0,0
270186,1,1,0,0,0,0,0,0,0,0,0,0
270187,1,1,22,22,22,22,22,22,22,22,22,22
270188,1,1,0,0,0,0,0,0,0,0,0,0
270188,2,1,0,0,0,0,0,0,0,0,0,0
270188,3,1,0,0,0,0,0,0,0,0,0,0
270188,4,1,0,0,0,0,0,9,0,0,0,0
270189,1,1,0,0,0,0,0,0,0,0,0,13
270189,2,1,0,0,0,0,0,0,0,0,0,0
270190,1,1,0,0,0,0,0,0,0,0,0,0
270191,1,1,0,0,0,0,0,0,0,0,0,0
270191,2,1,0,0,0,0,0,0,0,0,0,0
270192,1,1,16,16,16,16,16,16,16,16,16,16
270193,1,1,0,0,0,0,0,0,0,0,0,0
270194,0,1,0,0,0,0,0,0,0,0,0,0
270194,1,1,0,0,0,0,0,0,0,0,0,0
270195,1,1,0,0,0,0,0,0,0,0,0,0
270195,2,1,0,0,0,0,0,0,0,0,0,0
270196,1,1,0,0,0,0,0,0,0,0,0,0
270196,2,1,0,0,0,0,0,0,0,0,0,0
270196,3,1,0,0,0,0,0,0,0,0,0,0
270197,1,1,0,0,0,0,0,0,7,0,0,0
270198,1,1,0,0,0,0,0,0,9,0,0,0
270198,2,1,0,0,0,0,0,0,0,0,0,0
270199,1,1,26,26,26,26,26,26,26,26,26,26
270200,1,1,0,0,0,0,0,0,0,0,0,0
270200,2,1,27,27,27,27,27,27,27,27,27,27
270201,1,1,0,0,0,0,0,0,0,0,0,0
270201,2,1,0,0,0,0,0,0,0,0,0,0
270202,1,1,0,0,0,0,0,0,0,0,0,0
270202,2,1,0,0,0,0,0,0,0,0,0,0
270203,0,1,0,0,0,0,0,0,0,0,0,0
270203,1,1,0,0,21,0,9,0,6,0,0,0
270204,1,1,0,0,0,0,0,0,0,0,0,0
270205,1,1,26,26,26,26,26,26,26,26,26,26
270206,1,1,0,0,0,0,0,0,0,0,0,0
270208,0,1,24,24,24,24,24,24,24,24,24,24
270208,1,1,0,0,0,0,0,0,0,0,0,0
270209,1,1,0,0,0,0,0,14,0,15,0,0
270210,1,1,19,19,19,19,19,19,19,19,19,19
270211,1,1,0,0,0,0,0,0,0,0,18,0
270212,1,1,0,0,0,0,0,0,0,0,0,0
270212,2,1,0,0,0,0,0,0,0,0,0,0
270213,1,1,0,0,0,0,0,0,0,0,0,0
270214,1,1,21,21,21,21,21,21,21,21,21,21
270215,1,1,0,0,0,0,0,0,0,0,0,0
270215,2,1,0,0,0,0,0,0,0,0,0,0
270216,1,1,0,0,0,0,0,0,0,0,0,0
270216,2,1,0,0,0,0,0,0,0,0,0,0
270218,1,1,0,0,0,0,0,0,0,0,0,0
270218,2,1,0,0,0,0,0,0,0,0,7,0
270219,1,1,0,0,0,0,0,0,0,0,0,0
270220,1,1,0,0,0,0,0,0,0,0,0,0
270221,1,1,3,3,3,3,3,3,3,3,3,3
270221,2,1,0,0,0,0,0,0,0,0,0,0
270221,3,1,0,0,0,0,0,0,0,0,0,0
270221,4,1,0,0,0,0,0,0,0,0,0,0
270222,1,1,10,0,0,9,27,0,0,0,0,0
270223,0,1,14,14,14,14,14,14,14,14,14,14
270223,1,1,0,0,0,0,0,15,0,0,0,0
270224,1,1,0,0,0,0,0,0,0,0,0,0
270224,2,1,0,0,0,0,0,0,0,0,0,0
270225,1,1,13,13,13,13,13,13,13,13,13,13
270226,1,1,19,19,19,19,19,19,19,19,19,19
270227,1,1,0,0,0,13,0,0,0,0,0,0
270227,2,1,0,0,0,0,0,0,0,0,0,0
270228,1,1,0,0,0,0,0,0,12,0,0,0
270228,2,1,0,0,0,0,0,0,0,0,0,0
270229,1,1,0,0,0,0,0,0,0,0,0,0
270230,1,1,16,16,16,16,16,16,16,16,16,16
270231,1,1,0,0,12,0,0,0,0,0,0,0
270231,2,1,6,0,0,0,0,0,0,0,0,0
270231,3,1,0,0,0,0,0,0,0,0,0,0
270231,4,1,0,0,0,0,0,0,0,0,0,0
270231,5,1,0,0,0,0,0,0,0,0,0,0
270231,6,1,0,0,0,0,0,0,0,0,0,0
270232,1,1,0,0,0,0,0,0,0,0,0,0
270233,1,1,0,0,0,0,0,0,0,0,0,0
270233,2,1,0,0,0,0,0,0,0,0,0,0
270234,0,1,0,0,0,0,0,0,0,0,0,0
270234,1,1,0,0,0,0,0,0,0,0,0,0
270235,1,1,0,0,0,0,0,0,0,0,0,0
270236,1,1,0,0,0,0,0,0,0,0,0,0
270237,0,1,0,0,0,0,0,0,0,0,0,0
270237,0,2,0,0,0,0,0,0,0,0,0,0
270237,0,3,0,0,0,0,0,0,0,0,0,0
270237,0,4,0,0,0,0,0,0,0,0,0,0
270237,1,1,10,10,10,10,10,10,10,10,10,10
270238,1,1,0,0,0,0,0,0,0,0,0,0
270239,0,1,17,17,17,17,17,17,17,17,17,17
270239,1,1,23,0,0,0,0,23,0,0,0,0
270240,1,1,0,0,0,0,0,0,0,0,0,0
270241,1,1,0,0,0,0,0,0,0,0,0,0
270242,1,1,14,14,14,14,14,14,14,14,14,14
270243,1,1,0,21,14,12,3,27,0,9,0,0
270244,1,1,0,0,0,0,0,0,0,0,0,0
270245,1,1,0,0,0,0,0,0,0,0,0,0
270245,2,1,0,0,0,0,0,0,0,0,0,0
270245,3,1,0,0,0,0,20,0,0,0,0,0
270245,4,1,0,0,0,0,0,0,0,0,0,0
270246,1,1,0,0,0,0,0,0,0,0,0,0
270247,1,1,0,0,0,0,0,0,0,0,0,0
270247,2,1,0,0,0,0,0,0,0,0,0,0
270248,1,1,0,0,0,0,0,0,0,0,0,0
270248,2,1,0,0,0,0,0,0,0,0,0,0
270249,1,1,9,9,9,9,9,9,9,9,9,9
270250,1,1,14,14,14,14,14,14,14,14,14,14
270251,1,1,23,23,23,23,23,23,23,23,23,23
270252,1,1,0,0,0,0,0,0,0,0,0,0
270252,2,1,0,0,10,6,0,0,0,0,0,0
270253,0,1,0,0,0,0,0,0,0,0,0,0
270253,1,1,0,0,0,0,11,0,0,0,0,0
270254,1,1,12,12,12,12,12,12,12,12,12,12
270254,2,1,0,0,0,0,0,0,0,0,0,0
270255,0,1,0,0,0,0,0,0,0,0,0,0
270255,1,1,0,0,0,0,0,0,0,0,0,0
270256,1,1,0,0,0,0,0,0,0,0,0,0
270256,2,1,0,0,0,0,0,0,0,0,0,0
270257,1,1,0,0,0,0,0,0,0,0,0,0
270257,2,1,0,0,0,0,0,0,0,0,0,0
270258,1,1,28,28,28,28,28,28,28,28,28,28
270259,1,1,15,0,0,0,0,0,0,0,0,0
270259,2,1,0,0,0,0,0,0,0,0,0,0
270259,3,1,0,0,0,0,0,0,0,0,0,0
270259,4,1,0,0,0,0,16,0,0,0,0,0
270260,1,1,0,0,0,0,0,0,0,0,0,0
270260,2,1,0,0,0,0,0,0,0,0,0,0
270261,0,1,4,12,0,0,0,0,0,0,0,0
270261,1,1,0,0,0,0,0,0,0,0,0,0
270262,1,1,24,0,0,17,0,0,0,0,0,0
270262,2,1,0,0,0,0,0,0,0,0,0,0
270263,1,1,12,0,0,0,0,0,0,0,0,10
270263,2,1,0,0,0,0,0,0,0,0,21,0
270264,1,1,11,11,11,11,11,11,11,11,11,11
270265,1,1,0,0,0,0,0,0,0,0,0,0
270266,1,1,0,0,0,0,0,0,0,0,0,0
270267,1,1,0,0,0,0,0,0,4,0,0,0
270267,2,1,0,0,0,0,0,0,0,0,0,0
270268,1,1,0,0,0,0,0,0,0,0,0,0
270268,2,1,0,0,0,0,0,0,0,0,0,0
270269,1,1,0,0,0,5,0,0,0,0,0,0
270269,2,1,0,0,0,0,0,0,0,0,0,0
270269,3,1,0,0,0,0,0,0,0,0,0,0
270270,1,1,24,24,24,24,24,24,24,24,24,24
270271,0,1,10,10,10,10,10,10,10,10,10,10
270271,1,1,0,7,0,12,0,0,0,0,0,11
270272,1,1,0,0,0,0,0,0,0,0,0,0
270272,2,1,0,0,0,0,0,0,0,0,0,0
270273,1,1,0,0,0,0,0,0,18,0,0,0
270273,2,1,0,0,0,0,0,0,0,0,0,0
270274,1,1,0,0,0,0,0,0,0,0,0,0
270275,1,1,0,0,0,0,0,0,0,0,0,0
270275,2,1,0,0,0,0,0,0,0,0,0,0
270276,0,1,0,0,0,0,0,0,0,0,0,0
270276,1,1,0,0,0,0,0,0,0,0,0,0
270277,0,1,13,13,13,13,13,13,13,13,13,13
270277,1,1,0,0,0,0,0,0,0,0,0,0
270278,1,1,0,0,0,0,0,0,0,0,0,0
270278,2,1,0,0,0,0,0,0,0,0,0,0
270279,1,1,0,0,0,0,0,0,0,0,0,15
270279,2,1,0,0,0,0,0,0,0,0,0,0
270280,0,1,0,0,0,0,0,0,0,0,0,0
270280,1,1,0,0,0,0,0,0,0,0,0,0
270281,0,1,0,0,0,0,0,0,0,0,0,0
270281,1,1,0,0,0,0,0,0,0,0,0,0
270282,1,1,0,0,0,0,0,0,0,0,0,0
270282,2,1,0,0,0,0,0,0,0,0,0,0
270282,3,1,0,0,0,0,0,0,0,0,0,0
270283,0,1,25,25,25,25,25,25,25,25,25,25
270283,1,1,0,0,0,0,0,0,0,0,0,0
270284,1,1,0,0,0,0,0,0,0,0,0,0
270285,1,1,0,0,0,0,0,0,0,0,0,0
270285,2,1,0,0,0,0,0,0,0,0,0,0
270286,1,1,17,17,17,17,17,17,17,17,17,17
270286,2,1,0,0,0,0,0,0,0,0,0,0
270287,1,1,0,0,0,0,0,0,0,0,0,0
270288,0,1,0,0,0,0,0,0,0,0,0,0
270288,1,1,0,0,0,0,0,0,0,0,0,0
270289,1,1,0,0,0,0,0,0,0,0,0,10
270289,2,1,0,0,0,0,0,0,0,0,0,0
270290,0,1,0,0,0,0,0,0,0,0,0,0
270290,1,1,0,0,0,0,0,0,0,0,0,0
270291,1,1,0,0,0,0,0,0,0,0,0,0
270291,2,1,0,0,0,0,0,0,0,0,0,0
270292,1,1,21,21,21,21,21,21,21,21,21,21
270293,1,1,0,0,0,0,0,0,0,0,0,0
270294,1,1,0,0,0,0,0,0,0,0,0,0
270294,2,1,0,0,0,0,0,0,0,0,0,0
270294,3,1,0,0,0,0,0,0,13,0,0,0
270294,4,1,0,0,0,0,0,0,0,0,0,0
270295,1,1,0,0,0,0,0,0,0,0,0,0
270295,2,1,0,0,0,0,0,0,0,0,0,0
270296,1,1,8,8,8,8,8,8,8,8,8,8
270297,1,1,2,2,2,2,2,2,2,2,2,2
270297,2,1,0,0,0,0,0,0,0,0,0,0
270298,1,1,0,0,0,0,0,0,0,0,0,0
270298,2,1,0,0,0,0,0,0,0,0,0,0
270299,1,1,0,0,0,0,0,0,0,0,0,0
270299,2,1,0,0,0,0,0,0,0,0,0,0
270300,1,1,0,0,0,0,0,0,0,0,0,0
270301,1,1,25,25,25,25,25,25,25,25,25,25
270302,0,1,5,5,5,5,5,5,5,5,5,5
270302,1,1,1,1,1,1,1,1,1,1,1,1
270303,1,1,0,0,0,0,0,0,0,0,0,0
270303,2,1,0,0,0,0,0,0,0,0,0,0
270305,1,1,0,0,0,0,0,0,0,0,0,0
270305,2,1,6,0,0,0,0,0,0,0,0,0
270306,0,1,2,2,2,2,2,2,2,2,2,2
270306,1,1,0,0,0,0,0,0,0,0,0,0
270308,1,1,0,0,0,0,0,0,0,0,0,0
270309,1,1,21,21,21,21,21,21,21,21,21,21
270309,2,1,0,0,0,0,0,0,0,0,0,0
270310,1,1,0,0,0,0,0,0,0,0,0,0
270310,2,1,0,0,0,0,0,0,0,0,0,0
270311,1,1,19,19,19,19,19,19,19,19,19,19
270311,2,1,0,0,0,0,0,0,0,0,0,0
270312,1,1,0,0,0,0,0,0,0,0,0,0
270312,2,1,0,0,0,0,0,0,0,0,0,0
270313,0,1,0,0,0,0,0,0,0,0,0,0
270313,1,1,13,0,23,36,0,0,0,0,31,24
270314,1,1,6,6,6,6,6,6,6,6,6,6
270314,2,1,12,12,12,12,12,12,12,12,12,12
270315,1,1,0,0,0,0,0,0,0,0,0,0
270315,2,1,0,0,63,0,0,0,7,0,0,0
270316,1,1,0,0,0,0,0,0,0,0,0,0
270317,1,1,0,0,0,0,0,0,0,0,0,0
270317,2,1,0,0,0,0,0,0,0,0,0,0
270318,1,1,17,17,17,17,17,17,17,17,17,17
270319,1,1,0,0,0,0,0,0,0,0,0,0
270319,2,1,0,0,0,0,0,0,0,0,0,0
270320,1,1,0,0,0,0,0,0,0,0,0,0
270320,2,1,0,0,0,0,0,0,0,0,0,0
270321,1,1,26,26,26,26,26,26,26,26,26,26
270322,1,1,0,0,0,0,0,0,0,0,0,0
270322,2,1,0,0,0,0,0,0,0,0,0,0
270323,1,1,0,0,0,0,30,0,0,0,0,0
270324,1,1,0,0,0,0,0,0,0,0,0,0
270325,0,1,0,0,0,0,0,0,0,0,0,0
270325,1,1,0,0,0,0,0,0,0,0,0,0
270326,1,1,0,0,0,0,0,0,0,0,0,0
270326,2,1,0,0,0,0,0,0,0,0,0,0
270327,1,1,0,0,0,0,0,0,0,0,0,0
270327,2,1,13,13,13,13,13,13,13,13,13,13
270328,1,1,0,0,0,0,0,0,0,0,0,0
270328,2,1,0,0,0,0,11,0,0,0,0,0
270329,1,1,2,2,2,2,2,2,2,2,2,2
270330,1,1,0,0,0,0,0,0,0,0,0,0
270330,2,1,0,0,7,0,0,0,0,0,0,0
270331,1,1,0,0,0,0,0,0,0,0,0,0
270332,1,1,0,0,0,0,0,0,0,0,0,0
270332,2,1,0,0,0,0,0,0,0,0,0,0
270333,1,1,3,3,3,3,3,3,3,3,3,3
270333,2,1,0,0,0,0,0,0,0,0,0,0
270334,1,1,0,0,0,11,0,0,0,0,0,0
270334,2,1,0,0,0,0,0,0,0,0,0,0
270335,1,1,0,0,0,0,0,0,0,0,0,0
270336,1,1,0,0,0,0,0,0,0,0,0,0
270336,2,1,0,6,0,0,0,0,0,30,0,0
270337,1,1,12,12,12,12,12,12,12,12,12,12
270337,2,1,0,0,0,0,0,0,0,0,0,0
270338,1,1,0,0,0,0,0,0,0,0,0,0
270339,1,1,24,24,24,24,24,24,24,24,24,24
270340,1,1,0,0,0,0,0,0,0,0,0,0
270341,0,1,0,0,0,0,0,0,0,0,0,0
270341,1,1,0,0,0,0,0,0,0,0,0,0
270342,0,1,6,9,4,31,21,0,11,12,19,19
270342,1,1,0,0,0,0,0,0,0,0,0,0
270343,1,1,0,0,17,0,0,0,0,0,0,0
270343,2,1,0,0,0,0,0,0,0,0,0,0
270344,1,1,0,0,0,0,0,0,0,0,0,0
270344,2,1,0,0,0,0,0,0,0,0,0,0
270345,1,1,0,14,27,42,4,0,0,0,0,0
270345,2,1,0,0,0,0,0,27,0,0,0,0
270345,3,1,0,26,12,0,0,0,0,0,18,0
270346,0,1,0,0,0,0,0,0,0,0,0,0
270346,1,1,0,0,0,0,0,0,0,0,0,0
270347,1,1,0,0,0,0,0,0,0,26,13,17
270348,1,1,0,0,0,0,0,0,0,0,0,0
270349,1,1,0,0,0,0,0,0,0,0,0,0
270350,1,1,0,0,0,0,0,0,0,0,0,0
270351,1,1,0,0,0,0,0,0,0,0,0,0
270351,2,1,0,0,0,0,0,0,0,0,0,0
270352,1,1,17,17,17,17,17,17,17,17,17,17
270353,1,1,5,5,5,5,5,5,5,5,5,5
270354,1,1,0,0,0,0,0,0,0,0,0,0
270354,2,1,0,0,0,0,0,0,0,0,0,0
270355,1,1,0,0,0,0,0,0,0,0,0,0
280001,1,1,0,0,0,0,0,0,0,0,0,0
280002,1,1,0,0,0,0,0,0,0,0,0,0
280002,2,1,0,0,0,0,0,0,0,0,0,0
280003,1,1,0,0,0,0,0,0,0,0,0,0
280004,1,1,0,0,0,0,0,0,0,0,0,0
280004,2,1,0,0,0,0,0,0,0,0,0,0
280004,3,1,0,0,0,0,0,14,0,0,0,0
280004,4,1,0,0,0,0,0,0,0,0,0,0
280005,1,1,0,0,18,0,0,20,0,0,0,0
280005,2,1,0,0,0,0,0,0,0,0,0,0
280006,1,1,0,0,0,0,0,0,0,0,0,0
280006,2,1,0,0,0,0,0,0,0,0,0,0
280007,1,1,0,0,0,0,0,0,0,0,0,0
280007,2,1,0,0,0,0,0,0,0,0,0,0
280008,1,1,0,0,0,0,0,0,0,0,0,0
280008,2,1,0,0,0,0,0,0,0,0,0,0
280009,1,1,0,0,0,0,0,0,0,0,0,0
280009,2,1,0,0,0,0,0,0,0,0,0,0
280010,0,1,0,0,0,0,0,0,0,0,0,0
280010,0,2,0,0,0,0,0,0,0,0,0,0
280010,1,1,0,0,0,0,0,0,0,0,0,0
280011,0,1,0,0,0,0,0,0,0,0,0,0
280011,1,1,0,0,0,0,0,0,0,0,0,0
280012,1,1,15,15,15,15,15,15,15,15,15,15
280012,2,1,0,0,0,0,0,0,0,0,0,0
280013,1,1,8,8,8,8,8,8,8,8,8,8
280014,1,1,0,0,0,0,0,0,0,0,0,0
280014,2,1,0,18,0,0,0,0,0,0,0,0
280015,0,1,0,0,0,0,0,0,0,0,0,0
280015,1,1,0,9,0,0,0,0,0,0,0,0
280016,1,1,0,0,0,0,0,0,0,0,0,0
280017,1,1,0,0,0,0,0,0,0,0,0,0
280017,2,1,0,0,0,0,0,0,0,0,0,0
280018,1,1,0,0,0,0,0,0,0,0,0,0
280019,1,1,0,0,0,0,0,33,0,0,0,0
280019,2,1,0,0,0,0,0,0,0,0,0,0
280020,0,1,27,18,0,0,0,19,0,0,0,0
280020,1,1,8,5,0,13,13,31,24,0,4,0
280021,1,1,18,18,18,18,18,18,18,18,18,18
280022,1,1,0,0,0,0,0,0,0,0,0,0
280023,1,1,0,0,7,0,0,0,0,0,0,0
280023,2,1,0,0,0,0,0,0,0,0,0,0
280024,1,1,18,18,18,18,18,18,18,18,18,18
280024,2,1,0,0,0,0,0,0,0,0,0,0
280025,1,1,0,0,0,0,0,0,0,0,0,0
280025,2,1,0,0,0,0,0,0,0,0,0,0
280026,1,1,0,0,0,0,0,0,0,0,0,0
280027,1,1,0,0,0,0,0,0,0,0,0,0
280027,2,1,0,0,0,0,0,0,0,0,0,0
280028,1,1,0,0,0,0,0,0,0,0,0,0
280029,1,1,0,0,0,0,0,0,0,0,0,0
280029,2,1,0,0,0,0,0,0,0,0,0,0
280029,3,1,0,0,0,0,0,0,0,0,0,0
280030,1,1,0,0,0,0,0,0,0,0,0,0
280031,0,1,0,0,0,0,0,0,0,0,0,0
280031,1,1,0,0,0,0,0,0,0,0,0,0
280032,1,1,15,15,15,15,15,15,15,15,15,15
280033,1,1,20,0,0,0,0,0,0,0,0,0
280034,1,1,32,32,32,32,32,32,32,32,32,32
280035,1,1,0,0,0,0,0,0,0,0,0,0
280036,1,1,0,0,0,0,0,0,0,0,0,0
280037,1,1,6,6,6,6,6,6,6,6,6,6
280037,2,1,0,0,0,0,0,0,0,0,0,0
280038,1,1,0,0,0,0,0,0,0,0,0,0
280038,2,1,0,0,0,0,0,16,0,0,0,0
280039,1,1,0,0,0,0,0,0,0,0,0,0
280040,1,1,0,0,0,0,0,0,0,0,0,0
280040,2,1,20,20,20,20,20,20,20,20,20,20
280041,0,1,0,0,0,0,0,0,0,0,23,0
280041,1,1,0,0,0,0,0,0,0,0,0,0
280042,1,1,23,23,23,23,23,23,23,23,23,23
280043,1,1,0,0,0,0,0,0,0,0,0,0
280043,2,1,12,12,12,12,12,12,12,12,12,12
280044,1,1,0,0,0,0,0,0,0,0,0,0
280044,2,1,23,23,23,23,23,23,23,23,23,23
280045,1,1,0,0,0,0,0,0,0,0,0,0
280046,1,1,25,25,25,25,25,25,25,25,25,25
280047,1,1,0,0,0,0,0,0,0,0,0,0
280047,2,1,0,0,0,0,0,0,0,0,27,0
280048,1,1,0,0,0,0,0,0,0,0,0,0
280048,2,1,0,0,0,0,0,0,0,0,0,0
280049,1,1,0,0,0,0,0,0,0,0,0,0
280050,1,1,0,0,0,0,0,0,0,0,0,0
280050,2,1,0,0,0,0,0,0,0,0,0,0
280050,3,1,0,0,0,0,0,0,0,0,0,0
280050,4,1,0,0,0,0,0,0,0,0,0,0
280051,0,1,0,0,0,0,0,0,0,0,0,0
280051,1,1,0,0,0,0,0,0,0,0,0,0
280052,1,1,34,34,34,34,34,34,34,34,34,34
280053,1,1,0,0,0,0,0,0,0,0,0,0
280054,1,1,25,25,25,25,25,25,25,25,25,25
280054,2,1,0,0,0,0,0,0,0,0,0,0
280055,1,1,0,0,0,0,0,0,0,0,0,0
280055,2,1,0,0,0,0,0,0,0,0,0,0
280056,1,1,0,0,0,0,0,0,0,0,0,0
280057,1,1,21,21,21,21,21,21,21,21,21,21
280058,1,1,0,0,0,0,0,0,0,0,0,0
280058,2,1,0,0,0,0,0,0,0,0,0,0
280059,1,1,0,0,0,0,0,0,0,0,0,0
280060,1,1,16,16,16,16,16,16,16,16,16,16
280061,1,1,0,0,0,0,0,0,0,0,0,0
280062,1,1,0,0,0,0,0,0,0,0,0,0
280062,2,1,0,0,13,0,0,0,0,0,0,0
280063,1,1,0,0,0,0,0,0,0,0,0,0
280063,2,1,0,0,0,0,0,0,0,0,0,0
280064,1,1,0,0,0,0,0,0,0,0,0,0
280064,2,1,0,0,0,0,0,0,0,0,0,0
280065,1,1,0,0,0,0,0,0,0,0,0,0
280066,1,1,0,0,0,25,0,0,0,24,0,0
280067,1,1,0,0,0,0,0,0,0,0,0,0
280067,2,1,0,0,0,0,0,0,0,0,0,0
280068,1,1,0,9,0,0,0,0,0,0,0,0
280069,0,1,0,0,0,0,0,0,0,0,0,0
280069,1,1,0,0,0,0,0,0,0,0,0,18
280070,1,1,0,0,0,0,0,0,0,0,0,0
280070,2,1,0,0,0,0,0,0,0,0,0,0
280071,1,1,0,0,0,0,0,0,0,0,0,0
280071,2,1,0,0,0,0,0,0,0,0,0,0
280072,1,1,0,0,0,0,0,0,0,0,0,0
280072,2,1,0,0,0,0,0,0,0,0,0,0
280073,1,1,0,0,0,0,0,0,0,0,0,0
280073,2,1,0,0,0,0,0,0,0,0,0,0
280074,1,1,0,0,0,0,0,0,0,0,0,0
280074,2,1,0,0,0,0,0,0,0,0,0,0
280075,1,1,0,0,0,0,0,0,0,0,0,0
280075,2,1,0,0,0,0,0,0,0,0,0,0
280075,3,1,0,0,0,0,0,0,0,0,0,17
280076,1,1,8,8,8,8,8,8,8,8,8,8
280076,2,1,8,8,8,8,8,8,8,8,8,8
280077,1,1,0,0,0,0,0,0,0,0,0,0
280078,1,1,0,4,0,0,0,0,0,0,0,0
280078,2,1,0,0,0,0,0,0,0,0,0,0
280079,1,1,0,0,0,0,0,0,0,0,0,0
280079,2,1,0,0,0,0,0,0,0,0,0,0
280080,1,1,23,23,23,23,23,23,23,23,23,23
280081,1,1,0,0,0,0,0,0,0,0,0,0
280082,1,1,0,0,0,0,0,0,0,0,0,0
280082,2,1,0,0,0,0,0,0,0,0,0,0
280083,1,1,0,0,0,0,0,0,0,0,0,0
280083,2,1,0,0,0,0,0,0,0,0,0,0
280084,1,1,0,0,0,0,0,0,0,0,0,0
280084,2,1,20,19,19,15,13,13,13,11,44,7
280085,1,1,0,0,0,0,0,0,0,0,0,0
280086,1,1,0,0,0,0,17,0,0,0,0,0
280087,1,1,0,0,0,0,0,0,0,0,0,0
280087,2,1,0,0,0,0,0,0,0,0,0,0
280088,0,1,0,18,0,24,0,0,0,0,44,0
280088,1,1,0,0,0,0,0,0,0,0,0,0
280089,1,1,0,0,0,0,0,0,0,0,0,0
280089,2,1,12,0,7,5,4,4,0,0,15,5
280090,1,1,0,0,0,0,0,0,0,0,0,0
280091,1,1,0,0,0,0,6,23,0,0,0,0
280092,1,1,0,0,0,0,0,0,0,0,0,0
280092,2,1,0,0,0,0,0,0,0,0,0,0
280092,3,1,0,0,0,0,0,0,0,0,0,0
280093,1,1,0,0,0,0,0,0,0,0,0,0
280093,2,1,0,0,0,0,0,0,0,0,0,0
280093,3,1,0,0,0,0,0,0,0,0,0,0