ST_CASE,VEH_NO,PER_NO,P1,P2,P3,P4,P5,P6,P7,P8,P9,P10
280408,1,1,0,0,0,0,0,0,0,0,23,0
280408,2,1,0,0,0,0,0,0,0,0,0,0
280409,1,1,26,0,0,0,20,0,0,0,0,0
280409,2,1,0,0,0,0,0,0,0,0,0,0
280410,1,1,0,0,0,0,0,0,0,0,0,0
280411,1,1,0,0,0,0,0,0,0,0,0,0
280412,1,1,1,1,1,1,1,1,1,1,1,1
280412,2,1,0,0,0,0,0,0,0,0,0,0
280412,3,1,0,0,0,0,0,0,0,0,0,0
280413,1,1,0,0,0,0,0,0,0,0,0,0
280413,2,1,0,0,0,0,0,0,0,0,0,0
280414,1,1,0,0,0,0,0,0,0,0,0,0
280414,2,1,0,0,0,0,0,0,0,0,0,0
280415,1,1,0,0,0,0,0,0,0,0,0,0
280415,2,1,0,0,0,0,0,0,0,0,0,15
280415,3,1,0,0,0,0,0,0,0,5,0,0
280416,1,1,0,0,0,0,0,0,0,0,0,0
280417,1,1,0,0,0,0,0,0,0,0,0,0
280417,2,1,0,0,0,0,0,0,0,0,0,0
280418,1,1,15,15,15,15,15,15,15,15,15,15
280419,1,1,0,26,6,13,4,6,0,11,0,37
280420,1,1,61,0,0,0,0,0,0,0,0,0
280420,2,1,0,0,0,0,0,0,0,0,0,0
280422,1,1,0,0,0,0,0,0,0,0,0,0
280422,2,1,0,0,0,0,0,0,0,0,0,0
280423,1,1,8,8,8,8,8,8,8,8,8,8
280424,1,1,0,0,0,0,0,0,0,0,0,0
280425,1,1,0,0,0,0,0,0,0,0,0,0
280425,2,1,0,0,0,0,0,0,0,0,0,0
280426,1,1,0,0,0,0,0,0,0,0,0,0
280427,1,1,0,0,0,0,0,0,0,0,0,0
280428,1,1,0,0,0,0,0,0,0,0,0,0
280428,2,1,0,0,0,0,0,0,0,0,0,0
280429,1,1,18,18,18,18,18,18,18,18,18,18
280430,1,1,30,30,30,30,30,30,30,30,30,30
280431,1,1,5,5,5,5,5,5,5,5,5,5
280431,2,1,0,0,0,0,0,0,0,0,0,0
280432,1,1,9,9,9,9,9,9,9,9,9,9
280433,1,1,0,18,0,16,0,0,0,0,4,0
280434,1,1,0,0,0,0,0,0,0,0,21,0
280434,2,1,16,16,16,16,16,16,16,16,16,16
280435,0,1,0,0,0,0,0,0,0,0,0,0
280435,1,1,0,0,0,0,0,0,0,0,0,0
280435,2,1,0,0,0,0,0,27,0,38,0,0
280436,0,1,0,0,0,0,0,0,0,0,0,0
280436,1,1,0,0,0,0,0,0,0,0,0,0
280437,1,1,15,9,24,0,16,14,0,33,10,12
280437,2,1,2,2,2,2,2,2,2,2,2,2
280438,1,1,0,0,0,0,0,0,0,0,0,0
280439,1,1,0,0,0,0,0,0,0,0,0,0
280439,2,1,0,0,0,0,0,0,0,0,0,0
280440,0,1,12,0,0,19,20,0,0,0,0,25
280440,1,1,0,0,0,0,0,0,0,0,0,0
280441,1,1,0,0,0,0,0,0,0,0,0,0
280441,2,1,0,0,0,0,14,10,0,0,0,0
280442,0,1,0,0,0,0,0,0,0,0,0,0
280442,1,1,0,0,0,0,0,0,0,0,0,0
280443,1,1,0,0,0,0,0,0,0,0,0,0
280443,2,1,0,0,0,0,0,0,0,0,0,0
280444,1,1,0,0,0,0,0,17,19,0,0,0
280444,2,1,0,0,0,0,0,0,0,0,0,0
280445,1,1,10,0,15,0,20,0,0,19,0,25
280446,1,1,0,0,0,0,0,0,0,0,0,0
280446,2,1,0,0,0,0,0,0,0,0,0,0
280447,1,1,32,32,32,32,32,32,32,32,32,32
280448,1,1,0,0,0,0,0,0,0,0,0,0
280448,2,1,0,0,0,0,0,0,0,0,0,0
280449,0,1,42,41,0,0,13,0,18,0,11,0
280449,1,1,0,0,0,0,0,0,0,0,0,0
280450,0,1,8,8,8,8,8,8,8,8,8,8
280450,1,1,0,0,0,0,0,0,0,0,0,0
280452,1,1,0,0,0,0,0,0,0,0,0,0
280453,1,1,0,0,0,0,0,0,0,0,0,0
280453,2,1,0,0,0,0,0,0,0,0,0,0
280454,0,1,0,17,9,26,20,19,17,16,15,14
280454,1,1,0,0,0,24,0,0,0,0,0,0
280456,1,1,0,0,0,0,0,0,0,0,0,0
280456,2,1,0,0,0,0,0,0,0,0,0,0
280457,1,1,14,14,14,14,14,14,14,14,14,14
280458,1,1,14,0,0,0,0,0,0,0,34,15
280459,0,1,0,0,0,0,0,0,0,0,0,15
280459,0,2,0,0,0,0,0,0,0,0,0,0
280459,1,1,0,0,0,0,0,0,0,0,0,0
280460,1,1,0,0,0,0,0,0,0,0,0,0
280460,2,1,0,0,0,0,0,0,0,0,0,0
280462,1,1,0,24,21,32,16,0,0,0,39,30
280464,1,1,0,0,0,0,15,0,0,0,0,0
280464,2,1,0,0,0,0,0,0,0,0,0,0
280464,3,1,0,0,0,0,0,0,0,0,0,0
280465,1,1,0,0,11,0,7,13,0,0,16,12
280466,1,1,0,0,0,0,0,0,0,0,0,0
280467,1,1,0,0,0,0,0,0,0,0,0,0
280467,2,1,0,0,0,0,0,0,0,0,0,0
280468,1,1,0,0,22,0,20,0,29,0,16,22
280469,1,1,0,0,0,0,0,0,0,0,0,0
280470,1,1,0,0,0,0,0,0,0,0,0,0
280470,2,1,0,0,0,22,0,0,0,0,0,0
280471,1,1,0,0,0,0,0,12,0,17,0,13
280472,0,1,25,25,25,25,25,25,25,25,25,25
280472,1,1,19,19,19,19,19,19,19,19,19,19
280473,0,1,0,0,0,0,0,0,0,0,0,0
280473,1,1,0,0,0,0,0,0,0,17,0,0
280474,1,1,8,0,0,0,11,35,0,0,0,0
280475,1,1,0,0,0,0,0,0,0,0,0,0
280475,2,1,0,0,0,0,0,0,0,9,0,0
280476,1,1,0,0,0,0,0,0,0,0,0,0
280477,1,1,7,7,7,7,7,7,7,7,7,7
280478,1,1,0,0,0,0,0,0,0,0,0,0
280478,2,1,0,0,0,32,0,0,0,0,0,0
280479,1,1,12,26,0,0,20,28,40,18,0,0
280480,1,1,0,0,0,0,0,0,0,0,0,0
280480,2,1,15,15,15,15,15,15,15,15,15,15
280481,1,1,0,0,0,0,0,0,0,0,0,0
280482,0,1,27,27,27,27,27,27,27,27,27,27
280482,1,1,0,0,0,0,0,0,0,0,0,11
280483,1,1,0,0,0,0,0,0,0,0,0,0
280484,1,1,0,0,0,0,0,0,0,0,0,0
280485,0,1,15,29,18,3,12,39,0,0,10,0
280485,1,1,0,28,16,0,0,0,45,0,0,0
280486,1,1,0,0,0,0,0,0,0,0,0,0
280487,0,1,28,28,28,28,28,28,28,28,28,28
280487,1,1,0,0,0,0,15,0,0,0,0,0
280488,0,1,24,0,0,16,0,0,39,0,15,0
280488,0,2,0,0,0,0,0,37,32,23,0,5
280488,1,1,0,0,0,0,0,0,0,0,0,0
280489,1,1,0,0,0,0,0,0,0,6,0,0
280489,2,1,0,0,0,0,0,0,0,0,0,0
280491,1,1,26,26,26,26,26,26,26,26,26,26
280491,2,1,0,0,0,0,0,0,0,0,0,0
280491,3,1,0,0,0,0,0,0,0,0,14,0
280491,4,1,0,0,0,0,0,0,0,0,0,0
280492,1,1,0,0,0,0,0,0,0,0,0,0
280492,2,1,0,0,0,0,0,0,0,0,0,0
280493,1,1,0,0,0,0,0,0,0,0,0,0
280493,2,1,0,0,0,0,0,0,0,0,0,0
280494,1,1,2,2,2,2,2,2,2,2,2,2
280495,1,1,0,0,0,0,0,0,0,0,0,0
280496,1,1,12,12,12,12,12,12,12,12,12,12
280497,1,1,0,0,0,0,0,0,0,0,0,0
280497,2,1,0,0,0,0,0,0,0,18,0,0
280498,1,1,0,0,0,0,0,0,0,0,0,0
280498,2,1,0,0,0,0,2,0,0,0,0,0
280499,1,1,0,0,27,0,0,0,0,0,0,0
280499,2,1,0,7,0,0,0,0,0,0,0,0
280500,1,1,0,0,15,2,0,0,0,0,7,0
280501,1,1,15,0,0,0,0,19,0,0,0,10
280502,1,1,24,24,24,24,24,24,24,24,24,24
280503,1,1,8,0,0,0,0,0,0,0,0,0
280503,2,1,0,0,0,0,0,0,0,0,0,0
280504,1,1,18,0,6,0,19,0,0,0,0,21
280505,1,1,5,5,5,5,5,5,5,5,5,5
280506,1,1,0,0,0,0,0,0,0,0,0,19
280507,1,1,0,0,0,22,0,35,0,0,23,0
280508,1,1,0,0,0,0,0,0,0,0,0,0
280509,1,1,7,23,14,0,15,28,10,25,2,12
280510,1,1,27,11,0,0,0,10,0,0,24,0
280511,0,1,0,0,0,0,0,0,0,0,0,0
280511,1,1,0,0,0,0,0,0,0,0,0,0
280512,1,1,0,0,0,0,0,0,0,0,0,0
280512,2,1,0,0,0,0,0,0,0,0,0,0
280513,1,1,0,0,0,0,0,0,0,0,0,0
280513,2,1,0,0,0,0,0,0,0,0,0,0
280514,0,1,0,0,0,0,0,0,0,0,0,0
280514,1,1,0,0,0,0,0,0,0,0,0,0
280515,1,1,16,16,31,0,22,9,16,26,16,26
280516,1,1,0,0,0,0,0,0,0,0,0,0
280516,2,1,0,0,0,0,0,0,0,0,0,0
280517,1,1,6,0,0,0,0,0,0,5,31,0
280518,1,1,0,0,0,0,0,0,0,0,0,0
280518,2,1,0,0,0,0,0,0,0,0,0,0
280518,3,1,0,0,0,0,4,0,0,0,0,0
280519,1,1,0,0,0,0,0,0,0,0,0,0
280519,2,1,0,0,0,0,0,0,0,0,0,0
280520,1,1,0,0,28,11,0,0,19,0,0,23
280521,1,1,0,0,0,0,0,0,0,0,0,0
280522,1,1,0,0,0,0,0,0,0,0,0,0
280523,1,1,0,6,23,21,22,16,15,12,14,0
280524,1,1,23,0,16,0,0,21,18,22,0,36
280525,1,1,0,0,0,0,0,0,0,0,0,0
280526,1,1,14,0,0,0,0,0,8,0,0,0
280527,1,1,0,0,0,0,0,0,0,0,0,0
280529,0,1,0,0,0,0,0,0,0,0,0,0
280529,1,1,0,0,19,0,0,0,0,0,0,0
280530,1,1,0,0,0,0,0,0,0,0,0,0
280530,2,1,22,22,22,22,22,22,22,22,22,22
280531,1,1,0,21,0,0,0,0,0,0,0,0
280531,2,1,0,0,0,0,0,0,0,0,0,0
280532,1,1,0,0,0,0,0,0,0,0,0,0
280532,2,1,0,0,0,0,0,0,0,0,0,0
280532,3,1,0,0,0,0,0,0,0,0,0,0
280533,1,1,16,0,33,8,12,0,0,19,18,28
280534,1,1,0,0,0,0,0,0,0,0,0,0
280534,2,1,0,0,0,0,0,0,0,0,0,0
280535,0,1,0,0,0,0,0,0,0,0,0,0
280535,1,1,17,17,17,17,17,17,17,17,17,17
280536,1,1,0,0,0,0,0,0,0,0,0,0
280537,1,1,0,0,0,0,0,0,0,0,0,0
280537,2,1,19,0,18,12,0,0,0,0,0,0
280538,1,1,0,0,0,0,0,0,0,0,0,0
280539,1,1,0,0,0,0,0,0,0,0,0,0
280540,1,1,0,0,0,0,0,0,0,0,0,0
280540,2,1,0,0,0,0,0,0,0,0,0,0
280541,1,1,0,0,0,0,0,0,0,0,0,0
280542,1,1,0,0,0,0,0,0,0,0,0,0
280543,1,1,0,8,57,24,23,27,0,19,23,0
280544,1,1,0,0,0,0,0,0,0,0,0,0
280544,2,1,0,0,0,0,0,0,0,18,0,0
280545,1,1,3,3,3,3,3,3,3,3,3,3
280545,2,1,0,0,0,0,17,11,0,0,9,0
280546,0,1,0,20,0,0,19,0,0,7,21,0
280546,1,1,21,0,41,18,28,10,12,0,0,0
280547,1,1,9,0,0,0,0,0,0,0,0,17
280547,2,1,0,0,0,0,0,0,0,0,0,0
280548,1,1,8,8,8,8,8,8,8,8,8,8
280549,1,1,11,4,21,21,9,27,29,0,6,11
280550,0,1,0,12,23,13,11,44,33,14,24,28
280550,1,1,0,0,0,0,0,0,0,0,0,0
280551,1,1,0,0,0,0,0,0,8,0,0,0
280551,2,1,0,0,0,0,0,0,0,0,0,0
280552,1,1,16,16,16,16,16,16,16,16,16,16
280553,1,1,0,18,0,0,0,0,20,0,0,0
280553,2,1,0,19,13,10,0,21,0,0,0,0
280553,3,1,0,0,0,0,0,0,0,0,19,10
280553,4,1,0,13,11,0,23,9,0,0,0,0
280554,1,1,0,0,0,0,0,0,0,0,0,0
280555,1,1,0,23,0,0,0,0,0,19,0,0
280555,2,1,0,0,13,29,12,0,0,33,0,0
280556,1,1,6,15,22,19,0,0,15,0,0,0
280557,1,1,0,0,0,0,18,0,0,0,0,0
280558,1,1,22,22,22,22,22,22,22,22,22,22
280559,1,1,0,0,0,0,4,0,0,0,0,0
280560,0,1,0,0,0,0,0,0,0,0,0,0
280560,1,1,0,0,0,0,0,0,0,0,0,0
280561,1,1,0,0,0,0,0,0,0,0,0,0
280561,2,1,0,0,0,0,0,0,0,0,0,0
280561,3,1,0,0,0,0,0,0,0,0,0,0
280561,4,1,0,0,0,0,0,0,0,0,0,0
280562,1,1,0,0,0,0,0,0,0,0,0,0
280562,2,1,0,0,0,0,14,0,0,0,0,0
280563,0,1,0,0,0,0,0,0,0,0,0,0
280563,1,1,0,0,0,48,0,0,0,0,0,0
280564,1,1,0,0,0,0,0,0,0,0,0,0
280564,2,1,0,0,0,0,0,0,0,0,0,0
280564,3,1,0,0,0,0,0,0,0,0,0,0
280565,1,1,0,0,0,0,0,0,0,0,0,0
280566,1,1,0,0,0,0,0,0,0,0,0,0
280566,2,1,0,0,0,0,0,0,0,0,0,0
280567,1,1,0,0,0,0,0,0,0,0,0,0
280567,2,1,0,0,0,0,0,0,0,0,0,0
280568,1,1,36,0,6,26,38,17,17,0,0,14
280569,1,1,0,0,0,0,0,0,0,0,0,0
280570,1,1,0,0,0,0,0,0,0,0,0,0
280571,1,1,0,0,0,0,0,18,0,11,0,0
280572,1,1,0,0,0,0,0,0,0,0,0,0
280573,1,1,0,11,0,0,0,0,0,0,0,0
280573,2,1,0,0,0,0,0,0,0,0,0,0
280574,1,1,0,0,0,0,0,0,0,0,0,0
280574,2,1,0,0,0,0,0,0,0,0,0,0
280575,1,1,0,0,0,0,0,0,0,0,0,0
280575,2,1,0,0,0,0,0,0,0,0,0,0
280575,3,1,0,0,0,0,0,0,0,0,0,0
280576,1,1,0,0,0,0,0,0,0,0,0,0
280576,2,1,19,10,14,10,32,14,19,9,15,0
280577,0,1,0,0,0,5,0,0,0,0,0,35
280577,1,1,0,0,0,0,0,0,0,0,0,0
280578,1,1,0,0,0,0,0,0,0,0,16,0
280579,1,1,0,0,0,0,5,0,0,0,0,0
280580,1,1,22,22,22,22,22,22,22,22,22,22
280581,1,1,0,0,0,0,0,0,0,0,0,0
280582,1,1,0,0,0,24,0,0,0,0,18,0
280583,0,1,11,22,25,26,0,0,0,0,0,19
280583,0,2,0,0,0,0,0,0,0,0,0,0
280583,0,3,0,0,0,0,0,0,0,0,0,0
280583,1,1,0,0,0,0,0,0,0,0,0,0
280584,1,1,0,16,0,0,0,0,20,0,0,0
280585,1,1,0,0,0,0,0,0,0,0,0,0
280585,2,1,8,8,8,8,8,8,8,8,8,8
280585,3,1,0,0,0,0,0,0,0,0,0,0
280586,1,1,0,0,0,0,0,0,0,0,0,17
280586,2,1,0,0,0,0,0,0,0,17,0,0
280586,3,1,0,0,0,0,0,0,0,0,0,0
280587,1,1,0,0,0,0,0,0,0,0,0,0
280587,2,1,0,0,0,0,0,0,0,0,0,0
280588,1,1,14,21,0,4,23,17,9,21,12,0
280589,1,1,0,0,0,0,0,0,0,0,0,0
280589,2,1,0,0,0,0,0,0,0,0,0,0
280590,1,1,47,47,47,47,47,47,47,47,47,47
280591,1,1,0,0,17,0,14,25,24,0,10,7
280592,1,1,0,0,0,0,0,0,0,0,0,10
280593,1,1,0,0,0,0,0,0,0,0,0,0
280593,2,1,0,0,0,0,0,0,0,0,15,0
280594,0,1,0,0,0,0,0,0,0,0,0,0
280594,1,1,0,0,0,0,0,0,0,0,0,0
280595,1,1,0,0,0,0,0,0,0,0,0,0
280595,2,1,0,0,0,0,0,0,0,0,0,0
280596,1,1,0,0,0,0,20,0,0,0,0,0
280596,2,1,0,0,0,0,0,0,0,0,0,0
280596,3,1,0,0,0,0,0,0,0,0,0,0
280596,4,1,0,0,0,0,0,0,0,0,0,0
280597,1,1,21,21,28,8,0,29,0,17,0,8
280598,0,1,0,0,56,25,21,26,12,29,24,30
280598,1,1,20,0,0,0,0,25,0,0,0,0
280599,1,1,0,0,0,0,0,0,0,0,0,0
280599,2,1,29,29,29,29,29,29,29,29,29,29
280600,1,1,0,0,0,0,0,0,0,0,0,0
280600,2,1,0,0,0,0,0,0,0,0,0,0
280601,1,1,0,0,0,0,12,0,0,0,0,0
280602,1,1,0,0,0,0,0,0,0,0,0,0
280603,1,1,23,28,0,0,13,0,15,14,19,9
280604,1,1,0,0,0,0,0,0,0,0,0,34
280606,0,1,0,0,0,18,0,0,33,24,0,0
280606,1,1,0,0,0,0,0,0,0,0,0,0
280607,0,1,0,0,0,14,32,19,0,15,0,9
280607,1,1,0,17,0,0,0,0,0,0,0,0
280608,1,1,0,0,0,0,0,0,0,0,0,14
280608,2,1,0,0,22,0,0,0,0,0,0,0
280609,1,1,0,0,0,0,0,0,0,0,0,0
280610,1,1,0,0,0,0,0,0,0,0,0,0
280610,2,1,11,11,11,11,11,11,11,11,11,11
280611,1,1,0,0,0,0,0,0,0,0,0,0
280611,2,1,0,0,0,0,0,0,0,0,0,0
280612,1,1,15,0,7,5,13,12,17,0,24,13
280613,1,1,23,27,10,18,26,15,0,0,0,8
280614,1,1,26,0,24,0,0,0,0,0,0,0
280615,1,1,0,12,20,0,0,14,0,0,14,0
280616,1,1,0,0,0,0,0,0,0,0,0,0
280617,1,1,0,0,0,11,18,0,0,0,0,5
280618,1,1,0,0,0,0,0,0,16,12,0,0
280619,1,1,0,0,0,0,0,0,0,0,0,0
280619,2,1,0,0,0,0,0,0,0,0,0,0
280620,1,1,0,0,0,0,0,0,0,0,0,0
280620,2,1,0,32,0,0,12,21,11,0,14,11
280621,1,1,0,0,0,0,0,0,0,0,0,0
280621,2,1,0,0,0,0,0,0,0,0,0,0
280622,1,1,0,0,0,0,0,0,0,0,0,0
280623,0,1,0,0,0,0,0,0,0,0,0,0
280623,1,1,0,0,0,0,0,0,0,0,0,0
280624,1,1,0,0,0,0,0,0,0,0,0,0
290001,1,1,0,0,12,0,21,0,0,26,0,0
290002,1,1,0,0,0,0,0,0,0,0,0,0
290002,2,1,0,0,0,0,0,0,0,0,0,0
290003,1,1,24,25,21,33,18,13,12,17,14,12
290004,1,1,11,0,20,15,0,29,0,0,0,7
290005,1,1,0,0,0,0,0,0,0,0,0,0
290005,2,1,0,0,0,0,0,0,0,0,0,0
290006,1,1,0,0,0,0,0,0,0,0,0,0
290006,2,1,0,0,0,0,0,0,0,0,0,0
290007,1,1,5,5,5,5,5,5,5,5,5,5
290008,0,1,0,0,0,0,0,0,0,0,0,0
290008,1,1,0,0,0,0,0,0,0,0,0,0
290009,1,1,0,0,0,0,0,0,0,0,0,0
290010,1,1,0,0,0,0,0,0,0,0,0,0
290010,2,1,0,0,0,0,0,0,0,0,0,0
290011,1,1,19,19,19,19,19,19,19,19,19,19
290011,2,1,0,0,0,0,0,0,0,0,0,0
290012,1,1,0,0,0,0,0,0,0,0,0,0
290013,1,1,26,26,26,26,26,26,26,26,26,26
290013,2,1,0,0,0,0,0,0,0,0,0,0
290014,1,1,9,9,9,9,9,9,9,9,9,9
290015,1,1,0,0,0,0,0,0,0,0,0,0
290016,1,1,19,19,19,19,19,19,19,19,19,19
290017,1,1,0,0,0,0,0,0,0,0,21,0
290017,2,1,0,0,0,0,0,0,0,0,0,0
290017,3,1,0,0,0,0,0,7,0,0,8,0
290018,1,1,11,11,11,11,11,11,11,11,11,11
290018,2,1,0,0,0,0,0,0,0,0,0,0
290019,1,1,0,0,0,0,0,0,0,0,0,0
290019,2,1,0,0,0,0,0,0,0,0,0,0
290021,0,1,15,15,15,15,15,15,15,15,15,15
290021,1,1,39,22,28,21,13,11,0,0,15,23
290022,1,1,0,0,0,0,0,0,0,0,0,0
290022,2,1,0,0,0,0,0,0,0,0,0,0
290023,1,1,9,9,9,9,9,9,9,9,9,9
290024,1,1,0,0,0,0,0,0,0,0,0,0
290024,2,1,6,0,0,0,0,0,0,0,0,0
290025,1,1,33,0,11,18,0,24,0,0,0,20
290026,1,1,14,14,14,14,14,14,14,14,14,14
290028,1,1,0,0,0,0,0,0,0,0,0,0
290029,1,1,0,0,0,0,0,0,0,0,0,0
290030,1,1,0,0,0,0,0,0,0,0,0,0
290030,2,1,0,0,0,0,0,0,0,0,0,0
290031,1,1,0,0,0,0,0,0,0,0,0,0
290032,1,1,0,0,0,0,0,0,0,0,0,0
290033,0,1,0,0,0,0,0,0,0,0,0,0
290033,1,1,0,0,0,0,0,0,0,0,0,0
290034,1,1,0,0,0,0,0,0,0,0,0,0
290035,1,1,0,0,0,0,0,0,0,0,0,0
290035,2,1,0,0,0,0,0,0,0,0,0,0
290036,1,1,0,0,0,0,0,0,0,0,0,0
290037,1,1,20,0,0,0,0,0,0,0,0,0
290037,2,1,0,16,0,0,0,0,0,0,0,0
290037,3,1,0,0,0,0,0,0,0,0,0,0
290038,1,1,6,2,16,29,3,10,15,0,7,25
290039,1,1,0,0,0,0,0,0,0,0,0,0
290039,2,1,0,0,0,0,0,0,0,0,0,0
290039,3,1,0,0,0,0,0,0,0,0,0,0
290040,0,1,24,24,24,24,24,24,24,24,24,24
290040,1,1,0,0,0,0,0,0,0,0,0,0
290041,1,1,0,0,0,22,0,0,0,0,0,0
290041,2,1,0,0,0,0,0,0,0,0,0,0
290041,3,1,0,0,0,0,0,0,0,0,0,0
290042,1,1,0,0,0,0,0,0,0,0,0,0
290042,2,1,0,0,0,0,0,0,0,0,0,0
290043,1,1,0,0,0,0,0,0,0,0,0,0
290043,2,1,0,0,0,0,0,0,0,0,0,0
290044,1,1,0,0,0,0,0,0,0,0,0,0
290044,2,1,0,0,0,0,10,0,0,0,15,0
290045,1,1,0,0,0,0,0,0,0,0,0,0
290046,0,1,0,0,0,0,0,0,0,0,0,0
290046,1,1,0,0,0,0,0,0,0,0,0,0
290047,1,1,0,0,0,0,0,0,0,0,0,0
290047,2,1,0,0,0,0,0,0,0,0,0,0
290047,3,1,0,0,0,0,0,0,0,0,0,0
290048,0,1,0,0,0,0,0,0,0,0,0,0
290048,1,1,0,0,0,0,0,0,0,0,0,0
290049,0,1,12,12,12,12,12,12,12,12,12,12
290049,1,1,0,0,0,0,0,0,0,0,0,0
290050,0,1,31,31,31,31,31,31,31,31,31,31
290050,1,1,0,0,0,0,0,0,0,0,0,0
290050,2,1,0,0,0,0,0,0,0,0,0,0
290050,3,1,0,0,0,0,0,0,0,0,0,0
290051,1,1,28,28,28,28,28,28,28,28,28,28
290052,1,1,0,0,0,0,0,0,0,0,0,0
290053,1,1,0,0,0,0,0,0,0,0,0,0
290054,1,1,0,0,0,0,0,0,0,0,0,0
290055,1,1,4,4,4,4,4,4,4,4,4,4
290056,1,1,0,0,0,0,0,0,0,0,0,0
290056,2,1,0,0,0,0,0,0,0,0,0,0
290057,1,1,16,10,0,15,25,10,14,26,0,0
290057,2,1,0,0,0,0,0,0,0,0,0,0
290058,1,1,20,19,21,0,0,0,0,14,0,7
290059,0,1,0,0,0,0,0,0,0,0,0,0
290059,1,1,0,10,0,0,20,0,0,0,0,0
290059,2,1,0,0,0,0,0,0,0,0,0,0
290060,1,1,5,5,5,5,5,5,5,5,5,5
290061,1,1,26,26,26,26,26,26,26,26,26,26
290063,1,1,0,0,0,0,0,0,0,0,0,0
290063,2,1,0,0,0,0,0,0,0,0,0,0
290064,1,1,0,0,0,0,0,0,0,0,0,0
290064,2,1,0,0,0,0,0,0,0,0,0,0
290065,1,1,0,0,0,0,0,0,0,0,0,0
290066,1,1,0,0,0,0,0,0,0,0,0,0
290066,2,1,0,0,0,0,0,0,0,0,0,0
290067,1,1,12,12,12,12,12,12,12,12,12,12
290068,1,1,0,0,0,0,0,0,0,0,0,0
290069,1,1,0,0,0,0,0,0,0,0,0,0
290070,1,1,23,23,23,23,23,23,23,23,23,23
290071,1,1,0,0,0,0,0,0,0,0,0,0
290072,1,1,0,0,0,0,0,0,0,0,11,21
290073,0,1,0,17,0,16,0,0,26,0,31,12
290073,1,1,0,0,0,0,0,0,0,0,0,0
290074,1,1,0,0,0,0,0,0,0,0,0,0
290075,1,1,0,0,0,0,0,0,0,0,0,0
290076,1,1,19,19,19,19,19,19,19,19,19,19
290077,1,1,16,16,16,16,16,16,16,16,16,16
290078,1,1,0,0,0,0,0,0,0,0,0,0
290078,2,1,0,0,0,0,0,0,0,0,0,0
290079,1,1,0,0,0,0,0,0,0,0,0,0
290079,2,1,0,0,0,0,0,0,0,0,0,0
290080,1,1,0,0,0,0,0,0,0,0,0,22
290081,1,1,14,14,14,14,14,14,14,14,14,14
290082,1,1,0,0,0,0,0,0,0,0,0,0
290082,2,1,0,0,0,0,0,0,0,0,0,0
290082,3,1,0,0,0,0,0,0,0,0,0,0
290082,4,1,0,0,0,0,0,0,0,0,0,0
290083,1,1,29,29,29,29,29,29,29,29,29,29
290084,1,1,29,29,29,29,29,29,29,29,29,29
290084,2,1,16,16,16,16,16,16,16,16,16,16
290085,1,1,0,0,0,0,0,0,0,0,0,0
290086,1,1,25,25,25,25,25,25,25,25,25,25
290087,1,1,0,0,0,0,36,0,0,0,0,0
290087,2,1,1,1,1,1,1,1,1,1,1,1
290088,1,1,16,16,16,16,16,16,16,16,16,16
290089,1,1,0,0,0,0,0,0,0,0,0,0
290089,2,1,0,0,0,0,12,0,0,15,0,0
290090,1,1,0,0,0,0,0,0,0,0,0,0
290091,1,1,0,0,0,0,0,0,0,0,0,0
290092,1,1,0,0,0,0,0,0,0,0,0,0
290092,2,1,0,0,0,0,0,0,0,0,0,0
290093,1,1,0,0,0,0,0,0,0,0,0,0
290093,2,1,0,0,0,0,0,0,0,0,0,0
290094,1,1,0,0,0,0,0,0,0,0,0,0
290094,2,1,0,0,0,0,0,0,0,0,0,0
290095,1,1,0,0,0,0,0,0,0,0,0,0
290095,2,1,0,0,0,0,0,0,0,0,0,25
290096,1,1,0,0,0,0,0,0,0,0,0,0
290096,2,1,0,0,0,0,0,0,0,0,0,0
290096,3,1,0,0,0,0,0,0,0,0,0,0
290096,4,1,0,0,0,0,0,0,0,0,0,0
290096,5,1,0,0,0,0,0,0,0,0,0,0
290097,1,1,0,0,0,0,0,0,0,0,0,0
290099,1,1,0,0,0,0,0,0,0,0,0,0
290099,2,1,0,0,0,0,0,0,0,0,0,0
290100,1,1,0,0,0,0,0,0,0,0,0,0
290100,2,1,0,0,0,0,0,0,0,0,0,0
290101,1,1,0,19,0,0,0,0,0,0,0,0
290101,2,1,0,0,0,0,0,0,0,0,0,0
290102,1,1,0,0,0,0,0,0,0,0,0,0
290102,2,1,0,0,0,0,20,0,11,0,34,14
290103,1,1,0,0,0,0,0,0,0,0,0,0
290104,1,1,0,0,0,0,0,0,0,0,0,0
290104,2,1,0,0,0,0,0,0,0,0,0,0
290105,1,1,0,0,0,0,0,0,0,0,0,0
290106,1,1,0,0,0,0,0,0,0,0,0,0
290106,2,1,0,0,0,0,0,0,0,0,0,0
290107,1,1,0,0,0,0,0,0,0,0,0,0
290107,2,1,0,0,0,0,0,0,0,0,0,0
290108,1,1,13,13,13,13,13,13,13,13,13,13
290109,1,1,18,18,18,18,18,18,18,18,18,18
290110,1,1,0,0,0,0,0,0,0,0,0,0
290111,0,1,0,0,0,0,0,0,0,0,0,0
290111,1,1,0,14,9,0,0,0,0,0,15,0
290112,1,1,21,21,21,21,21,21,21,21,21,21
290113,0,1,0,0,0,0,0,0,0,0,0,0