ST_CASE,VEH_NO,PER_NO,P1,P2,P3,P4,P5,P6,P7,P8,P9,P10
290113,1,1,0,0,0,0,0,0,0,0,0,0
290114,1,1,0,0,0,0,0,0,0,0,0,0
290114,2,1,0,0,0,0,0,0,0,0,0,0
290115,1,1,0,17,0,16,0,0,0,0,0,14
290115,2,1,28,28,28,28,28,28,28,28,28,28
290116,1,1,0,0,0,0,0,0,0,0,0,17
290116,2,1,0,0,0,0,0,0,0,0,0,0
290117,1,1,0,0,0,0,0,0,0,0,0,0
290117,2,1,0,0,0,0,0,0,0,0,0,0
290118,1,1,16,16,16,16,16,16,16,16,16,16
290119,1,1,0,0,0,0,0,0,0,0,0,0
290120,1,1,0,0,0,0,0,0,0,0,0,0
290120,2,1,0,0,0,0,0,0,0,0,0,0
290121,1,1,52,0,0,0,0,0,0,0,0,0
290122,1,1,0,0,0,0,0,0,0,0,0,0
290123,1,1,13,0,0,17,0,15,9,9,0,13
290123,2,1,0,0,0,0,0,0,0,0,0,0
290124,1,1,22,22,22,22,22,22,22,22,22,22
290124,2,1,0,0,0,0,0,0,0,0,0,0
290125,1,1,0,0,0,0,0,0,0,0,0,0
290125,2,1,0,0,0,0,0,0,0,0,0,0
290126,0,1,0,0,0,0,0,0,0,0,0,0
290126,1,1,0,0,0,0,0,0,0,0,0,0
290126,2,1,0,0,0,0,0,0,0,0,0,0
290127,1,1,16,16,16,16,16,16,16,16,16,16
290127,2,1,0,0,0,0,0,0,0,0,0,0
290128,1,1,23,23,23,23,23,23,23,23,23,23
290129,1,4,16,0,5,11,0,15,18,12,0,10
290130,1,1,0,0,0,0,0,0,0,0,0,0
290131,1,1,26,26,26,26,26,26,26,26,26,26
290132,1,1,0,0,0,0,0,0,0,0,0,0
290133,1,1,0,0,0,17,0,0,0,0,0,0
290134,1,1,0,0,0,0,0,0,0,0,0,0
290134,2,1,0,0,0,0,0,0,0,0,0,0
290135,1,1,11,11,11,11,11,11,11,11,11,11
290135,2,1,0,0,0,0,0,0,0,0,0,0
290136,1,1,0,0,0,0,0,0,0,0,0,0
290136,2,1,0,0,0,0,0,0,0,0,0,0
290137,1,1,8,0,4,0,7,0,0,0,0,0
290137,2,1,0,0,0,0,0,0,0,0,0,0
290137,3,1,0,0,0,0,0,0,0,0,0,15
290138,1,1,0,0,0,0,0,0,0,0,0,0
290138,2,1,0,0,0,0,0,0,0,0,0,0
290139,1,1,19,19,19,19,19,19,19,19,19,19
290140,1,1,0,0,0,0,0,0,0,0,0,0
290140,2,1,0,0,0,0,0,0,0,0,0,0
290141,1,1,12,12,12,12,12,12,12,12,12,12
290142,1,1,0,0,0,0,0,0,0,0,0,0
290143,1,1,0,0,0,0,0,0,0,0,0,0
290143,2,1,0,0,0,0,0,0,0,0,0,0
290144,1,1,18,15,19,11,4,20,26,19,12,0
290144,2,1,0,0,0,0,0,0,0,0,0,0
290145,1,1,0,0,0,0,0,0,0,0,0,0
290146,1,1,30,30,30,30,30,30,30,30,30,30
290146,2,1,0,0,0,0,0,0,0,0,0,0
290147,1,1,0,0,0,0,0,0,0,0,0,0
290148,1,1,0,0,0,0,29,0,0,0,0,0
290148,2,1,0,0,0,0,0,0,0,0,0,21
290149,1,1,0,0,0,0,0,0,0,0,0,0
290149,2,1,6,6,6,6,6,6,6,6,6,6
290150,0,1,0,0,0,0,0,0,0,0,0,0
290150,1,1,0,0,0,0,0,0,0,0,0,0
290150,2,1,0,0,0,0,0,0,0,0,0,0
290151,1,1,0,0,0,0,0,0,0,0,0,0
290152,1,1,0,0,0,0,0,0,0,0,0,0
290153,1,1,0,0,0,0,0,0,0,0,0,0
290153,2,1,0,0,0,0,0,0,15,0,11,0
290153,3,1,0,0,0,0,0,0,0,0,0,0
290154,1,1,29,29,29,29,29,29,29,29,29,29
290155,0,1,0,0,0,0,0,0,0,0,0,0
290155,1,1,0,0,0,25,0,0,0,0,0,0
290156,1,1,0,0,0,0,27,16,4,19,16,0
290157,0,1,0,0,0,0,0,0,0,0,0,0
290157,1,1,0,0,0,0,0,0,0,0,0,0
290158,0,1,20,20,20,20,20,20,20,20,20,20
290158,1,1,0,0,0,0,0,0,0,0,0,0
290159,0,1,0,0,0,0,0,0,0,0,0,0
290159,1,1,0,0,0,0,0,0,0,0,0,0
290160,1,1,1,1,1,1,1,1,1,1,1,1
290161,1,1,0,0,0,0,0,0,0,0,0,0
290161,2,1,0,0,0,0,0,0,0,0,0,0
290161,3,1,0,7,0,0,0,0,0,0,0,0
290162,0,1,0,0,0,0,0,0,0,0,0,0
290162,1,1,0,0,0,0,0,0,0,0,0,0
290163,1,1,13,13,31,10,16,21,15,10,12,2
290164,1,1,0,0,0,0,0,0,0,0,0,0
290165,1,1,0,0,0,0,0,0,0,0,0,0
290166,1,1,0,0,0,0,0,0,0,0,0,0
290166,2,1,0,0,0,0,0,0,0,0,0,0
290167,1,1,0,0,0,0,0,0,0,0,0,0
290168,1,1,0,0,0,0,0,0,0,0,0,0
290169,1,1,0,0,0,0,0,0,0,0,0,0
290169,2,1,16,16,16,16,16,16,16,16,16,16
290170,1,1,0,8,0,0,0,0,0,0,0,19
290170,2,1,0,0,0,0,0,0,0,0,0,0
290170,3,1,0,0,0,0,0,0,0,0,0,0
290171,1,1,0,0,0,0,0,0,0,0,0,0
290171,2,1,0,0,0,0,0,0,0,0,0,0
290172,1,1,0,0,0,0,0,0,0,0,0,0
290173,1,1,26,26,26,26,26,26,26,26,26,26
290174,1,1,22,22,22,22,22,22,22,22,22,22
290174,2,1,0,0,0,0,0,0,0,0,0,0
290174,3,1,0,0,0,0,0,0,0,0,0,0
290176,1,1,18,18,18,18,18,18,18,18,18,18
290177,1,1,0,0,0,0,0,0,0,0,0,0
290177,2,1,0,0,0,0,0,0,0,0,17,0
290178,1,1,0,0,17,0,0,16,0,0,0,0
290178,2,1,0,0,0,0,26,0,0,0,21,0
290179,1,1,0,0,0,0,0,0,0,0,0,0
290179,2,1,0,0,0,0,0,0,0,0,0,0
290180,1,1,0,0,0,0,0,0,0,0,0,0
290181,1,1,0,0,0,0,0,0,0,0,0,0
290181,2,1,7,7,7,7,7,7,7,7,7,7
290182,1,1,0,0,0,0,0,0,0,0,0,0
290182,2,1,0,0,0,0,0,0,0,0,0,0
290183,1,1,0,0,0,0,0,0,0,0,0,8
290183,2,1,0,0,0,0,0,0,0,0,0,0
290183,3,1,0,0,0,0,0,0,0,0,0,0
290183,4,1,0,0,0,0,0,0,0,0,0,0
290183,5,1,0,0,0,0,0,0,0,0,0,0
290184,1,1,0,0,0,0,0,0,0,0,0,0
290184,2,1,0,0,0,0,0,0,0,0,0,0
290185,1,1,0,0,0,0,0,0,0,0,0,0
290185,2,1,0,0,0,0,0,0,0,0,0,0
290186,1,1,30,30,30,30,30,30,30,30,30,30
290186,2,1,0,0,0,0,0,0,0,0,0,0
290187,1,1,0,0,0,0,0,0,0,0,0,0
290189,1,1,0,0,0,0,0,0,0,0,0,0
290189,2,1,0,0,0,0,0,0,0,0,0,0
290190,1,1,0,0,0,0,0,0,0,0,0,0
290191,1,1,0,0,0,0,0,0,0,0,0,0
290191,2,1,0,0,0,0,0,0,0,0,0,0
290192,1,1,0,0,0,0,0,0,0,0,0,0
290192,2,1,0,0,0,0,0,0,0,0,0,0
290193,1,1,0,0,0,0,0,0,0,0,0,0
290193,2,1,0,0,0,0,0,0,0,0,0,0
290193,3,1,0,0,0,0,0,0,0,0,0,0
290194,1,1,0,0,0,0,0,0,0,0,0,0
290194,2,1,0,0,0,0,0,0,0,0,0,0
290195,1,1,0,0,0,0,0,0,0,0,0,0
290196,1,1,29,29,29,29,29,29,29,29,29,29
290197,1,1,27,27,27,27,27,27,27,27,27,27
290198,1,1,30,30,30,30,30,30,30,30,30,30
290199,1,1,10,10,10,10,10,10,10,10,10,10
290200,0,1,28,28,28,28,28,28,28,28,28,28
290200,1,1,0,0,0,0,0,0,0,0,0,0
290201,1,1,0,0,0,0,26,0,0,0,0,0
290202,1,1,17,17,17,17,17,17,17,17,17,17
290203,1,1,7,7,7,7,7,7,7,7,7,7
290204,0,1,0,12,0,0,24,30,32,0,45,29
290204,1,1,0,0,0,0,0,0,0,0,0,0
290205,1,1,2,2,2,2,2,2,2,2,2,2
290205,2,1,0,0,0,0,0,0,0,0,0,0
290206,1,1,0,0,0,0,0,0,0,0,0,0
290207,1,1,0,0,0,0,0,0,0,0,0,0
290207,2,1,0,0,0,0,0,0,0,0,0,0
290208,1,1,0,0,0,0,0,0,0,0,0,0
290209,1,1,0,0,0,0,0,0,0,0,0,0
290209,2,1,0,0,0,0,0,0,0,0,0,0
290210,1,1,0,0,0,0,0,0,0,0,0,0
290211,1,1,0,0,0,0,0,0,0,0,0,0
290211,2,1,0,0,0,0,0,0,0,0,0,0
290212,1,1,0,0,0,0,0,0,0,0,0,0
290213,1,1,12,12,12,12,12,12,12,12,12,12
290214,1,1,10,10,10,10,10,10,10,10,10,10
290215,1,1,0,0,0,0,0,0,0,0,0,0
290215,2,1,6,0,0,0,0,0,0,15,0,0
290216,1,1,0,0,0,0,0,0,0,0,0,0
290217,1,1,0,0,0,0,0,0,0,0,0,0
290218,1,1,0,0,0,0,0,0,0,0,0,0
290219,1,1,34,34,34,34,34,34,34,34,34,34
290220,1,1,0,0,0,0,0,0,0,0,0,0
290220,2,1,0,0,0,0,0,0,0,0,0,0
290221,1,1,0,0,0,0,0,0,0,0,0,0
290221,2,1,0,0,0,0,0,0,0,0,0,0
290222,1,1,0,0,0,0,0,0,0,0,0,0
290223,0,1,8,8,8,8,8,8,8,8,8,8
290223,0,2,13,30,0,20,0,46,0,9,7,18
290223,2,1,0,0,0,0,0,0,0,0,0,0
290224,1,1,0,0,0,0,0,0,0,0,0,0
290224,2,1,0,0,0,0,0,0,0,0,0,0
290225,1,1,0,0,0,0,0,0,0,0,0,0
290225,2,1,0,0,0,0,0,0,0,0,0,0
290225,3,1,0,0,0,0,0,0,0,0,0,0
290225,4,1,0,0,0,0,0,0,0,0,0,0
290226,1,1,16,16,16,16,16,16,16,16,16,16
290227,1,1,0,0,0,0,0,0,0,0,0,0
290227,2,1,0,0,0,0,0,0,0,0,0,0
290227,3,1,0,0,0,0,0,0,0,0,0,0
290228,1,1,0,0,0,0,0,0,0,0,0,0
290229,1,1,15,15,15,15,15,15,15,15,15,15
290230,1,1,1,1,1,1,1,1,1,1,1,1
290231,1,1,0,0,0,0,0,0,0,0,0,0
290232,1,1,0,0,0,0,0,0,0,0,0,0
290232,2,1,0,0,0,0,0,0,0,0,0,0
290233,1,1,0,0,0,0,0,0,0,0,0,0
290234,1,1,25,25,25,25,25,25,25,25,25,25
290235,0,1,4,4,4,4,4,4,4,4,4,4
290235,1,1,8,0,17,0,0,0,0,21,14,0
290236,1,1,0,0,0,16,0,0,0,0,0,0
290236,2,1,0,0,0,0,0,0,0,0,0,0
290237,1,1,6,6,6,6,6,6,6,6,6,6
290237,2,1,32,0,0,0,0,0,11,0,0,0
290237,3,1,0,0,0,0,0,0,0,0,0,0
290238,0,1,0,0,0,0,0,0,0,0,0,0
290238,1,1,0,0,0,0,0,0,0,0,0,0
290239,1,1,0,0,0,0,0,0,0,14,0,0
290239,2,1,0,0,0,0,0,0,10,0,0,0
290241,1,1,0,0,0,0,0,0,0,0,0,0
290241,2,1,0,0,0,0,0,0,0,0,0,0
290242,1,1,0,0,0,0,0,0,0,0,0,0
290242,2,1,0,0,0,0,0,0,0,0,0,0
290243,1,1,0,0,0,0,0,0,0,0,0,0
290243,2,1,0,0,0,0,0,0,0,0,0,0
290244,1,1,0,0,0,0,0,0,0,0,0,0
290244,2,1,0,0,0,0,0,0,0,0,0,0
290245,1,1,0,0,0,0,0,0,0,0,0,0
290245,2,1,0,0,0,0,0,0,0,0,0,0
290245,3,1,0,0,0,0,0,0,0,0,0,0
290246,1,1,13,6,0,25,13,0,0,0,0,0
290247,1,1,0,0,0,0,0,0,0,0,0,0
290248,1,1,0,0,0,0,0,0,0,0,0,0
290248,2,1,0,0,0,0,0,0,0,0,0,0
290249,1,1,7,0,0,0,0,13,0,0,0,19
290250,1,1,0,0,0,0,0,0,0,0,0,0
290251,1,1,0,0,26,0,0,0,0,0,0,0
290252,1,1,0,0,0,0,0,0,14,0,0,0
290253,1,1,0,0,0,0,0,0,0,0,0,0
290253,2,1,0,0,0,0,0,0,0,0,0,0
290254,1,1,0,0,0,0,0,0,0,0,0,0
290254,2,1,0,0,0,0,0,0,0,0,0,0
290255,1,1,0,0,0,0,0,0,0,0,0,0
290256,1,1,0,0,0,0,0,0,0,0,0,0
290257,0,1,0,0,0,0,0,0,0,0,0,0
290257,1,1,0,20,0,13,7,0,23,0,0,0
290258,1,1,0,0,0,0,0,0,0,0,0,0
290258,2,1,0,0,0,0,0,0,0,0,0,0
290259,1,1,0,0,0,0,0,0,0,0,0,0
290259,2,1,0,0,0,0,0,0,0,0,0,0
290260,1,1,19,19,19,19,19,19,19,19,19,19
290261,1,1,26,26,26,26,26,26,26,26,26,26
290261,2,1,0,0,0,0,0,0,0,0,0,0
290262,0,1,27,0,23,0,26,17,23,0,0,15
290262,1,1,0,0,0,0,0,0,0,0,0,0
290264,1,1,0,0,0,0,0,0,0,0,0,0
290264,2,1,0,0,0,0,0,0,0,0,0,0
290265,0,1,0,0,0,0,0,0,0,0,0,0
290265,1,1,0,0,0,0,0,0,0,0,0,0
290266,0,1,24,24,24,24,24,24,24,24,24,24
290266,1,1,0,0,0,19,0,0,10,0,0,0
290266,2,1,0,0,0,0,0,21,0,0,0,0
290267,1,1,0,0,0,0,0,0,0,0,0,0
290267,2,1,0,0,0,0,0,0,0,0,0,0
290268,1,1,0,0,0,20,0,0,0,0,0,0
290268,2,1,22,22,22,22,22,22,22,22,22,22
290269,1,1,0,0,0,0,0,0,0,0,0,0
290270,1,1,16,16,16,16,16,16,16,16,16,16
290270,2,1,27,27,27,27,27,27,27,27,27,27
290271,1,1,16,0,25,19,0,0,0,0,0,11
290272,1,1,0,0,0,0,0,0,0,0,0,0
290272,2,1,0,0,0,0,0,0,0,0,0,0
290273,1,1,0,0,0,0,0,0,0,0,0,0
290273,2,1,0,0,0,0,0,0,0,0,0,0
290273,3,1,0,0,0,0,0,0,0,0,0,0
290273,4,1,0,0,0,0,0,0,0,0,0,0
290273,5,1,0,0,0,0,0,0,0,0,0,0
290273,6,1,0,0,0,0,0,0,0,0,0,0
290274,1,1,0,0,0,0,0,0,0,0,0,0
290274,2,1,0,0,0,0,0,0,0,0,0,0
290274,3,1,0,0,0,0,0,0,0,0,0,0
290274,4,1,0,0,0,0,0,0,0,0,0,0
290275,0,1,0,0,0,0,0,0,0,0,0,0
290275,0,2,0,0,0,0,0,0,0,0,0,0
290275,2,1,0,0,0,0,0,0,0,0,0,0
290276,1,1,30,30,30,30,30,30,30,30,30,30
290277,1,1,0,0,0,0,0,0,0,0,0,0
290277,2,1,0,0,0,0,0,0,0,0,0,0
290278,1,1,0,0,0,0,0,0,0,0,0,0
290278,2,1,0,0,0,0,0,0,0,0,0,0
290279,1,1,0,0,0,0,0,0,0,0,0,0
290279,2,1,0,0,0,0,0,0,0,0,0,0
290280,1,1,0,0,0,0,0,0,0,0,0,0
290280,2,1,0,0,0,0,0,0,0,0,0,0
290281,1,1,0,0,0,0,0,0,0,0,0,0
290281,2,1,0,0,0,0,0,0,0,0,0,0
290282,1,1,0,0,0,0,0,0,0,0,0,0
290283,1,1,0,0,0,0,0,0,0,0,0,0
290283,2,1,0,0,0,0,0,0,0,0,0,0
290284,1,1,0,0,0,0,0,0,0,0,0,0
290285,1,1,0,0,0,0,0,0,0,0,0,0
290285,2,1,0,0,0,0,0,0,0,0,0,0
290286,1,1,0,0,0,0,0,0,14,0,0,0
290286,2,1,0,0,0,0,0,0,0,0,0,0
290287,1,1,0,0,0,0,0,0,0,0,0,0
290288,0,1,0,0,0,0,0,0,0,0,0,0
290288,1,1,0,0,0,0,0,0,0,0,0,0
290289,1,1,0,0,0,0,0,0,0,0,0,0
290289,2,1,0,0,0,0,0,0,0,0,0,0
290289,3,1,0,0,0,0,0,0,0,0,0,0
290290,1,1,0,0,0,0,0,0,0,0,0,0
290290,2,1,0,0,0,0,0,0,0,0,0,0
290291,1,1,0,0,0,0,0,0,0,0,0,0
290291,2,1,0,0,0,0,0,0,0,0,0,0
290292,0,1,33,33,33,33,33,33,33,33,33,33
290292,1,1,12,0,0,26,5,9,35,0,0,0
290293,1,1,17,17,17,17,17,17,17,17,17,17
290294,1,1,18,18,18,18,18,18,18,18,18,18
290295,1,1,0,0,0,0,0,0,0,0,0,0
290296,1,1,0,0,0,0,0,0,0,0,0,0
290297,0,1,20,20,20,20,20,20,20,20,20,20
290297,1,1,4,4,4,4,4,4,4,4,4,4
290298,1,1,0,0,0,0,0,0,0,0,0,0
290298,2,1,0,0,0,0,0,0,0,0,0,0
290299,1,1,11,11,11,11,11,11,11,11,11,11
290300,1,1,24,24,24,24,24,24,24,24,24,24
290300,2,1,0,0,0,0,0,0,0,0,0,0
290301,1,1,0,0,0,0,0,0,0,0,0,0
290302,1,1,31,31,31,31,31,31,31,31,31,31
290303,0,1,0,0,0,0,0,0,0,29,0,0
290303,1,1,27,10,0,15,0,0,0,0,0,0
290304,1,1,27,27,27,27,27,27,27,27,27,27
290305,1,1,0,0,0,0,0,0,0,0,0,0
290305,2,1,0,0,0,0,0,0,0,0,0,0
290306,1,1,27,27,27,27,27,27,27,27,27,27
290306,2,1,0,0,0,0,0,0,0,0,0,0
290306,3,1,0,0,0,0,0,0,0,0,0,0
290307,1,1,0,0,0,0,0,0,0,0,0,0
290308,0,1,11,11,11,11,11,11,11,11,11,11
290308,1,1,0,0,0,0,0,0,0,0,0,0
290309,0,1,18,18,18,18,18,18,18,18,18,18
290309,1,1,0,0,0,0,0,0,0,0,0,0
290310,1,1,9,9,9,9,9,9,9,9,9,9
290311,1,1,17,17,17,17,17,17,17,17,17,17
290312,0,1,0,0,0,0,0,0,0,0,0,0
290312,1,1,0,0,0,0,0,0,0,0,0,0
290313,0,1,0,0,0,0,0,0,0,0,0,0
290313,1,1,0,0,0,0,0,0,0,0,0,0
290314,1,1,0,0,0,0,0,0,0,0,0,0
290315,1,1,0,0,0,0,0,0,0,0,0,0
290315,2,1,0,0,0,0,0,0,0,0,0,0
290316,1,1,0,0,0,0,0,0,0,0,0,0
290316,2,1,0,0,18,0,0,0,0,0,0,0
290317,1,1,0,0,0,0,0,0,0,0,0,0
290317,2,1,0,0,0,0,0,0,0,0,0,0
290318,1,1,6,6,6,6,6,6,6,6,6,6
290319,1,1,20,20,20,20,20,20,20,20,20,20
290320,1,1,0,0,0,0,0,0,0,0,0,0
290320,2,1,0,0,0,0,0,0,0,0,0,0
290321,1,1,0,0,0,0,0,0,0,0,0,0
290321,2,1,0,0,0,0,0,0,0,0,0,0
290322,0,1,11,11,11,11,11,11,11,11,11,11
290322,1,1,0,0,0,0,0,0,0,0,0,0
290323,1,1,0,0,6,4,0,10,0,0,0,0
290324,1,1,14,14,14,14,14,14,14,14,14,14
290325,1,1,24,24,24,24,24,24,24,24,24,24
290326,1,1,0,0,0,0,0,0,0,0,0,0
290327,1,1,0,0,0,0,0,0,0,0,0,0
290328,1,1,15,15,0,21,17,0,0,0,0,0
290329,1,1,18,18,18,18,18,18,18,18,18,18
290330,1,1,0,0,0,0,0,0,0,0,0,0
290331,1,1,0,0,0,0,0,0,0,0,0,0
290332,1,1,6,6,6,6,6,6,6,6,6,6
290333,1,1,23,23,23,23,23,23,23,23,23,23
290334,1,1,0,0,0,0,0,0,0,0,0,0
290334,2,1,9,9,9,9,9,9,9,9,9,9
290335,0,1,0,0,0,0,0,0,0,0,0,0
290335,1,1,0,0,0,0,0,0,0,0,0,0
290336,1,1,9,0,0,0,0,0,11,0,0,2
290336,2,1,2,2,2,2,2,2,2,2,2,2
290337,1,1,0,0,0,0,0,0,0,0,0,0
290337,2,1,0,0,0,0,0,0,0,0,0,0
290338,1,1,0,0,0,0,0,0,0,0,0,0
290338,2,1,0,0,0,0,0,0,0,0,0,0
290339,1,1,33,33,33,33,33,33,33,33,33,33
290340,1,1,31,31,31,31,31,31,31,31,31,31
290341,1,1,22,22,22,22,22,22,22,22,22,22
290341,2,1,12,19,28,12,0,23,0,20,0,15
290342,1,1,0,0,0,0,0,0,0,0,0,0
290342,2,1,12,12,12,12,12,12,12,12,12,12
290343,0,1,0,0,0,0,0,0,0,0,0,0
290343,0,2,0,44,6,0,0,0,0,0,0,0
290343,1,1,0,0,0,0,0,0,0,0,0,0
290343,2,1,0,0,0,0,0,0,0,0,0,0
290344,1,1,0,0,0,0,0,0,0,0,0,0
290345,1,1,5,5,5,5,5,5,5,5,5,5
290346,1,1,0,0,0,0,0,0,0,0,0,0
290347,1,1,0,0,0,0,0,0,0,0,0,0
290348,1,1,0,0,0,0,0,0,0,0,0,0
290349,1,1,0,0,0,0,0,0,0,0,0,0
290350,1,1,8,8,8,8,8,8,8,8,8,8
290352,1,1,15,15,15,15,15,15,15,15,15,15
290353,0,1,0,0,0,0,0,0,0,0,0,0
290353,1,1,0,0,0,18,18,0,16,0,0,0
290354,1,1,0,0,0,20,10,0,0,0,0,0
290355,1,1,0,0,0,0,0,0,0,0,0,0
290356,1,1,1,1,1,1,1,1,1,1,1,1
290357,0,1,0,0,0,0,0,0,13,0,30,30
290357,1,1,0,0,0,0,0,0,0,0,31,0
290358,0,1,0,0,0,0,0,0,0,0,0,0
290358,1,1,25,14,21,0,0,0,0,19,13,0
290359,0,1,19,19,19,19,19,19,19,19,19,19
290359,1,1,0,0,0,0,0,0,0,0,0,0
290360,1,1,6,6,6,6,6,6,6,6,6,6
290361,1,1,0,0,0,0,0,0,0,0,0,0
290362,1,1,0,0,0,0,0,0,0,0,0,0
290363,1,1,0,0,0,0,0,0,0,0,0,0
290364,1,1,0,0,0,0,0,0,0,0,0,0
290365,1,1,16,16,16,16,16,16,16,16,16,16
290366,1,1,24,24,24,24,24,24,24,24,24,24
290367,1,1,6,6,6,6,6,6,6,6,6,6
290368,1,1,0,0,0,0,0,0,0,0,0,0
290369,1,1,0,0,0,0,0,0,0,0,0,0
290370,1,1,0,0,0,0,0,0,0,0,0,0
290371,1,1,15,0,0,16,0,0,0,0,0,0
290372,1,1,15,15,15,15,15,15,15,15,15,15
290373,1,1,0,0,0,0,0,0,0,0,0,0
290374,1,1,0,0,0,0,0,0,0,0,0,0
290375,1,1,17,17,17,17,17,17,17,17,17,17
290376,1,1,0,0,0,0,0,0,0,0,0,0
290378,1,1,16,16,16,16,16,16,16,16,16,16
290379,1,1,0,14,12,0,3,0,0,0,0,0
290380,1,1,0,0,0,0,0,0,0,0,0,0
290381,1,1,17,17,17,17,17,17,17,17,17,17
290382,1,1,0,0,0,0,0,0,0,0,0,0
290383,0,1,0,0,0,0,0,0,0,0,0,0
290383,1,1,0,0,0,0,0,0,0,0,0,0
290384,1,1,12,0,0,0,0,0,0,24,0,0
290385,1,1,0,0,0,0,0,0,0,0,0,0
290386,1,1,0,0,0,0,0,0,0,0,0,0
290386,2,1,0,0,0,0,0,0,0,0,0,0
290387,1,1,0,0,0,0,0,0,0,0,0,0
290387,2,1,0,0,0,0,0,0,0,0,0,0
290388,1,1,1,1,1,1,1,1,1,1,1,1
290388,2,1,0,0,0,0,0,0,0,0,0,0
290389,1,1,0,0,0,0,0,0,0,0,0,0
290389,2,1,0,0,0,0,0,0,0,0,0,0
290390,1,1,0,0,0,0,0,0,0,0,0,0
290390,2,1,0,0,0,0,0,0,0,0,0,0
290391,1,1,0,0,0,0,0,0,0,0,0,0
290391,2,1,0,0,0,0,0,0,0,0,0,0
290392,1,1,0,0,0,0,0,0,0,0,0,0
290392,2,1,0,9,0,0,0,0,0,0,0,0
290393,0,1,31,12,28,6,36,18,14,4,29,20
290393,1,1,19,0,15,14,10,26,13,18,0,0
290394,0,1,20,20,20,20,20,20,20,20,20,20
290394,1,1,0,0,0,0,0,0,0,0,0,0
290395,1,1,0,0,0,0,0,0,0,0,0,0
290395,2,1,0,0,0,0,0,0,0,0,0,0
290396,0,1,0,0,0,0,0,0,0,0,0,0
290396,1,1,0,0,0,0,0,0,0,0,0,0
290397,0,1,20,20,20,20,20,20,20,20,20,20
290397,1,1,0,27,0,32,0,19,7,0,8,0
290398,1,1,0,0,0,0,0,0,0,0,0,0
290399,1,1,0,0,8,0,0,11,0,0,0,5
290400,1,1,0,0,0,0,0,0,0,0,0,0
290400,2,1,0,0,0,0,0,0,0,0,0,0
290401,1,1,2,21,35,14,58,24,0,0,0,21
290402,1,1,6,6,6,6,6,6,6,6,6,6
290402,2,1,0,0,0,0,0,0,0,0,0,0
290403,1,1,12,12,12,12,12,12,12,12,12,12
290403,2,1,0,0,0,0,0,0,0,0,0,0
290404,1,1,0,0,0,28,0,0,0,0,0,0
290404,2,1,0,0,0,0,0,0,0,0,0,0
290405,1,1,22,22,22,22,22,22,22,22,22,22
290405,2,1,0,0,0,0,0,0,0,0,0,8
290406,1,1,24,20,0,4,6,23,25,27,30,8
290406,2,1,0,0,0,0,0,0,0,0,0,0
290407,1,1,0,0,0,0,0,0,0,0,0,0
290407,2,1,0,0,0,0,0,0,0,0,0,0
290408,1,1,24,24,24,24,24,24,24,24,24,24
290408,2,1,8,0,0,24,12,0,0,16,13,0
290409,1,1,10,10,10,10,10,10,10,10,10,10
290409,2,1,0,0,0,0,0,0,0,0,0,0
290410,1,1,0,21,0,16,9,0,0,0,0,0
290411,1,1,0,0,0,0,0,0,0,0,0,0
290411,2,1,0,0,0,0,0,0,0,0,0,0
290412,1,1,0,0,0,0,0,0,0,0,0,0
290413,1,1,0,0,0,0,0,0,0,0,0,0
290413,2,1,0,0,0,0,0,0,0,0,0,0
290414,1,1,0,10,0,0,0,0,0,0,0,0
290415,1,1,0,14,0,0,0,0,9,0,6,0
290416,1,1,0,0,0,0,0,0,0,0,0,0
290417,1,1,35,35,35,35,35,35,35,35,35,35
290418,0,1,8,28,0,0,0,34,18,28,0,26
290418,1,1,0,0,0,0,0,0,0,0,0,0
290419,1,1,7,7,7,7,7,7,7,7,7,7
290419,2,1,3,3,3,3,3,3,3,3,3,3
290420,1,1,0,0,0,0,0,0,0,0,0,0
290421,1,1,0,0,0,0,0,0,0,0,0,0
290421,2,1,0,0,0,0,0,0,0,0,0,0
290421,3,1,0,0,0,0,0,0,0,0,0,0
290422,1,1,9,9,9,9,9,9,9,9,9,9
290423,1,1,0,0,0,0,0,0,0,0,0,0
290423,2,1,0,0,0,0,0,0,0,0,0,0
290423,3,1,0,0,0,0,0,0,0,0,0,0
290424,4,1,0,0,0,0,0,0,0,0,0,0
290425,0,1,0,0,0,0,0,0,0,0,0,0
290425,0,2,0,0,0,0,0,0,0,0,0,0
290425,1,1,23,13,13,14,19,0,8,10,24,23
290425,2,1,0,0,0,0,0,0,0,0,0,0
290426,1,1,0,0,0,0,0,0,0,0,0,0
290427,1,1,0,0,0,0,0,0,0,0,0,0
290428,1,1,0,0,0,0,0,0,0,0,0,0
290428,2,1,0,0,0,0,0,0,0,0,0,0
290429,1,1,10,10,10,10,10,10,10,10,10,10
290430,1,1,27,0,0,0,0,27,0,0,0,19
290431,1,1,9,9,9,9,9,9,9,9,9,9
290432,1,1,0,0,0,0,0,0,0,0,0,0
290432,2,1,0,0,0,0,0,0,0,0,0,0
290434,1,1,0,0,0,0,0,0,0,0,0,0
290435,1,1,0,0,0,0,0,0,0,0,0,0