ST_CASE,VEH_NO,PER_NO,P1,P2,P3,P4,P5,P6,P7,P8,P9,P10
310016,1,1,20,20,20,20,20,20,20,20,20,20
310017,1,1,0,0,0,0,0,0,0,0,0,0
310018,1,1,14,14,14,14,14,14,14,14,14,14
310020,0,1,0,0,0,0,0,0,0,0,0,0
310020,1,1,0,0,0,0,0,0,0,0,0,0
310021,0,1,0,0,0,0,0,0,0,0,0,0
310021,1,1,0,0,0,0,0,0,0,0,0,0
310022,1,1,0,0,0,0,0,0,0,0,0,0
310022,2,1,0,0,0,0,0,0,0,0,0,0
310023,1,1,21,21,21,21,21,21,21,21,21,21
310024,1,1,9,9,9,9,9,9,9,9,9,9
310025,1,1,0,0,0,0,0,0,0,0,0,0
310026,1,1,0,0,0,0,0,0,0,0,0,0
310026,2,1,0,0,0,0,0,0,0,0,0,0
310027,1,1,0,0,0,0,0,0,0,0,0,0
310028,1,1,0,0,0,0,0,0,0,0,0,0
310028,2,1,0,0,0,0,0,0,0,0,0,0
310029,1,1,0,0,0,0,0,0,0,0,0,0
310029,2,1,0,0,0,0,0,0,0,0,0,0
310030,1,1,0,0,0,0,0,0,0,0,0,0
310030,2,1,0,0,0,0,0,0,0,0,0,0
310031,1,1,21,21,21,21,21,21,21,21,21,21
310031,2,1,0,0,0,0,0,0,0,0,0,0
310032,1,1,0,0,0,0,0,0,0,0,0,0
310032,2,1,0,0,0,0,0,0,0,0,0,0
310033,1,1,14,14,14,14,14,14,14,14,14,14
310034,1,1,0,0,0,0,0,0,0,0,0,0
310034,2,1,0,0,0,0,0,0,0,0,0,0
310035,1,1,0,0,0,0,0,0,0,0,0,0
310036,1,1,0,0,0,0,0,0,0,0,17,0
310037,1,1,0,0,0,0,0,0,0,0,0,0
310037,2,1,0,0,0,0,0,0,0,0,0,0
310038,1,1,22,22,22,22,22,22,22,22,22,22
310039,1,1,13,13,13,13,13,13,13,13,13,13
310041,1,1,9,9,9,9,9,9,9,9,9,9
310042,1,1,0,0,0,0,0,0,0,0,0,0
310043,1,1,1,1,1,1,1,1,1,1,1,1
310044,1,1,6,16,18,9,11,0,36,0,0,0
310045,1,1,35,35,35,35,35,35,35,35,35,35
310046,0,1,0,0,0,0,0,0,0,0,0,0
310046,1,1,0,0,0,0,0,0,0,0,0,0
310047,1,1,2,2,2,2,2,2,2,2,2,2
310048,1,1,0,0,0,0,0,0,0,0,0,0
310048,2,1,0,0,0,0,0,0,0,0,0,0
310049,1,1,0,0,0,0,0,0,0,0,0,0
310050,1,1,10,0,0,0,0,0,0,0,0,0
310050,2,1,0,0,0,0,0,0,0,0,0,0
310051,1,1,0,0,0,0,0,0,0,0,0,0
310051,2,1,0,0,0,0,0,0,0,0,0,0
310052,1,1,0,0,0,0,0,0,0,0,0,0
310053,1,1,0,0,0,0,0,0,0,0,0,0
310054,1,1,9,22,27,23,14,14,26,7,20,15
310055,1,1,0,0,0,0,0,0,0,5,0,0
310055,2,1,0,0,0,0,0,0,0,0,0,0
310056,0,1,0,0,0,0,0,0,0,0,0,0
310056,1,1,0,0,0,0,0,0,0,0,0,0
310057,1,1,0,0,0,0,0,0,0,0,0,0
310058,1,1,0,0,0,0,0,0,0,0,0,0
310059,1,1,12,12,12,12,12,12,12,12,12,12
310060,0,1,13,13,13,13,13,13,13,13,13,13
310060,1,1,0,0,0,0,0,0,0,0,0,0
310062,1,1,0,0,0,12,0,0,0,0,0,0
310063,1,1,0,0,0,0,0,0,0,0,0,0
310064,1,1,0,0,0,0,0,0,0,0,0,0
310064,2,1,0,0,0,0,0,0,0,0,0,0
310065,1,1,5,5,5,5,5,5,5,5,5,5
310066,1,1,18,18,18,18,18,18,18,18,18,18
310066,2,1,0,0,0,0,0,0,0,0,0,0
310067,1,1,0,0,0,0,0,0,0,0,0,0
310067,2,1,0,0,0,0,0,0,0,0,0,0
310068,1,1,14,14,14,14,14,14,14,14,14,14
310068,2,1,0,0,0,9,0,0,0,0,0,0
310069,1,1,0,0,0,0,0,0,0,0,0,0
310069,2,1,0,0,0,0,0,0,0,0,0,0
310070,1,1,0,0,0,0,0,0,0,0,0,0
310070,2,1,0,0,0,0,0,0,0,0,0,0
310071,1,1,0,0,0,0,0,0,0,0,0,0
310071,2,1,0,0,0,0,0,0,0,0,0,0
310072,1,1,0,0,20,0,0,0,0,0,0,0
310072,2,1,0,0,0,0,0,0,0,0,0,0
310073,1,1,0,0,0,0,0,0,0,0,0,0
310073,2,1,0,0,0,0,0,0,0,0,0,0
310074,1,1,0,0,0,0,0,0,0,0,0,0
310074,2,1,0,0,0,0,0,0,0,0,0,0
310074,3,1,0,0,0,0,0,0,0,0,0,0
310075,1,1,0,0,0,0,0,0,0,0,0,0
310075,2,1,0,0,0,16,0,0,0,0,0,0
310075,3,1,0,0,0,0,0,0,0,0,0,0
310075,4,1,0,0,0,0,0,0,0,0,0,0
310076,1,1,0,0,0,0,0,0,0,0,0,0
310077,1,1,14,14,14,14,14,14,14,14,14,14
310078,1,1,17,17,17,17,17,17,17,17,17,17
310079,1,1,0,0,0,0,0,0,0,0,0,0
310079,2,1,0,0,0,0,0,0,26,0,0,0
310080,1,1,12,12,12,12,12,12,12,12,12,12
310081,1,1,0,0,0,0,0,0,0,0,0,0
310081,2,1,12,12,12,12,12,12,12,12,12,12
310082,1,1,0,0,0,0,0,0,0,0,0,0
310082,2,1,0,0,0,0,0,0,0,0,0,0
310083,1,1,9,9,9,9,9,9,9,9,9,9
310084,1,1,10,10,10,10,10,10,10,10,10,10
310085,1,1,0,0,0,0,0,0,0,0,0,0
310085,2,1,0,0,0,0,0,0,0,0,0,0
310086,1,1,10,10,10,10,10,10,10,10,10,10
310086,2,1,0,0,0,0,0,0,0,0,0,0
310087,0,1,0,0,0,0,0,0,0,0,0,0
310087,1,1,0,0,0,0,0,0,0,0,0,0
310088,1,1,0,0,0,0,0,0,0,0,0,0
310089,0,1,0,0,0,0,0,0,0,0,14,0
310089,1,1,0,0,0,0,0,0,0,0,0,0
310090,1,1,18,18,18,18,18,18,18,18,18,18
310091,1,1,10,0,13,26,0,0,12,21,25,4
310092,1,1,0,0,0,0,0,0,0,0,0,0
310092,2,1,0,0,0,0,0,0,0,0,0,0
310093,1,1,18,18,18,18,18,18,18,18,18,18
310094,1,1,0,0,0,0,0,0,0,0,0,0
310094,2,1,0,0,0,0,0,0,0,0,0,0
310095,1,1,0,0,0,0,0,0,0,0,0,0
310095,2,1,0,14,0,0,0,0,0,0,0,0
310096,1,1,24,24,24,24,24,24,24,24,24,24
310097,1,1,0,0,0,0,0,0,0,0,0,0
310097,2,1,0,0,0,0,0,0,0,0,0,0
310098,1,1,24,24,24,24,24,24,24,24,24,24
310099,1,1,0,0,0,0,0,0,0,0,0,0
310099,2,1,0,0,0,0,0,0,0,0,0,0
310100,0,1,0,0,0,0,0,0,0,0,0,0
310100,1,1,0,0,0,0,0,0,0,0,0,0
310101,1,1,13,13,13,13,13,13,13,13,13,13
310102,1,1,0,0,0,0,0,0,0,0,0,0
310103,1,1,0,0,0,0,0,0,0,0,0,0
310103,2,1,0,0,0,0,0,0,0,0,0,0
310104,1,1,0,0,0,0,0,0,0,0,0,0
310104,2,1,0,0,0,0,0,0,0,0,0,0
310105,1,1,0,0,0,0,0,0,0,0,0,0
310106,1,1,0,0,0,0,0,0,0,0,0,0
310107,1,1,0,0,0,0,0,0,0,0,0,0
310107,2,1,0,0,0,0,0,0,0,0,0,0
310108,1,1,0,0,0,0,0,0,0,0,0,0
310109,1,1,0,0,0,0,0,0,0,0,0,0
310110,1,1,14,14,14,14,14,14,14,14,14,14
310111,1,1,14,0,0,0,0,0,0,0,0,0
310112,1,1,0,0,0,0,0,0,0,0,17,0
310113,1,1,0,0,0,0,0,0,0,0,0,0
310113,2,1,0,0,0,0,0,0,0,0,0,0
310114,1,1,0,0,0,0,0,0,0,0,0,0
310114,2,1,0,0,0,0,0,0,0,0,0,0
310115,1,1,0,0,0,0,0,0,0,0,0,0
310115,2,1,15,15,15,15,15,15,15,15,15,15
310116,1,1,0,0,0,0,0,0,0,0,0,0
310116,2,1,0,0,0,0,0,0,0,0,0,0
310116,3,1,0,0,0,0,0,0,0,0,0,0
310117,1,1,0,0,0,0,0,0,0,0,0,0
310117,2,1,0,0,0,0,0,0,0,0,0,0
310118,1,1,0,0,0,0,0,0,0,0,0,0
310118,2,1,0,0,0,0,0,0,0,0,0,0
310119,0,1,0,0,0,0,0,0,0,0,0,0
310119,1,1,0,0,0,0,0,21,0,0,23,0
310120,0,1,0,0,0,0,0,0,0,0,0,0
310120,1,1,0,0,0,0,0,0,0,0,0,0
310121,1,1,0,0,0,0,0,0,0,0,0,0
310122,1,1,0,0,0,0,0,0,0,0,0,0
310122,2,1,0,0,0,0,0,0,0,0,0,0
310123,1,1,0,0,0,0,0,0,0,0,0,0
310124,1,1,28,28,28,28,28,28,28,28,28,28
310125,1,1,0,0,0,0,0,0,0,0,0,0
310126,0,1,16,16,16,16,16,16,16,16,16,16
310126,1,1,15,15,15,15,15,15,15,15,15,15
310127,1,1,0,0,0,0,0,0,0,0,0,0
310128,0,1,0,0,0,0,0,0,0,0,0,0
310128,1,1,0,0,0,25,0,0,0,0,22,0
310129,1,1,0,0,0,0,0,0,0,0,0,0
310130,1,1,0,0,0,0,0,0,0,0,0,0
310131,1,1,0,0,0,0,0,0,0,0,0,11
310132,1,1,0,0,0,0,0,0,0,0,0,0
310132,2,1,0,0,0,0,0,0,0,0,0,0
310133,1,1,0,0,0,0,0,0,0,0,0,0
310133,2,1,0,0,0,0,0,0,0,0,0,0
310134,1,1,0,0,0,0,0,0,0,0,0,0
310134,2,1,0,0,0,0,0,0,0,0,0,0
310135,1,1,0,0,0,0,0,0,0,0,0,0
310135,2,1,0,0,0,0,0,0,0,0,0,0
310136,1,1,0,0,0,0,0,0,0,0,0,0
310136,2,1,0,0,0,0,0,0,0,0,0,0
310137,1,1,0,0,0,0,0,0,0,0,0,0
310138,1,1,17,17,17,17,17,17,17,17,17,17
310139,1,1,0,0,0,0,0,0,0,0,0,0
310140,1,1,25,25,25,25,25,25,25,25,25,25
310141,1,1,28,28,28,28,28,28,28,28,28,28
310142,1,1,33,33,33,33,33,33,33,33,33,33
310142,2,1,0,0,0,0,0,0,0,0,0,0
310143,1,1,12,12,12,12,12,12,12,12,12,12
310143,2,1,0,0,0,0,0,0,0,0,0,0
310144,1,1,18,18,18,18,18,18,18,18,18,18
310145,1,1,0,0,0,0,0,0,0,0,0,0
310145,2,1,0,0,0,0,0,0,0,0,0,0
310146,1,1,21,21,21,21,21,21,21,21,21,21
310147,1,1,6,6,6,6,6,6,6,6,6,6
310148,1,1,0,0,0,0,0,0,0,0,0,0
310149,1,1,0,0,0,0,0,0,0,0,0,0
310149,2,1,0,0,0,0,0,0,0,0,0,0
310150,1,1,0,0,0,0,0,0,0,0,0,0
310150,2,1,0,0,0,0,0,0,0,0,0,0
310151,1,1,0,0,0,0,0,0,0,0,0,0
310151,2,1,0,0,0,0,0,0,0,0,0,0
310152,1,1,0,0,0,0,0,8,0,0,0,0
310153,1,1,0,0,0,0,0,0,0,0,0,0
310153,2,1,0,15,0,0,0,0,0,0,0,0
310153,3,1,0,0,0,0,0,0,0,0,0,0
310154,1,1,0,0,0,0,0,0,0,0,0,0
310154,2,1,0,0,0,0,0,0,0,0,0,0
310154,3,1,0,0,0,0,0,0,0,0,0,0
310154,4,1,0,0,0,0,0,0,0,0,0,0
310155,1,1,0,0,0,0,0,0,0,0,0,0
310155,2,1,0,0,0,0,0,0,0,0,0,0
310155,3,1,0,0,0,0,0,0,0,0,0,0
310155,4,1,0,0,0,0,0,0,0,0,0,0
310155,5,1,0,0,0,0,0,0,0,0,0,0
310156,1,1,22,22,22,22,22,22,22,22,22,22
310156,2,1,0,0,0,0,0,0,0,0,0,0
310157,0,1,0,0,0,0,0,0,0,0,0,0
310157,1,1,8,8,8,8,8,8,8,8,8,8
310158,1,1,0,0,0,0,0,0,0,0,0,0
310158,2,1,18,18,18,18,18,18,18,18,18,18
310159,0,1,0,0,0,0,0,0,0,0,0,0
310159,1,1,7,0,0,0,2,18,0,10,12,0
310160,0,1,39,39,39,39,39,39,39,39,39,39
310160,1,1,0,0,0,0,0,0,0,0,0,0
310161,1,1,18,18,18,18,18,18,18,18,18,18
310161,2,1,0,24,0,0,23,0,0,0,0,0
310162,1,1,17,17,17,17,17,17,17,17,17,17
310163,1,1,0,0,0,0,0,0,0,0,0,0
310163,2,1,0,0,0,0,0,0,0,0,0,0
310164,0,1,0,0,0,0,0,0,0,0,0,0
310164,1,1,0,0,0,0,0,0,0,0,0,0
310165,1,1,0,0,0,0,14,0,0,0,0,0
310166,1,1,0,0,0,0,0,0,0,0,0,0
310167,1,1,10,26,0,19,0,0,11,0,0,0
310168,1,1,0,0,0,0,0,0,0,0,0,0
310169,1,1,0,29,13,0,0,0,14,7,0,49
310170,1,1,0,0,0,7,0,0,0,0,0,0
310170,2,1,0,0,0,0,20,0,0,0,0,17
310170,3,1,0,0,0,0,0,0,0,0,0,0
310171,1,1,8,8,8,8,8,8,8,8,8,8
310171,2,1,0,0,0,0,0,0,0,0,0,0
310172,1,1,0,0,0,0,0,0,0,0,0,0
310173,1,1,0,0,0,0,0,0,0,0,0,0
310173,2,1,0,0,0,0,0,0,0,0,0,0
310174,1,1,0,0,0,0,0,0,0,0,0,0
310174,2,1,0,0,0,0,0,0,0,0,0,0
310175,1,1,0,0,0,0,0,0,0,0,0,0
310176,1,1,10,10,10,10,10,10,10,10,10,10
310177,1,1,0,0,0,0,0,0,0,0,0,0
310178,0,1,0,0,0,0,0,0,0,0,0,0
310178,1,1,0,0,0,0,0,0,0,0,0,0
310179,1,1,0,0,0,0,0,0,0,0,0,2
310179,2,1,0,0,0,0,0,0,0,0,0,0
310180,1,1,0,0,0,0,0,0,0,0,0,0
310180,2,1,0,0,0,0,0,0,0,0,0,0
310181,0,1,0,0,0,0,0,0,0,0,0,0
310181,2,1,0,0,0,0,0,0,0,0,0,0
310182,1,1,0,0,0,0,0,0,0,0,0,0
310183,0,1,0,0,13,7,0,0,0,0,29,0
310183,0,2,26,0,16,0,8,0,0,0,22,0
310183,1,1,0,0,0,0,0,0,0,0,0,0
310184,1,1,0,0,0,0,0,0,0,0,0,0
310185,1,1,0,0,0,0,0,0,0,0,0,0
310186,1,1,0,0,0,0,0,0,0,0,0,0
310186,2,1,0,0,0,0,0,0,0,0,0,0
310186,3,1,0,0,0,0,0,0,0,0,0,0
310186,4,1,0,0,12,0,0,0,0,0,0,0
310186,5,1,0,0,0,0,0,0,0,0,0,0
310187,1,1,0,0,0,0,0,0,0,0,0,0
310187,2,1,0,0,0,0,0,23,0,0,0,0
310187,3,1,0,0,0,0,0,0,0,0,0,0
310187,4,1,0,0,0,0,0,0,0,0,0,0
310187,5,1,0,0,0,0,0,0,0,0,0,0
310188,1,1,0,0,0,0,0,0,0,0,0,0
310188,2,1,0,0,0,0,0,0,0,0,0,0
310189,1,1,0,0,0,0,0,0,0,0,0,0
310189,2,1,0,0,0,0,0,0,0,0,0,0
310190,1,1,0,0,0,0,0,0,0,0,0,0
310190,2,1,0,0,0,0,0,0,0,0,0,0
310191,1,1,20,20,20,20,20,20,20,20,20,20
310191,2,1,0,0,0,0,0,0,0,0,0,0
310191,3,1,0,0,0,0,0,0,0,0,12,0
310192,1,1,12,12,12,12,12,12,12,12,12,12
310193,1,1,0,0,0,0,0,0,0,3,0,7
310194,1,1,0,0,0,0,0,0,0,0,0,22
310195,1,1,0,0,0,0,0,0,0,0,0,0
310196,0,1,28,28,28,28,28,28,28,28,28,28
310196,1,1,13,13,13,13,13,13,13,13,13,13
310197,1,1,0,0,0,0,0,0,0,0,0,0
310198,1,1,0,0,0,0,0,0,0,0,0,0
310199,1,1,0,0,0,0,0,0,0,12,0,0
310200,1,1,0,0,0,0,0,0,0,0,0,0
310201,1,2,0,10,18,18,0,19,0,0,0,9
310202,1,1,0,0,0,0,0,0,0,0,0,0
310203,1,1,0,0,0,0,0,0,0,0,0,0
310203,2,1,0,0,0,0,0,0,0,0,0,0
310204,1,1,0,0,0,0,0,0,0,0,0,0
310205,1,1,22,22,22,22,22,22,22,22,22,22
310205,2,1,0,0,0,0,0,0,0,0,0,0
310206,1,1,34,34,34,34,34,34,34,34,34,34
310206,2,1,10,10,10,10,10,10,10,10,10,10
310207,1,1,0,0,0,0,0,0,0,0,0,0
310207,2,1,0,0,0,0,0,0,0,0,0,0
310208,1,1,0,0,0,0,0,0,0,0,0,0
310208,2,1,0,0,0,0,0,0,0,0,0,0
310208,3,1,0,0,0,0,0,0,0,0,0,0
310208,4,1,0,0,0,0,0,0,0,0,0,0
310209,1,1,0,0,0,0,0,0,0,0,0,0
310209,2,1,0,0,0,0,0,0,0,0,0,0
310210,1,1,0,0,0,0,0,0,0,0,0,0
310210,2,1,0,0,0,0,0,0,0,0,0,0
310210,3,1,0,0,0,0,0,0,0,0,0,0
310211,1,1,0,0,0,0,0,0,0,0,0,0
310211,2,1,0,0,0,0,0,0,0,0,0,0
310212,1,1,0,0,23,0,7,15,23,17,0,0
310213,0,1,0,0,0,0,0,0,0,0,0,0
320001,1,1,27,27,27,27,27,27,27,27,27,27
320002,1,1,0,0,0,0,0,0,0,0,0,0
320002,2,1,0,0,0,0,0,0,0,0,0,0
320003,0,1,0,0,0,0,36,0,0,0,13,0
320003,1,1,0,0,0,23,0,0,0,0,0,0
320004,1,1,0,0,0,0,19,0,13,0,0,0
320004,2,1,0,0,0,0,0,0,21,0,0,0
320004,3,1,0,0,0,0,0,0,0,0,0,0
320005,0,1,38,38,38,38,38,38,38,38,38,38
320005,1,1,0,0,24,0,0,0,0,0,0,0
320006,0,1,0,15,0,0,0,0,0,0,0,0
320006,1,1,0,0,10,0,0,0,0,0,0,0
320007,1,1,0,36,0,0,23,0,22,22,0,16
320008,1,1,0,0,0,0,0,0,0,0,0,0
320009,1,1,19,19,19,19,19,19,19,19,19,19
320010,1,1,0,0,0,0,0,0,0,0,0,0
320010,2,1,28,0,0,0,15,0,0,0,0,0
320010,3,1,0,0,0,0,0,0,0,0,0,0
320011,1,1,0,0,0,0,0,0,0,0,0,0
320012,1,1,0,0,0,0,0,0,0,0,0,0
320013,1,1,18,18,18,18,18,18,18,18,18,18
320014,0,1,0,0,0,0,0,0,0,0,0,0
320014,1,1,0,22,0,18,0,0,0,26,15,0
320015,1,1,0,0,0,0,0,0,0,0,0,0
320016,0,1,0,0,0,0,0,0,0,0,0,0
320016,1,1,19,0,0,0,17,0,0,0,0,0
320017,1,1,0,0,0,0,0,0,0,0,0,0
320017,2,1,0,0,0,0,0,0,0,0,0,0
320018,1,1,17,17,17,17,17,17,17,17,17,17
320018,2,1,0,0,0,0,0,0,0,0,11,0
320019,1,1,0,0,0,0,0,0,0,0,0,0
320019,2,1,2,2,2,2,2,2,2,2,2,2
320020,0,1,0,0,0,0,0,0,0,0,0,0
320020,1,1,0,0,0,0,0,0,0,0,0,0
320021,0,1,0,0,0,0,0,0,0,0,0,0
320021,1,1,0,0,0,0,0,0,0,0,0,0
320022,1,1,24,24,24,24,24,24,24,24,24,24
320022,2,1,0,0,0,0,0,0,0,0,0,0
320023,1,1,2,2,2,2,2,2,2,2,2,2
320023,2,1,0,0,0,0,0,0,0,0,0,0
320024,1,1,0,0,0,0,0,0,0,0,0,0
320024,2,1,0,0,0,0,0,0,0,0,0,0
320024,3,1,11,0,0,0,0,0,0,0,0,0
320024,4,1,0,30,0,0,0,0,0,26,0,0
320024,5,1,0,0,0,0,0,0,0,0,0,0
320025,1,1,0,0,0,0,0,0,0,0,0,0
320025,2,1,30,30,30,30,30,30,30,30,30,30
320026,1,1,38,38,38,38,38,38,38,38,38,38
320026,2,1,0,0,0,0,0,0,0,0,0,0
320027,1,1,0,0,0,0,0,0,0,0,0,0
320027,2,1,0,0,0,0,0,0,0,0,0,0
320028,1,1,0,0,0,0,0,0,0,0,0,0
320028,2,1,0,0,0,0,0,0,0,0,0,0
320028,3,1,0,0,0,0,0,0,0,0,0,0
320029,1,1,0,0,0,0,0,0,0,0,0,0
320029,2,1,0,0,0,0,0,0,0,0,0,0
320030,1,1,0,0,0,0,0,0,0,0,0,0
320030,2,1,0,0,0,0,11,0,0,0,0,0
320030,3,1,0,0,0,0,0,0,0,0,0,0
320030,4,1,0,0,0,0,0,0,0,0,0,0
320031,1,1,14,14,14,14,14,14,14,14,14,14
320032,1,1,0,0,0,0,0,0,0,0,0,0
320032,2,1,0,11,0,0,0,0,0,0,21,0
320033,0,1,27,27,27,27,27,27,27,27,27,27
320033,1,1,9,9,9,9,9,9,9,9,9,9
320034,1,1,8,8,8,8,8,8,8,8,8,8
320035,0,1,0,0,0,0,0,0,0,0,0,0
320035,1,1,0,0,0,0,0,0,0,0,0,0
320036,0,1,0,0,0,0,0,0,0,0,0,0
320036,0,2,0,0,0,0,0,0,0,0,31,24
320036,1,1,0,0,0,0,0,0,0,0,0,0
320037,0,1,13,27,0,0,13,0,0,0,0,0
320037,1,1,0,0,0,0,0,0,0,0,0,0
320038,1,1,25,25,25,25,25,25,25,25,25,25
320039,1,1,0,0,0,0,0,0,0,0,0,0
320040,1,1,15,15,15,15,15,15,15,15,15,15
320040,2,1,0,0,0,0,0,0,0,0,0,0
320041,0,1,17,17,17,17,17,17,17,17,17,17
320041,0,2,21,21,21,21,21,21,21,21,21,21
320041,1,1,0,0,0,0,0,0,0,0,0,0
320042,1,1,0,0,0,0,0,0,0,0,0,0
320042,2,1,0,0,0,0,0,0,0,0,0,0
320043,0,1,0,0,0,0,0,0,0,0,0,0
320043,1,1,0,0,0,0,0,0,0,0,0,0
320044,1,1,0,0,0,0,0,0,0,0,0,0
320045,1,1,0,0,0,0,0,0,0,0,0,0
320045,2,1,0,0,0,0,0,0,0,0,0,0
320046,1,1,22,22,22,22,22,22,22,22,22,22
320046,2,1,0,0,0,0,0,0,0,0,0,0
320047,1,1,19,19,19,19,19,19,19,19,19,19
320048,1,1,0,12,26,0,0,0,7,0,18,0
320049,1,1,0,0,0,0,0,0,0,0,0,0
320049,2,1,0,0,0,0,0,0,0,0,0,0
320050,1,1,10,10,10,10,10,10,10,10,10,10
320050,2,1,0,0,0,0,0,0,0,0,0,0
320051,0,1,0,0,0,0,0,0,0,0,0,0
320051,1,1,0,0,23,0,0,34,0,0,0,0
320052,1,1,0,0,0,0,0,0,0,0,0,0
320053,1,1,0,0,0,0,0,0,0,0,0,0
320053,2,1,0,0,0,0,0,0,0,0,0,0
320054,0,1,8,0,0,17,0,0,0,0,0,32
320054,1,1,16,0,0,0,0,0,0,0,0,0
320055,1,1,0,0,21,0,0,0,0,24,0,0
320056,0,1,0,0,0,0,0,0,0,0,0,0
320056,1,1,0,0,0,0,0,0,0,0,0,0
320057,1,1,0,0,0,0,0,0,0,0,0,0
320057,2,1,0,0,0,0,0,0,0,0,0,0
320058,1,1,0,0,0,0,0,0,0,0,0,0
320058,2,1,0,0,0,0,0,0,0,0,0,0
320059,1,1,0,0,0,0,0,0,0,0,0,0
320059,2,1,0,0,0,0,0,0,0,0,0,0
320060,1,1,20,20,20,20,20,20,20,20,20,20
320061,1,1,16,16,16,16,16,16,16,16,16,16
320061,2,1,0,0,0,17,0,0,0,0,0,0
320061,3,1,0,0,0,0,0,0,0,0,0,0
320062,0,1,0,0,0,0,0,0,0,0,0,0
320062,1,1,0,0,0,0,0,0,0,0,0,0
320063,0,1,1,1,1,1,1,1,1,1,1,1
320063,1,1,0,0,0,0,0,0,11,0,0,0
320064,1,1,13,13,13,13,13,13,13,13,13,13
320065,1,1,0,0,0,0,0,0,0,0,0,0
320065,2,1,0,0,0,0,0,0,0,0,0,0
320066,1,1,14,14,14,14,14,14,14,14,14,14
320067,1,1,0,0,0,0,0,0,0,0,0,0
320067,2,1,0,0,0,0,0,0,0,0,0,0
320068,1,1,0,0,0,0,0,0,0,0,0,0
320068,2,1,0,0,0,0,0,0,0,0,0,0
320068,3,1,0,0,0,0,0,0,0,0,3,0
320069,0,1,14,14,14,14,14,14,14,14,14,14
320069,1,1,0,0,0,0,0,0,0,0,0,0
320070,1,1,0,0,0,0,0,0,0,0,3,0
320070,2,1,0,0,0,0,0,0,0,0,0,0
320071,1,1,2,2,2,2,2,2,2,2,2,2
320072,1,1,0,0,0,0,0,0,0,0,0,0
320072,2,1,0,0,0,0,0,0,0,0,0,0
320073,1,1,19,19,19,19,19,19,19,19,19,19
320073,2,1,0,0,0,0,0,0,0,0,0,0
320074,1,1,13,13,13,13,13,13,13,13,13,13
320074,2,1,0,0,0,0,0,0,0,6,0,0
320074,3,1,0,0,0,0,21,0,0,0,0,0
320075,1,1,12,12,12,12,12,12,12,12,12,12
320075,2,1,0,0,0,0,0,0,0,0,0,0
320076,1,1,23,23,23,23,23,23,23,23,23,23
320077,1,1,23,23,23,23,23,23,23,23,23,23
320077,2,1,0,0,0,0,0,0,0,0,0,0
320078,0,1,18,11,0,3,20,0,0,0,0,0
320078,1,1,0,0,0,0,0,0,17,0,0,0
320079,1,1,10,10,10,10,10,10,10,10,10,10
320080,1,1,0,0,0,0,0,0,0,0,0,0
320080,2,1,0,0,0,0,0,0,0,0,0,0
320081,0,1,0,0,0,0,0,0,0,0,0,0
320081,1,1,0,0,0,0,0,0,0,0,0,0
320082,1,1,0,0,0,0,0,0,0,0,0,0
320082,2,1,19,0,0,0,0,0,0,0,0,0
320083,0,1,0,0,0,0,0,0,0,0,0,0
320083,1,1,0,0,0,0,0,0,0,0,0,0
320084,1,1,0,0,0,0,0,0,0,0,0,0
320084,2,1,0,0,0,0,0,0,0,0,0,0
320085,1,1,0,0,0,0,0,0,0,0,0,0
320086,1,1,24,24,24,24,24,24,24,24,24,24
320086,2,1,0,0,0,0,0,0,0,0,0,0
320087,1,1,0,0,0,0,0,0,0,0,0,0
320087,2,1,0,0,0,0,0,0,0,0,0,0
320088,1,1,0,0,0,0,0,0,0,0,0,0
320089,1,1,11,11,11,11,11,11,11,11,11,11
320090,1,1,23,23,23,23,23,23,23,23,23,23
320091,0,1,0,0,0,0,0,0,0,0,0,0
320091,1,1,0,0,0,0,0,0,0,0,0,0
320092,1,1,0,0,0,0,0,0,0,0,0,10
320093,0,1,0,0,0,0,0,0,0,0,0,0
320093,1,1,22,0,15,5,0,17,13,0,0,0
320094,1,1,10,10,10,10,10,10,10,10,10,10
320094,2,1,0,0,5,0,0,0,0,0,0,0
320095,0,1,0,0,0,0,0,0,0,0,0,0
320095,1,1,0,0,25,0,0,0,0,0,0,0
320096,0,1,0,0,0,0,0,0,0,0,0,0
320096,1,1,31,31,31,31,31,31,31,31,31,31
320097,1,1,32,32,32,32,32,32,32,32,32,32
320097,2,1,15,0,13,20,0,0,0,0,0,0
320098,1,1,0,0,0,0,0,0,0,0,0,0
320098,2,1,0,0,0,0,0,0,0,0,0,0
320099,1,1,0,0,0,0,0,0,0,0,0,0
320099,2,1,0,0,0,0,0,0,0,0,0,0
320100,1,1,0,0,0,0,0,12,0,0,0,0
320101,1,1,0,0,0,0,0,0,0,0,0,0
320101,2,1,0,0,0,0,0,0,0,0,0,0
320102,1,1,16,16,16,16,16,16,16,16,16,16
320102,2,1,0,0,0,0,0,0,0,0,0,0
320103,1,1,0,0,0,0,0,0,0,0,0,0
320104,1,1,0,0,0,0,0,0,0,0,0,0
320105,1,1,41,14,0,0,10,0,2,15,0,0