ST_CASE,VEH_NO,PER_NO,P1,P2,P3,P4,P5,P6,P7,P8,P9,P10
320106,1,1,22,22,22,22,22,22,22,22,22,22
320107,1,1,0,0,0,0,0,0,0,0,0,0
320107,2,1,0,0,0,0,0,0,0,0,0,8
320108,1,1,22,22,22,22,22,22,22,22,22,22
320108,2,1,0,0,0,0,0,0,0,0,0,0
320109,0,1,2,2,2,2,2,2,2,2,2,2
320109,1,1,0,0,0,0,0,0,21,9,0,0
320110,0,1,0,0,0,9,0,26,39,0,0,22
320110,1,1,18,0,0,0,0,0,0,0,0,0
320111,0,1,0,0,0,0,0,0,0,0,0,0
320111,0,2,0,0,0,0,0,0,0,0,0,0
320111,1,1,0,0,0,0,0,0,0,0,0,0
320111,2,1,0,0,0,0,0,0,0,0,0,0
320111,4,1,0,0,11,0,0,0,0,0,0,0
320112,1,1,0,0,0,0,0,0,0,0,0,0
320112,2,1,0,0,0,0,0,0,0,0,0,0
320112,3,1,20,15,0,0,0,23,0,12,0,0
320113,0,1,0,0,0,0,0,0,0,0,0,0
320113,1,1,0,0,0,0,0,0,0,0,0,0
320114,0,1,0,0,0,0,0,0,0,0,0,0
320114,1,1,0,0,0,0,0,0,0,0,0,0
320115,1,1,19,19,19,19,19,19,19,19,19,19
320115,2,1,0,0,0,0,0,0,0,0,0,0
320116,1,1,0,0,0,0,0,0,0,0,0,0
320116,2,1,0,0,0,0,0,0,0,0,0,0
320117,1,1,22,22,22,22,22,22,22,22,22,22
320117,2,1,0,0,0,0,0,0,0,0,0,0
320118,1,1,0,0,0,0,0,0,0,0,0,0
320118,2,1,0,0,0,0,0,0,0,0,0,0
320119,1,1,0,0,17,14,0,0,0,14,0,32
320120,1,1,0,0,0,0,0,0,0,0,0,0
320120,2,1,0,0,0,0,0,0,0,0,0,0
320121,1,1,0,0,0,0,0,0,0,0,5,14
320121,2,1,0,0,0,0,0,0,0,0,0,0
320122,0,1,0,0,0,0,0,0,0,0,0,0
320122,1,1,0,0,0,0,0,0,0,0,0,0
320123,0,1,2,2,2,2,2,2,2,2,2,2
320123,1,1,0,17,28,21,11,18,0,21,17,0
320124,0,1,30,30,30,30,30,30,30,30,30,30
320124,1,1,6,6,6,6,6,6,6,6,6,6
320125,1,1,6,6,6,6,6,6,6,6,6,6
320125,2,1,0,0,6,0,0,12,0,0,0,17
320126,1,1,0,0,0,0,0,0,0,0,0,0
320126,2,1,0,0,0,0,0,0,0,0,0,0
320127,1,1,0,0,0,0,0,0,0,0,0,0
320128,1,1,0,0,0,0,0,0,0,0,0,0
320128,2,1,0,0,0,0,0,0,0,0,0,0
320129,1,1,0,0,19,0,0,0,14,14,6,0
320130,0,1,0,0,0,0,0,0,0,0,0,0
320130,1,1,0,0,0,0,0,0,0,0,0,0
320131,1,1,23,23,23,23,23,23,23,23,23,23
320132,1,1,0,0,0,0,0,0,0,0,0,0
320132,2,1,0,0,0,0,0,0,0,21,0,0
320133,1,1,0,0,0,0,0,0,0,0,0,0
320133,2,1,0,0,0,0,0,0,0,0,0,0
320133,3,1,0,0,0,0,0,0,0,0,0,0
320133,4,1,0,0,0,0,0,0,0,0,15,0
320133,5,1,0,0,0,0,0,16,0,0,0,0
320133,6,1,0,0,0,0,0,0,0,0,0,0
320134,1,1,0,0,0,0,0,0,0,0,0,0
320135,0,1,34,34,34,34,34,34,34,34,34,34
320135,1,1,0,0,0,0,0,0,0,0,0,0
320136,1,1,0,0,0,0,0,0,0,0,0,0
320136,2,1,0,0,0,0,0,0,0,0,0,0
320137,0,1,0,0,0,0,0,0,0,0,0,0
320137,1,1,0,0,0,0,0,0,26,0,0,0
320138,1,1,0,0,0,0,0,0,0,0,0,0
320138,2,1,0,0,0,0,0,0,0,0,0,0
320138,3,1,17,0,0,0,0,0,0,0,0,0
320138,4,1,0,0,0,0,0,0,0,0,0,0
320139,1,1,0,0,0,0,0,0,0,0,0,0
320139,2,1,0,0,0,0,0,0,0,0,0,0
320140,0,1,0,0,0,0,0,0,0,0,0,0
320140,1,1,0,0,0,0,0,0,0,0,0,0
320141,0,1,0,0,0,0,0,0,0,0,0,0
320141,1,1,0,0,0,0,0,0,0,0,0,29
320142,1,1,0,0,0,17,0,0,0,0,0,0
320143,1,1,0,0,0,0,0,0,0,0,0,0
320144,0,1,0,0,0,0,0,0,0,0,0,0
320144,1,1,9,0,0,0,0,0,0,0,0,23
320145,0,1,32,32,32,32,32,32,32,32,32,32
320145,1,1,0,0,0,0,31,0,0,0,0,0
320146,0,1,0,0,0,0,0,0,0,0,0,0
320146,1,1,0,0,0,0,0,0,0,0,0,0
320147,0,1,23,23,23,23,23,23,23,23,23,23
320147,1,1,0,0,0,0,0,0,6,0,0,20
320148,0,1,9,9,9,9,9,9,9,9,9,9
320148,1,1,0,0,0,16,0,0,0,0,0,0
320149,1,1,0,0,0,0,0,0,0,0,0,0
320149,2,1,0,0,0,0,0,0,0,0,0,0
320150,1,1,0,0,0,0,0,0,0,0,0,0
320150,2,1,0,0,0,0,0,0,0,0,0,0
320151,1,1,0,0,0,0,0,0,0,8,0,0
320151,2,1,0,0,0,0,0,0,0,0,0,0
320152,0,1,0,0,0,0,0,0,0,0,0,0
320152,1,1,0,0,0,0,0,0,0,0,0,0
320153,1,1,4,4,4,4,4,4,4,4,4,4
320154,1,1,22,22,22,22,22,22,22,22,22,22
320154,2,1,0,0,0,0,0,0,0,0,0,0
320155,1,1,17,17,17,17,17,17,17,17,17,17
320155,2,1,0,0,0,0,0,0,0,0,0,0
320156,0,1,0,0,0,0,0,0,0,0,0,0
320156,1,1,0,0,0,0,0,0,0,0,0,0
320156,2,1,0,0,0,0,0,0,0,0,0,0
320157,0,1,0,0,0,0,0,0,9,0,0,0
320157,1,1,0,0,0,0,0,0,0,0,0,0
320158,0,1,0,0,0,0,0,0,0,0,0,11
320158,1,1,0,0,0,0,0,0,0,0,0,0
320159,0,1,2,2,2,2,2,2,2,2,2,2
320159,1,1,0,0,0,0,0,0,0,0,0,0
320160,1,1,0,0,0,19,0,5,0,0,0,0
320160,2,1,0,0,0,0,0,0,0,0,0,0
320161,1,1,0,0,0,0,0,0,0,0,0,0
320161,2,1,0,0,0,0,0,0,0,0,0,0
320162,1,1,0,0,0,0,0,0,0,0,0,0
320162,2,1,0,0,0,0,0,0,0,0,0,0
320163,1,1,0,0,0,0,0,0,0,0,0,0
320163,2,1,0,0,0,0,0,0,0,0,0,0
320163,3,1,0,0,0,0,0,0,0,0,0,0
320164,1,1,0,0,0,0,0,0,0,0,0,0
320164,2,1,0,0,0,0,0,0,0,0,0,0
320165,1,1,0,13,16,0,6,26,17,16,19,15
320165,2,1,0,0,0,0,0,0,0,0,0,0
320165,3,1,0,0,0,0,0,0,0,0,0,0
320166,1,1,16,16,16,16,16,16,16,16,16,16
320167,1,1,16,16,16,16,16,16,16,16,16,16
320168,1,1,0,0,0,0,0,0,0,0,0,0
320169,0,1,0,0,0,0,0,0,0,0,0,0
320169,1,1,0,0,0,0,0,0,0,0,0,0
320170,1,1,0,0,0,0,0,0,0,0,0,0
320170,2,1,0,0,25,0,0,0,0,0,0,0
320171,1,1,0,0,0,0,0,0,0,0,0,0
320171,2,1,0,0,0,0,0,0,0,0,0,0
320172,1,1,0,0,0,0,0,0,0,0,0,0
320172,2,1,0,0,0,0,0,0,0,0,0,0
320173,1,1,25,10,25,29,31,15,8,15,32,10
320174,1,1,0,0,0,0,0,0,0,0,0,0
320174,2,1,5,0,0,0,0,0,0,0,0,0
320175,1,1,0,0,0,0,0,0,0,0,0,0
320175,2,1,0,0,0,0,0,0,0,0,0,0
320176,0,1,0,0,0,0,0,0,0,0,0,0
320176,1,1,0,0,0,0,0,0,0,0,0,0
320177,1,1,0,0,0,0,0,0,0,0,0,0
320177,2,1,0,0,0,0,0,0,0,0,0,0
320178,1,1,17,17,17,17,17,17,17,17,17,17
320178,2,1,0,0,0,0,0,0,0,0,0,0
320179,0,1,0,0,0,0,0,0,0,0,0,0
320179,1,1,0,0,0,0,0,0,0,0,0,0
320180,0,1,0,0,0,0,0,0,0,0,0,0
320181,1,1,0,0,0,0,0,0,0,0,0,0
320182,0,1,22,22,22,22,22,22,22,22,22,22
320182,1,1,0,0,0,0,0,0,0,0,0,0
320183,1,1,0,0,0,0,0,0,0,0,0,0
320184,1,1,24,24,24,24,24,24,24,24,24,24
320184,2,1,1,1,1,1,1,1,1,1,1,1
320185,1,1,0,18,0,0,0,0,0,0,0,20
320185,2,1,0,0,0,0,0,0,0,0,0,0
320186,1,1,15,15,15,15,15,15,15,15,15,15
320186,2,1,0,0,0,0,0,0,0,0,0,0
320187,1,1,0,0,0,0,0,0,0,0,0,0
320187,2,1,23,0,0,0,0,0,0,0,0,0
320187,3,1,0,0,0,0,0,0,0,0,0,0
320187,4,1,0,0,0,19,0,0,0,0,0,0
320187,5,1,0,0,0,0,0,0,0,0,0,0
320188,1,1,18,18,18,18,18,18,18,18,18,18
320188,2,1,0,0,0,0,0,0,0,0,0,0
320188,3,1,0,0,0,10,0,0,0,0,6,0
320189,1,1,7,7,7,7,7,7,7,7,7,7
320190,0,1,0,0,0,0,0,0,0,0,0,0
320190,1,1,0,0,0,0,0,0,0,0,0,0
320191,1,1,0,0,0,0,0,0,0,0,0,0
320191,2,1,29,0,0,0,0,0,0,0,0,0
320191,3,1,0,0,0,0,0,0,0,0,0,0
320192,1,1,0,0,0,0,0,0,0,0,0,0
320192,2,1,11,11,11,11,11,11,11,11,11,11
320193,1,1,0,0,6,0,0,0,0,0,16,12
320194,0,1,0,0,0,0,0,9,0,0,0,0
320194,1,1,0,0,0,0,0,0,0,0,0,0
320195,0,1,0,0,0,0,0,0,0,0,0,0
320195,1,1,0,5,25,22,0,13,19,0,0,27
320196,0,1,0,6,0,22,19,41,0,28,21,25
320196,0,2,0,0,0,0,0,0,0,0,0,0
320196,1,1,0,0,0,0,0,0,0,0,0,0
320197,1,1,0,0,0,0,0,0,0,0,0,0
320197,2,1,22,22,22,22,22,22,22,22,22,22
320198,1,1,24,24,24,24,24,24,24,24,24,24
320198,2,1,0,0,7,0,0,0,0,0,0,0
320198,4,1,0,0,0,0,28,16,0,18,0,0
320199,1,1,0,0,0,0,0,0,0,0,0,0
320200,1,1,11,11,11,11,11,11,11,11,11,11
320200,2,1,0,0,0,0,0,0,0,0,0,0
320200,3,1,0,0,0,0,0,0,0,0,0,0
320201,0,1,0,0,0,0,0,0,0,0,0,0
320201,0,2,0,0,0,0,0,0,0,0,0,0
320201,0,3,0,0,0,0,0,0,0,0,0,0
320201,0,4,0,0,0,0,12,0,0,0,0,0
320201,1,1,0,9,0,14,0,16,21,0,7,19
320202,1,1,0,0,0,0,0,0,0,0,0,0
320203,0,1,18,0,0,14,20,0,0,0,0,0
320203,1,1,0,0,0,0,0,0,0,0,0,0
320204,0,1,0,0,0,0,0,0,0,54,0,0
320204,1,1,0,0,0,0,0,0,0,0,0,0
320205,0,1,0,0,0,0,0,0,0,0,0,0
320205,1,1,0,0,0,0,0,0,0,0,0,0
320206,1,1,30,30,30,30,30,30,30,30,30,30
320207,0,1,0,0,0,0,0,0,0,0,0,0
320207,1,1,18,18,18,18,18,18,18,18,18,18
320208,1,1,0,0,0,0,0,0,0,0,0,0
320210,0,1,0,0,0,0,0,0,0,0,0,0
320210,1,1,0,0,0,0,0,0,0,0,0,0
320211,0,1,10,7,13,0,19,28,0,9,21,17
320211,1,1,0,0,0,0,0,0,0,0,0,0
320212,1,1,0,0,0,0,0,0,0,0,0,0
320213,1,1,0,0,0,0,0,0,0,0,0,0
320213,2,1,0,0,0,0,0,0,0,0,0,0
320214,1,1,0,0,0,0,0,0,0,0,0,0
320214,2,1,0,0,0,0,0,0,0,0,0,0
320214,3,1,0,0,0,0,0,0,0,0,0,0
320214,4,1,0,0,0,0,0,0,0,0,0,0
320215,1,1,0,0,0,0,0,0,0,0,0,0
320216,0,1,0,0,0,0,0,0,0,0,0,0
320216,1,1,0,0,16,0,0,0,0,0,0,0
320217,0,1,0,0,0,0,0,0,0,0,0,0
320217,1,1,0,0,0,0,0,0,0,0,0,0
320218,1,1,12,12,12,12,12,12,12,12,12,12
320219,1,1,0,0,0,0,0,0,0,0,0,0
320220,1,1,0,0,0,0,0,0,0,0,0,0
320221,1,1,0,0,0,0,0,0,0,0,0,0
320222,1,1,0,0,0,0,0,0,0,0,0,0
320222,2,1,0,0,0,0,0,0,0,0,0,0
320222,3,1,0,0,0,0,0,0,0,0,0,0
320223,1,1,7,7,7,7,7,7,7,7,7,7
320224,1,1,0,0,0,0,0,0,0,0,0,0
320225,0,1,14,14,14,14,14,14,14,14,14,14
320225,1,1,0,0,0,0,0,0,0,0,0,0
320225,2,1,0,0,0,0,24,0,0,0,0,0
320226,1,1,0,0,0,0,0,0,0,0,0,0
320227,1,1,0,0,0,0,0,0,0,0,0,0
320228,1,1,0,0,0,0,0,0,0,0,0,0
320229,0,1,0,0,0,0,0,0,0,0,0,0
320229,1,1,0,0,0,0,0,0,0,0,0,0
320230,0,1,25,25,25,25,25,25,25,25,25,25
320230,1,1,0,0,0,27,0,0,0,11,0,0
320231,0,1,0,0,0,0,0,0,0,0,0,0
320231,1,1,0,0,0,0,0,0,0,0,0,0
320232,0,1,0,0,0,27,0,0,0,0,0,0
320232,1,1,0,0,10,0,0,0,0,0,0,0
320233,0,1,0,0,0,0,0,0,0,0,0,0
320233,1,1,0,0,0,0,0,0,0,0,0,0
320234,0,1,0,0,0,0,0,0,0,0,0,0
320234,1,1,12,0,0,0,0,0,0,0,0,0
320235,0,1,0,0,0,0,0,0,0,0,0,0
320235,1,1,0,0,0,0,0,0,0,0,0,0
320236,1,1,11,11,11,11,11,11,11,11,11,11
320237,0,1,0,0,0,0,0,0,0,0,0,0
320237,1,1,0,0,0,0,0,0,0,0,0,0
320238,0,1,32,32,32,32,32,32,32,32,32,32
320238,1,1,15,20,22,30,23,13,19,18,11,7
320239,1,1,22,22,22,22,22,22,22,22,22,22
320240,1,1,0,0,0,0,0,0,0,0,0,0
320240,2,1,0,0,0,0,0,0,0,0,0,0
320241,0,1,24,24,24,24,24,24,24,24,24,24
320241,1,1,0,0,0,37,0,5,0,23,0,10
320242,1,1,0,0,0,0,0,0,0,0,0,0
320242,2,1,0,0,0,0,0,0,0,0,0,0
320243,1,1,0,0,0,0,0,0,0,0,0,0
320244,1,1,65,65,65,65,65,65,65,65,65,65
320245,1,1,0,0,0,0,0,0,0,0,0,0
320245,2,1,0,0,0,0,0,0,0,0,0,0
320246,0,1,0,0,0,0,0,0,0,0,0,0
320246,1,1,0,0,0,0,0,0,0,0,0,0
320247,0,1,0,0,0,0,0,0,0,0,0,0
320247,1,1,0,0,0,0,0,0,0,0,0,0
320248,1,1,0,0,0,0,0,0,0,0,0,0
320248,2,1,0,0,0,0,0,0,0,0,0,0
320249,0,1,0,6,10,17,27,11,0,12,28,12
320249,1,1,9,9,0,0,0,8,0,0,0,11
320250,0,1,0,0,0,0,0,0,0,0,0,0
320250,1,1,0,0,0,0,0,0,0,0,0,0
320251,0,1,0,0,0,0,0,0,0,0,0,0
320251,1,1,0,18,0,0,0,0,0,0,22,0
320252,1,1,0,0,0,0,0,0,0,0,0,0
320253,0,1,26,26,26,26,26,26,26,26,26,26
320253,1,1,0,12,0,17,0,0,0,0,0,11
320253,2,1,0,0,0,6,0,0,0,0,11,16
320254,0,1,0,0,0,0,0,0,0,0,0,0
320254,1,1,0,0,0,0,0,0,0,0,0,0
320255,0,1,0,0,0,0,0,0,0,0,0,0
320255,1,1,0,0,0,0,0,0,0,0,0,0
320255,2,1,0,0,13,0,0,14,6,0,0,0
320256,0,1,10,10,10,10,10,10,10,10,10,10
320256,1,1,0,0,0,0,0,0,0,0,0,0
320257,1,1,17,0,0,0,0,0,0,0,0,0
320257,2,1,0,0,0,0,0,0,0,0,0,0
320258,1,1,0,0,9,0,0,0,0,0,0,17
320258,2,1,0,0,0,20,0,0,0,10,0,13
320259,0,1,0,0,0,0,0,0,0,0,0,0
320259,1,1,0,0,0,0,0,0,30,0,0,0
320260,1,1,0,0,0,0,0,0,0,0,0,0
320260,2,1,0,0,0,0,0,0,0,0,0,0
320260,3,1,0,0,0,0,0,0,0,0,0,0
320261,0,1,33,33,33,33,33,33,33,33,33,33
320261,1,1,0,0,0,0,0,0,0,0,0,0
320261,2,1,0,0,0,0,0,0,0,0,0,0
320261,3,1,0,0,0,0,13,0,0,0,0,0
320262,0,1,0,0,0,0,0,0,0,0,0,0
320262,0,2,0,0,0,0,0,0,0,0,0,0
320262,0,3,0,0,0,0,0,0,0,0,0,0
320262,1,1,0,0,0,0,0,0,0,0,0,0
320262,2,1,0,0,0,0,0,0,0,0,0,0
320262,3,1,0,0,0,0,0,0,0,0,0,0
320262,4,1,0,0,0,0,0,0,0,0,0,0
320262,5,1,7,0,0,0,0,0,0,0,0,0
320262,6,1,0,0,0,0,0,0,0,0,0,0
320262,7,1,0,0,0,0,0,0,0,0,0,0
320262,8,1,0,0,0,0,0,0,0,0,0,0
320262,9,1,0,0,0,0,0,0,0,0,0,0
320262,10,1,0,0,0,0,0,0,0,0,0,0
320262,11,1,0,0,0,0,0,0,0,0,0,0
320262,12,1,0,0,0,0,0,0,0,0,0,0
320263,0,1,0,0,0,0,0,0,0,0,0,0
320263,1,1,0,0,21,21,38,26,0,0,0,0
320264,1,1,0,0,0,0,0,0,0,0,0,0
320264,2,1,0,0,0,0,0,0,0,0,0,0
320265,1,1,0,0,0,0,0,0,0,0,0,0
320265,2,1,0,0,0,0,0,0,0,0,0,0
320266,1,1,0,0,0,0,0,0,0,0,0,0
320266,2,1,0,0,0,0,0,0,0,0,0,0
320267,1,1,0,0,0,0,0,0,0,0,0,0
320268,1,1,0,0,0,0,0,0,0,0,0,0
320269,1,1,0,0,0,0,0,0,0,0,0,0
320270,1,1,28,0,0,0,0,0,0,0,0,0
320270,2,1,0,0,0,0,0,0,0,0,0,0
320271,0,1,0,0,0,0,0,0,0,0,0,0
320271,1,1,0,10,0,0,0,0,0,0,0,11
320274,1,1,17,17,17,17,17,17,17,17,17,17
320275,1,1,0,0,0,0,0,6,0,0,0,18
320276,1,1,0,0,0,0,0,0,0,0,0,0
320276,2,1,0,0,0,0,0,0,0,0,0,0
320277,0,1,10,10,10,10,10,10,10,10,10,10
320277,1,1,0,0,0,0,0,0,0,0,0,0
320278,1,1,0,0,0,0,15,0,0,12,0,0
320278,2,1,0,0,0,0,0,0,0,0,0,0
320279,0,1,0,0,0,0,0,0,0,5,0,15
320279,1,1,0,0,0,0,0,0,0,0,0,29
320280,1,1,0,0,0,0,0,0,0,0,0,0
320280,2,1,0,0,0,0,0,0,0,0,0,0
320280,3,1,0,0,0,0,0,0,0,0,0,0
320281,1,1,0,8,0,19,0,0,0,0,0,0
320281,2,1,0,0,0,0,0,0,0,0,0,0
320282,1,1,22,22,22,22,22,22,22,22,22,22
320282,2,1,0,0,0,0,0,0,0,0,0,0
320283,1,1,0,0,0,0,0,0,0,0,0,0
320283,2,1,0,0,0,0,0,0,0,0,0,0
320284,0,1,0,0,0,0,0,0,0,0,0,0
320284,0,2,0,0,0,0,24,0,0,0,0,0
320284,0,3,0,0,0,15,0,8,0,0,0,0
320284,1,1,0,0,0,0,0,0,0,0,0,0
320285,0,1,18,0,11,0,26,22,0,0,12,15
320285,1,1,0,0,0,0,0,0,0,0,0,0
320286,1,1,36,0,0,0,0,0,0,0,0,0
320287,0,1,25,25,25,25,25,25,25,25,25,25
320287,1,1,24,24,24,24,24,24,24,24,24,24
320288,0,1,0,0,0,0,0,0,0,0,0,0
320288,1,1,0,0,0,0,0,0,0,0,0,0
320289,0,1,0,0,0,0,0,0,0,0,0,0
320289,1,1,0,0,0,0,0,0,0,0,0,0
320290,0,1,30,24,37,23,16,31,22,31,21,2
320290,1,1,31,0,0,0,0,35,15,14,0,20
320292,0,1,2,0,10,23,0,42,0,0,0,0
320292,1,1,0,0,0,0,0,0,0,0,0,0
320292,2,1,0,0,0,0,0,0,0,0,0,0
320293,1,1,0,0,0,0,0,0,0,0,0,0
320293,2,1,0,0,0,0,0,0,0,0,0,0
320294,1,1,0,0,0,0,0,0,8,0,0,0
320294,2,1,0,0,0,0,25,0,18,0,0,18
320295,1,1,10,10,10,10,10,10,10,10,10,10
320296,1,1,0,0,0,0,0,0,0,0,6,0
330001,1,1,19,19,19,19,19,19,19,19,19,19
330002,1,1,0,0,0,0,0,0,0,0,0,0
330002,2,1,0,0,0,0,0,0,0,0,0,0
330003,0,1,0,0,0,0,0,0,0,0,0,0
330003,1,1,0,0,0,0,0,0,0,0,0,0
330004,1,1,0,0,0,0,11,0,0,0,0,0
330004,2,1,0,0,0,0,0,0,0,0,0,0
330005,1,1,0,0,0,0,0,0,0,0,0,0
330005,2,1,0,0,0,0,0,0,0,0,0,0
330006,0,1,0,0,0,0,0,0,0,0,0,0
330006,1,1,0,0,0,0,0,0,0,0,0,0
330007,1,1,22,22,22,22,22,22,22,22,22,22
330007,2,1,0,0,0,0,0,0,0,0,0,0
330008,1,1,0,0,0,0,0,0,0,0,0,0
330008,2,1,0,0,0,0,0,0,0,0,0,0
330009,1,1,19,19,19,19,19,19,19,19,19,19
330010,0,1,31,31,31,31,31,31,31,31,31,31
330010,1,1,0,0,0,0,0,0,0,0,0,0
330011,1,1,17,17,17,17,17,17,17,17,17,17
330012,1,1,0,0,0,0,0,0,0,0,0,0
330012,2,1,0,0,0,0,0,0,0,0,0,0
330013,1,1,19,19,19,19,19,19,19,19,19,19
330014,1,1,0,0,0,0,0,0,0,0,0,0
330015,1,1,0,0,0,0,0,0,0,0,0,0
330016,1,1,0,0,0,0,0,0,0,0,0,0
330016,2,1,0,0,0,0,0,0,0,0,0,0
330016,3,1,0,0,0,0,0,0,0,0,0,0
330017,1,1,0,0,0,0,0,0,0,0,0,0
330018,1,1,0,0,0,0,0,0,0,0,0,0
330019,1,1,0,0,0,0,0,0,0,0,0,0
330019,2,1,0,3,0,0,1,0,9,22,0,5
330020,1,1,10,10,10,10,10,10,10,10,10,10
330021,1,1,0,0,0,0,0,0,0,0,0,0
330021,2,1,0,0,0,0,0,0,0,0,0,0
330022,1,1,1,1,1,1,1,1,1,1,1,1
330023,1,1,0,0,0,0,0,0,0,0,0,0
330023,2,1,0,0,0,0,0,0,0,0,0,0
330025,1,1,0,0,0,0,0,0,0,0,0,0
330025,2,1,0,30,7,17,24,28,0,18,17,0
330026,0,1,0,0,0,0,0,0,0,0,0,0
330026,1,1,3,3,3,3,3,3,3,3,3,3
330027,1,1,0,0,0,0,0,0,0,0,0,0
330028,1,1,17,17,17,17,17,17,17,17,17,17
330029,0,1,0,0,29,22,0,39,21,13,7,0
330029,1,1,0,0,0,0,0,0,0,0,0,0
330030,1,1,13,13,13,13,13,13,13,13,13,13
330031,1,1,0,0,0,0,0,0,0,0,0,0
330032,1,1,0,0,0,0,0,0,0,0,0,0
330033,1,1,0,0,0,0,0,0,0,0,0,0
330033,2,1,0,0,0,0,0,0,0,0,0,0
330033,3,1,0,0,0,0,0,0,0,0,0,0
330034,1,1,0,0,0,0,0,0,0,0,0,0
330034,2,1,0,0,0,0,0,4,0,0,0,0
330035,1,1,0,0,0,0,0,0,0,0,0,0
330036,1,1,29,29,29,29,29,29,29,29,29,29
330037,1,1,0,0,0,0,0,0,0,0,0,0
330037,2,1,0,0,0,0,0,0,0,0,0,0
330037,3,1,0,0,0,0,0,0,0,0,0,0
330037,4,1,0,0,0,0,0,0,0,0,0,0
330038,1,1,0,0,0,0,0,0,0,0,0,0
330038,2,1,19,9,16,0,0,14,0,0,0,0
330039,1,1,15,15,15,15,15,15,15,15,15,15
330040,1,1,0,0,0,0,0,0,0,0,0,0
330040,2,1,0,0,0,0,0,0,0,0,0,0
330041,1,1,0,0,0,0,0,0,0,0,0,0
330041,2,1,0,8,10,0,25,0,0,12,0,0
330042,1,1,0,0,0,0,0,0,0,0,0,0
330043,1,1,0,0,0,0,0,0,0,0,0,0
330044,1,1,12,12,12,12,12,12,12,12,12,12
330045,1,1,0,0,0,0,0,0,0,0,0,0
330046,1,1,0,0,4,0,0,0,0,0,0,0
330047,1,1,0,0,0,0,0,0,0,0,0,0
330047,2,1,0,0,0,0,0,0,0,0,0,0
330048,1,1,0,0,0,0,0,0,0,0,0,0
330049,1,1,0,0,0,0,0,0,0,0,0,0
330049,2,1,0,0,0,0,0,0,0,0,0,0
330049,3,1,0,0,0,0,0,0,0,0,0,0
330050,1,1,14,14,14,14,14,14,14,14,14,14
330051,1,1,0,0,0,0,0,0,0,0,0,0
330051,2,1,0,0,0,0,0,0,9,15,5,0
330051,3,1,0,0,0,0,0,0,0,0,0,0
330052,0,1,0,0,8,0,0,0,0,0,37,0
330052,1,1,0,0,12,0,18,14,0,0,0,0
330053,1,1,0,0,0,0,0,0,0,0,0,0
330054,1,1,0,0,0,0,0,0,0,0,0,0
330054,2,1,0,0,0,0,0,0,0,0,0,0
330054,3,1,0,0,0,0,0,0,0,0,0,13
330055,1,1,0,0,0,0,0,0,0,0,0,0
330055,2,1,5,0,0,0,13,0,0,0,0,0
330056,1,1,14,14,14,14,14,14,14,14,14,14
330057,1,1,0,0,0,0,0,0,0,0,0,0
330058,1,1,0,0,0,0,0,0,0,0,0,0
330058,2,1,0,0,0,0,0,0,0,0,0,0
330059,1,1,0,0,0,0,0,0,0,0,0,0
330060,1,1,0,0,0,0,0,0,0,0,0,0
330061,1,1,0,0,0,0,0,0,0,0,0,0
330062,1,1,0,0,0,0,0,0,4,19,0,0
330063,1,1,0,0,0,0,0,0,0,0,0,0
330064,1,1,0,0,0,0,0,0,0,0,0,0
330065,1,1,0,0,0,0,0,0,0,0,0,0
330066,1,1,0,0,0,0,0,0,0,0,0,0
330066,2,1,0,0,0,0,0,0,0,0,0,0
330067,1,1,0,0,0,0,0,0,0,0,0,0
330067,2,1,0,0,0,0,0,0,0,0,0,0
330068,1,1,0,0,0,0,0,0,0,0,0,0
330068,2,1,0,0,0,0,0,0,0,0,0,0
330069,1,1,24,24,24,24,24,24,24,24,24,24
330070,1,1,0,0,0,0,0,0,0,0,0,0
330071,1,1,0,0,0,0,0,0,0,0,0,0
330071,2,1,2,2,2,2,2,2,2,2,2,2
330072,1,1,12,12,12,12,12,12,12,12,12,12
330072,2,1,0,19,0,12,0,0,0,0,0,19
330073,1,1,0,0,0,0,0,0,0,0,0,0
330073,2,1,0,0,0,0,0,0,0,22,0,0
330074,1,1,0,0,0,0,0,0,0,0,0,0
330074,2,1,0,0,0,7,0,0,0,0,0,0
330075,1,1,7,7,7,7,7,7,7,7,7,7
330076,0,1,0,0,0,0,13,12,14,0,0,14
330076,1,1,0,0,0,0,0,0,0,0,0,0
330077,1,1,20,20,20,20,20,20,20,20,20,20
330078,1,1,29,29,29,29,29,29,29,29,29,29
330079,1,1,0,0,0,0,0,0,0,0,0,0
330079,2,1,0,0,0,0,0,0,0,0,0,0
330079,3,1,0,0,0,0,0,0,15,0,28,4
330080,0,1,0,0,0,0,0,0,0,0,0,0
330080,1,1,0,0,0,0,0,0,0,0,0,0
330081,1,1,0,0,0,0,0,0,0,0,0,0
330081,2,1,0,0,11,0,0,0,0,0,0,0
330082,1,1,0,0,0,0,0,0,0,0,0,0
330082,2,1,0,0,15,0,0,0,0,0,0,6
330083,1,1,0,0,0,0,0,0,0,0,0,0
330084,1,1,0,0,0,0,0,0,0,0,0,0
330084,2,1,0,0,0,0,0,0,0,0,0,0
330085,1,1,14,14,14,14,14,14,14,14,14,14
330086,1,1,0,0,0,0,0,0,0,0,0,0
330087,1,1,0,0,0,0,0,0,0,0,0,0
330088,1,1,0,0,0,0,0,0,0,0,0,0