ST_CASE,VEH_NO,PER_NO,P1,P2,P3,P4,P5,P6,P7,P8,P9,P10
330089,1,1,0,0,0,0,0,0,0,0,0,0
330090,0,1,0,0,0,0,0,0,0,0,0,0
330090,1,1,0,0,0,0,0,0,0,0,0,0
330091,1,1,0,0,0,0,0,0,0,0,0,0
330092,1,1,30,30,30,30,30,30,30,30,30,30
330092,2,1,25,0,0,23,0,0,0,0,0,0
330093,1,1,0,0,0,0,0,0,0,0,0,0
330093,2,1,0,0,0,0,0,0,0,0,0,0
330094,0,1,0,0,0,0,0,0,0,0,0,0
330094,1,1,0,0,0,0,0,0,0,0,0,0
330095,0,1,0,0,0,0,0,0,0,0,0,0
330095,1,1,0,0,0,0,0,0,0,0,0,0
330096,0,1,0,0,0,0,0,0,0,0,0,0
330096,0,2,0,0,0,0,21,0,0,0,0,0
330096,1,1,0,0,0,0,0,0,0,0,0,0
330097,0,1,28,28,28,28,28,28,28,28,28,28
330097,1,1,0,0,0,0,0,0,0,0,0,0
330098,1,1,9,9,9,9,9,9,9,9,9,9
330099,0,1,43,17,25,8,26,7,0,0,4,30
330099,1,1,0,0,0,0,0,0,0,0,0,0
340001,1,1,0,0,0,0,0,0,0,0,0,0
340002,0,1,0,0,0,0,0,0,0,0,0,0
340002,1,1,0,0,0,0,0,0,0,0,0,0
340003,0,1,0,0,0,0,0,0,0,0,0,0
340003,1,1,0,13,0,21,0,29,26,15,0,0
340004,0,1,0,0,0,0,0,0,0,0,0,0
340004,1,1,19,0,23,0,15,0,12,0,0,0
340005,0,1,23,0,10,0,0,0,14,0,0,0
340005,1,1,0,0,0,0,0,0,0,0,0,0
340006,0,1,0,0,0,0,0,0,0,0,0,0
340006,1,1,0,0,0,0,0,0,0,0,0,0
340007,0,1,27,27,27,27,27,27,27,27,27,27
340007,1,1,0,0,0,0,0,0,0,0,0,0
340008,0,1,8,8,8,8,8,8,8,8,8,8
340008,1,1,0,0,16,0,6,12,20,30,14,27
340009,0,1,0,0,0,0,0,0,0,0,0,0
340009,1,1,0,0,0,0,0,0,0,0,0,0
340009,2,1,0,0,0,0,0,0,0,0,0,0
340010,0,1,0,0,0,0,0,0,0,0,0,0
340010,1,1,0,0,0,0,0,0,0,0,0,0
340011,0,1,0,0,0,0,0,0,0,0,0,0
340011,1,1,0,0,0,0,0,0,0,0,0,0
340012,0,1,0,0,0,0,0,0,0,0,0,0
340012,1,1,0,0,0,0,0,0,0,0,0,0
340013,0,1,0,0,0,0,0,0,0,0,0,0
340013,1,1,0,0,0,0,0,0,0,0,0,0
340014,0,1,0,0,0,0,0,0,0,0,0,0
340014,1,1,0,0,0,0,0,0,0,0,0,0
340015,0,1,0,0,0,0,0,0,0,0,0,0
340015,1,1,0,0,0,0,0,0,0,0,0,0
340016,1,1,0,0,20,14,0,0,0,0,0,0
340016,2,1,0,0,27,0,0,0,0,0,0,0
340017,1,1,0,0,0,0,0,0,0,0,0,0
340018,1,1,0,0,0,0,0,0,0,0,0,0
340018,2,1,0,0,0,0,0,0,0,0,0,0
340019,1,1,0,0,0,0,0,0,0,0,0,0
340019,2,1,0,0,0,0,0,0,0,0,0,0
340020,1,1,0,0,0,0,0,0,0,0,0,0
340020,2,1,0,0,0,0,0,0,0,0,0,0
340021,1,1,0,0,0,0,0,0,0,0,0,0
340022,1,1,11,11,11,11,11,11,11,11,11,11
340022,2,1,0,0,0,0,0,0,0,0,0,0
340023,1,1,19,0,0,0,0,21,0,0,14,0
340023,3,1,0,0,0,0,19,0,0,0,0,0
340024,1,1,0,0,0,0,0,0,0,0,0,0
340025,1,1,0,0,0,0,0,0,0,0,0,0
340026,1,1,0,0,0,0,0,0,0,0,0,0
340026,2,1,0,0,0,0,0,0,0,0,0,0
340027,1,1,24,24,24,24,24,24,24,24,24,24
340028,1,1,22,22,22,22,22,22,22,22,22,22
340029,1,1,0,0,0,0,0,0,0,0,0,0
340030,1,1,0,0,0,0,0,0,0,0,0,0
340031,1,1,0,0,0,0,0,0,0,0,0,0
340032,1,1,0,0,0,0,0,0,0,0,0,0
340033,1,1,0,0,0,0,0,0,0,0,0,0
340034,1,1,0,0,0,0,0,0,0,0,0,0
340035,1,1,0,0,0,0,0,0,0,0,0,0
340036,0,1,0,0,0,0,0,0,0,0,0,0
340036,1,1,0,0,0,0,0,0,0,0,0,0
340037,1,1,0,0,0,0,0,0,0,0,0,0
340038,0,1,12,12,12,12,12,12,12,12,12,12
340038,1,1,0,0,0,0,0,0,0,0,0,0
340039,1,1,0,0,0,0,0,0,0,0,0,0
340040,0,1,16,16,16,16,16,16,16,16,16,16
340040,1,1,0,0,0,0,0,0,0,0,0,0
340041,1,1,15,15,15,15,15,15,15,15,15,15
340042,0,1,40,0,0,0,0,0,0,0,0,0
340042,0,2,0,0,0,0,0,0,0,0,0,0
340042,1,1,0,0,0,0,0,0,0,0,0,0
340043,1,1,0,0,0,0,0,0,0,0,0,0
340044,1,1,0,0,0,0,0,0,0,0,0,0
340044,2,1,0,0,0,0,0,0,0,0,0,0
340045,1,1,0,0,0,0,0,0,0,0,0,0
340047,0,1,0,0,0,0,0,0,0,0,0,0
340047,1,1,0,0,0,0,0,0,0,0,0,0
340048,1,1,0,0,0,0,0,0,0,0,0,0
340048,2,1,0,0,0,0,0,0,0,0,0,0
340049,1,1,0,0,0,0,0,0,0,0,0,0
340049,2,1,0,0,0,0,0,0,0,0,0,0
340050,1,1,0,0,0,0,0,0,0,0,0,0
340050,2,1,0,0,0,0,0,0,0,0,0,0
340050,3,1,0,0,0,0,0,0,0,0,0,0
340051,1,1,22,22,22,22,22,22,22,22,22,22
340052,1,1,0,0,0,0,0,0,0,0,0,0
340053,0,1,6,6,6,6,6,6,6,6,6,6
340053,1,1,0,0,0,0,0,0,0,0,0,0
340054,0,1,0,0,0,0,0,0,0,0,0,0
340054,1,1,0,0,0,0,15,0,0,11,0,0
340055,1,1,16,16,16,16,16,16,16,16,16,16
340056,0,1,5,5,5,5,5,5,5,5,5,5
340056,1,1,0,0,0,0,0,0,0,18,0,0
340057,0,1,0,0,0,0,0,0,0,0,0,0
340057,1,1,0,0,0,0,0,0,0,0,0,0
340058,1,1,24,24,24,24,24,24,24,24,24,24
340059,0,1,0,0,0,0,0,0,0,0,0,0
340059,1,1,0,0,0,0,0,0,0,0,0,0
340060,1,1,0,0,0,0,0,0,0,0,0,0
340060,2,1,0,0,0,0,0,0,0,0,0,0
340061,1,1,0,0,0,0,0,0,0,0,0,0
340062,1,1,0,0,0,0,0,0,0,0,0,0
340063,0,1,0,0,0,0,0,0,0,0,0,0
340063,1,1,0,0,30,0,0,0,0,19,0,0
340063,2,1,0,0,0,14,0,0,0,0,0,0
340064,0,1,0,0,0,0,0,0,0,0,0,0
340064,0,2,0,0,16,0,0,0,0,0,0,0
340064,1,1,0,0,0,0,0,0,0,0,0,0
340065,1,1,19,19,19,19,19,19,19,19,19,19
340066,0,1,39,39,39,39,39,39,39,39,39,39
340066,1,1,0,15,44,0,0,0,0,0,0,0
340067,0,1,13,13,13,13,13,13,13,13,13,13
340067,1,1,33,33,33,33,33,33,33,33,33,33
340068,0,1,0,0,0,0,0,0,0,0,0,0
340068,1,1,0,0,0,10,0,0,0,0,0,0
340069,1,1,0,0,0,0,0,0,0,0,0,0
340069,2,1,0,18,0,0,0,0,0,0,0,0
340070,1,1,0,0,0,0,0,0,0,0,0,0
340070,2,1,0,0,0,0,0,0,0,0,0,0
340071,1,1,0,0,0,0,0,0,0,0,0,0
340071,2,1,0,0,18,0,0,0,0,0,0,0
340072,1,1,0,0,0,0,0,0,0,0,0,0
340072,2,1,0,0,0,0,0,0,0,8,0,0
340072,3,1,0,0,0,0,0,0,0,0,0,0
340073,1,1,0,0,0,0,0,0,0,0,0,0
340073,2,1,0,0,0,0,0,0,0,0,0,0
340074,1,1,0,0,0,0,0,0,0,0,0,0
340074,2,1,0,0,0,0,0,0,0,0,0,0
340075,1,1,0,0,0,0,0,0,0,0,0,0
340075,2,1,0,0,0,0,0,0,0,0,0,0
340076,1,1,0,0,0,0,0,0,0,0,0,0
340076,2,1,0,0,0,0,0,0,0,0,0,0
340077,1,1,0,0,0,0,0,0,0,0,13,0
340077,2,1,0,0,0,0,0,0,0,0,0,0
340078,1,1,0,0,0,0,0,0,0,0,0,0
340078,2,1,0,0,0,0,0,0,0,0,0,0
340079,1,1,0,0,0,0,0,0,0,0,0,0
340080,1,1,0,0,0,0,0,17,0,19,9,0
340081,1,1,0,0,0,0,0,0,0,0,0,0
340081,2,1,0,0,0,0,0,0,0,0,0,0
340082,1,1,16,16,16,16,16,16,16,16,16,16
340083,0,1,0,18,0,13,0,0,0,0,16,0
340083,1,1,0,0,0,0,0,0,0,0,0,0
340084,1,1,0,0,0,0,0,0,0,0,0,0
340085,1,1,0,31,0,0,0,0,0,0,18,0
340085,2,1,0,0,0,0,0,0,0,0,0,0
340086,1,1,0,0,0,0,0,0,0,0,0,0
340087,1,1,0,0,0,0,0,0,19,0,0,0
340087,2,1,0,0,0,0,0,0,0,0,0,0
340088,2,1,0,0,0,0,0,0,0,0,0,0
340089,0,1,0,0,0,0,0,0,0,0,0,0
340089,1,1,0,0,0,0,0,0,0,0,0,0
340090,1,1,0,0,0,0,0,0,0,0,0,0
340090,2,1,0,0,0,0,0,0,0,0,0,0
340091,1,1,0,0,0,0,0,0,0,0,0,0
340092,0,1,8,8,8,8,8,8,8,8,8,8
340092,1,1,0,0,0,0,0,0,0,0,0,0
340094,1,1,0,0,0,0,0,0,0,0,0,0
340094,2,1,0,0,0,0,0,0,0,0,7,0
340095,1,1,10,10,10,10,10,10,10,10,10,10
340096,1,1,0,0,0,0,0,0,0,0,0,0
340097,1,1,0,0,0,0,0,0,0,0,0,0
340098,1,1,17,17,17,17,17,17,17,17,17,17
340099,1,1,0,0,0,0,0,0,0,0,0,0
340100,1,1,0,0,0,0,0,0,0,0,0,0
340101,1,1,0,0,0,0,0,22,0,0,0,0
340102,1,1,0,0,0,0,0,0,0,0,0,0
340102,2,1,0,0,0,0,0,0,0,0,0,0
340103,1,1,0,0,0,0,0,0,0,0,0,0
340103,2,1,0,0,19,11,0,0,0,0,0,4
340103,3,1,0,0,0,0,13,0,0,0,0,0
340103,4,1,0,0,0,0,9,0,0,0,19,0
340104,1,1,0,0,0,0,0,0,0,0,0,0
340105,1,1,0,0,12,0,5,0,22,0,0,17
340106,0,1,0,38,17,0,28,7,17,32,15,25
340106,0,2,21,16,15,30,0,0,0,25,16,18
340106,1,1,0,0,0,0,0,0,0,0,0,0
340107,0,1,17,17,17,17,17,17,17,17,17,17
340107,1,1,0,0,0,0,0,0,0,0,0,0
340108,1,1,9,9,9,9,9,9,9,9,9,9
340108,2,1,0,0,0,0,0,0,0,0,0,0
340109,1,1,0,0,0,0,0,0,0,0,0,0
340109,2,1,0,0,0,0,0,0,0,0,0,0
340110,1,1,0,0,0,0,0,0,0,0,0,0
340111,1,1,0,0,0,0,0,0,0,0,0,0
340112,0,1,0,0,0,0,0,0,0,0,0,0
340112,1,1,0,0,0,0,0,0,0,0,0,0
340113,1,1,0,0,0,0,0,0,0,0,0,0
340114,1,1,0,0,0,0,0,0,0,0,19,33
340116,1,1,0,0,0,0,0,0,0,0,0,0
340117,1,1,0,0,0,0,0,0,0,0,0,0
340118,1,1,0,0,0,0,0,0,0,0,0,0
340119,1,1,0,0,0,0,0,0,0,0,0,0
340121,1,1,0,0,0,0,0,0,0,0,0,0
340122,1,1,0,0,0,0,0,0,0,0,0,0
340123,1,1,0,0,0,0,0,0,0,0,0,0
340124,1,1,0,0,0,0,0,0,0,0,0,0
340124,2,1,0,0,0,0,0,0,0,0,0,0
340125,1,1,0,0,0,0,0,0,0,0,0,0
340125,2,1,0,0,0,0,0,0,0,0,0,0
340126,1,1,23,23,23,23,23,23,23,23,23,23
340126,2,1,11,7,16,0,0,0,0,0,8,7
340127,1,1,0,0,19,0,0,0,0,0,0,0
340127,2,1,0,0,0,0,0,0,0,0,0,0
340128,1,1,2,2,2,2,2,2,2,2,2,2
340129,1,1,0,0,0,0,0,0,0,0,0,0
340129,2,1,0,0,0,0,0,0,0,0,0,0
340129,3,1,0,0,0,0,0,0,0,0,0,0
340130,1,1,0,0,0,0,0,0,0,0,0,0
340131,1,1,0,0,18,0,0,0,0,0,0,0
340131,2,1,0,0,0,0,0,0,0,0,0,0
340132,1,1,0,0,0,0,10,0,17,0,0,0
340133,1,1,0,0,0,0,0,0,0,0,0,0
340134,1,1,2,2,2,2,2,2,2,2,2,2
340135,1,1,1,1,1,1,1,1,1,1,1,1
340136,1,1,12,12,12,12,12,12,12,12,12,12
340137,1,1,22,22,22,22,22,22,22,22,22,22
340138,1,1,0,0,0,0,0,0,27,0,0,0
340138,2,1,0,0,0,0,0,0,3,0,0,0
340139,1,1,0,0,0,0,0,0,0,0,0,0
340140,1,1,0,0,0,0,0,0,0,0,0,0
340140,2,1,0,0,0,0,0,0,0,0,0,0
340141,1,1,14,14,14,14,14,14,14,14,14,14
340142,1,1,0,0,0,0,0,0,0,0,0,0
340143,1,1,10,0,0,0,0,0,20,0,0,0
340143,2,1,0,0,0,0,0,0,0,0,0,0
340144,1,1,0,0,0,25,0,0,0,0,0,0
340144,2,1,4,4,4,4,4,4,4,4,4,4
340145,1,1,0,0,0,0,0,0,0,0,0,0
340146,1,1,0,0,0,0,0,0,0,0,0,0
340147,1,1,6,6,6,6,6,6,6,6,6,6
340147,2,1,0,0,0,0,0,0,0,0,0,0
340148,1,1,0,0,0,0,0,0,0,0,0,0
340149,1,1,0,14,0,0,7,0,0,0,0,0
340149,2,1,20,20,20,20,20,20,20,20,20,20
340150,1,1,0,0,0,0,0,0,0,0,0,0
340151,1,1,0,0,0,0,0,0,0,0,0,0
340151,2,1,0,0,0,0,0,0,0,0,0,0
340152,1,1,32,32,32,32,32,32,32,32,32,32
340152,2,1,0,0,0,0,0,0,0,0,0,0
340153,1,1,0,0,0,0,0,0,0,0,0,0
340153,2,1,37,0,0,0,0,0,0,0,0,0
340154,1,1,0,0,0,0,0,0,0,0,0,0
340155,1,1,0,0,27,0,0,0,0,0,0,0
340155,2,1,29,29,29,29,29,29,29,29,29,29
340156,0,1,22,22,22,22,22,22,22,22,22,22
340156,1,1,0,0,0,0,0,0,0,0,0,0
340157,1,1,28,28,28,28,28,28,28,28,28,28
340158,0,1,33,33,33,33,33,33,33,33,33,33
340158,1,1,0,0,0,0,0,0,0,0,0,0
340159,1,1,0,5,0,0,0,0,0,23,0,0
340160,1,1,0,0,0,0,0,0,0,0,12,0
340161,1,1,16,18,0,0,0,0,0,0,6,0
340161,2,1,0,0,0,0,0,0,0,0,0,11
340161,3,1,0,0,0,0,0,0,0,0,0,0
340161,4,1,0,19,0,0,0,0,0,0,9,0
340161,5,1,0,0,0,0,0,20,0,0,19,0
340161,6,1,8,0,0,0,0,0,0,0,0,0
340162,0,1,0,0,0,0,0,0,0,0,0,0
340162,1,1,0,0,0,0,0,0,0,0,0,0
340163,1,1,0,0,0,0,0,0,0,0,0,0
340164,1,1,4,4,4,4,4,4,4,4,4,4
340165,0,1,0,0,0,0,0,0,0,0,0,0
340165,1,1,0,0,21,0,5,0,0,8,0,0
340166,1,1,24,24,24,24,24,24,24,24,24,24
340167,1,1,15,15,15,15,15,15,15,15,15,15
340167,2,1,0,0,0,0,0,6,0,0,0,0
340168,0,1,9,9,9,9,9,9,9,9,9,9
340168,1,1,0,0,0,0,0,0,0,0,0,0
340169,1,1,0,0,0,0,0,0,0,0,0,0
340169,2,1,0,0,0,0,0,0,0,0,0,0
340170,1,1,0,0,0,0,0,0,0,0,0,0
340170,2,1,0,0,0,0,0,0,0,0,0,0
340171,1,1,0,0,0,0,0,0,0,0,0,0
340171,2,1,0,0,0,0,0,10,0,18,0,10
340172,0,1,0,0,0,0,0,0,0,0,0,0
340172,0,2,2,2,2,2,2,2,2,2,2,2
340172,1,1,27,27,27,27,27,27,27,27,27,27
340173,1,1,0,0,0,0,0,0,0,0,0,0
340174,0,1,0,0,0,0,0,0,0,0,0,0
340174,1,1,0,0,0,0,0,0,0,0,0,0
340175,0,1,0,0,0,0,0,0,0,0,0,0
340175,1,1,0,0,0,0,0,0,0,0,0,0
340177,1,1,0,0,0,0,0,0,0,0,0,0
340177,2,1,0,0,0,0,0,0,0,0,0,0
340178,1,1,0,0,0,0,0,0,0,0,0,0
340178,2,1,0,0,0,0,0,0,37,0,0,0
340179,0,1,23,23,23,23,23,23,23,23,23,23
340179,0,2,6,15,7,41,21,19,8,9,24,7
340179,1,1,0,0,0,0,0,0,0,0,0,0
340180,1,1,17,17,17,17,17,17,17,17,17,17
340181,1,1,20,20,20,20,20,20,20,20,20,20
340181,2,1,0,0,0,0,0,0,0,0,0,0
340182,1,1,0,0,0,0,0,0,0,0,0,0
340182,2,1,0,0,0,0,0,0,0,0,0,0
340183,1,1,0,0,0,0,0,0,0,0,0,0
340184,1,1,0,0,0,13,0,0,0,0,0,0
340185,1,1,0,0,0,0,0,0,0,0,0,0
340186,1,1,0,0,0,0,0,0,0,0,0,0
340187,1,1,0,0,0,0,0,0,0,0,0,0
340188,1,1,0,0,0,0,0,0,0,0,0,0
340189,1,1,0,0,0,0,0,0,0,0,0,0
340190,1,1,0,0,0,0,0,0,0,0,0,0
340190,2,1,0,0,0,0,0,0,0,0,0,0
340190,3,1,2,2,2,2,2,2,2,2,2,2
340191,0,1,14,14,14,14,14,14,14,14,14,14
340191,1,1,0,0,0,0,0,0,0,0,20,0
340192,1,1,0,0,0,0,0,0,0,0,0,0
340192,2,1,0,0,0,0,0,0,0,0,0,0
340192,3,1,0,0,0,0,0,0,0,0,0,0
340193,1,1,23,0,29,0,28,0,0,0,0,0
340194,1,1,0,0,12,0,0,0,0,0,0,0
340194,2,1,0,0,0,0,0,0,0,0,0,0
340194,3,1,0,0,0,0,0,5,0,0,0,0
340194,4,1,0,0,0,0,0,0,0,0,5,0
340195,1,1,0,0,0,0,0,0,0,0,0,0
340196,0,1,0,0,0,0,0,0,0,0,0,0
340196,1,1,21,21,21,21,21,21,21,21,21,21
340197,0,1,0,0,0,0,0,0,0,0,0,0
340197,1,1,0,0,0,0,0,0,0,0,0,0
340198,1,1,0,3,0,0,0,0,10,0,0,0
340198,2,1,0,0,0,0,0,0,0,0,7,0
340199,1,1,0,0,0,0,0,0,0,0,0,0
340200,0,1,0,0,0,0,0,0,0,0,0,0
340200,1,1,0,0,0,0,0,0,0,0,0,0
340201,1,1,0,0,0,0,0,0,0,0,0,0
340201,2,1,0,0,0,0,0,0,0,0,0,0
340202,0,1,10,10,10,10,10,10,10,10,10,10
340202,1,1,24,0,14,0,20,0,0,0,0,0
340203,1,1,18,18,18,18,18,18,18,18,18,18
340203,2,1,0,0,0,0,0,0,0,0,0,0
340204,1,1,0,0,0,0,0,0,0,0,0,0
340204,2,1,0,0,0,0,0,0,0,0,0,0
340204,3,1,0,0,0,0,0,0,0,0,0,0
340205,0,1,17,17,17,17,17,17,17,17,17,17
340205,1,1,0,0,0,0,0,0,0,0,0,0
340206,1,1,0,0,0,0,0,0,0,0,0,0
340206,2,1,0,0,0,0,0,20,0,0,0,0
340206,3,1,0,0,0,0,0,0,0,0,0,0
340207,1,1,21,21,21,21,21,21,21,21,21,21
340207,2,1,0,0,0,0,0,0,0,0,0,0
340208,0,1,0,0,0,0,0,0,0,0,0,0
340208,1,1,0,0,0,0,0,0,0,0,0,0
340209,0,1,1,1,1,1,1,1,1,1,1,1
340209,1,1,0,15,0,0,17,0,0,0,0,0
340210,0,1,0,0,0,0,0,0,0,0,0,0
340210,1,1,0,0,0,0,0,0,0,0,0,0
340211,0,1,0,0,0,0,0,0,0,0,0,0
340211,1,1,0,0,0,0,0,0,0,0,0,0
340212,1,1,17,17,17,17,17,17,17,17,17,17
340212,2,1,0,0,0,0,0,0,0,0,0,0
340213,0,1,23,23,23,23,23,23,23,23,23,23
340213,1,1,0,0,0,0,0,0,0,0,0,0
340214,1,1,12,12,12,12,12,12,12,12,12,12
340215,1,1,11,11,11,11,11,11,11,11,11,11
340215,2,1,0,0,0,0,0,0,0,0,12,0
340216,1,1,0,0,0,0,0,0,0,0,0,0
340216,2,1,0,0,0,0,0,0,0,0,0,0
340217,0,1,0,0,0,0,0,0,0,0,0,0
340217,1,1,0,0,0,0,0,0,0,22,0,0
340218,0,1,0,0,0,0,0,0,0,0,0,0
340218,1,1,0,0,0,0,0,0,0,0,0,0
340219,0,1,13,13,13,13,13,13,13,13,13,13
340219,1,1,0,0,0,22,0,0,0,0,0,0
340220,1,1,0,0,0,0,0,0,0,0,0,0
340220,2,1,0,0,0,0,0,0,0,0,0,0
340221,1,1,11,11,11,11,11,11,11,11,11,11
340222,1,1,0,0,0,0,0,17,0,0,0,0
340222,2,1,12,12,12,12,12,12,12,12,12,12
340223,1,1,0,0,0,0,0,0,0,0,0,0
340224,1,1,0,0,0,0,0,0,0,0,0,0
340224,2,1,0,0,0,0,0,0,0,0,0,0
340225,0,1,0,0,0,0,0,0,0,0,0,0
340225,1,1,0,0,0,0,22,0,0,0,0,0
340226,1,1,0,0,0,0,0,0,0,0,0,0
340226,2,1,0,0,0,0,0,0,0,0,0,0
340227,0,1,0,0,0,0,0,0,0,0,0,0
340227,1,1,0,0,20,0,0,0,8,0,26,0
340228,0,1,0,0,0,0,0,0,0,0,0,0
340228,1,1,34,31,0,0,0,0,0,0,9,0
340228,2,1,0,0,0,0,0,0,0,0,0,0
340229,1,1,0,0,0,0,0,0,0,0,0,0
340230,0,1,0,0,0,0,0,0,0,0,0,0
340230,1,1,0,0,0,0,0,0,0,0,11,0
340231,1,1,0,0,0,0,0,0,0,0,0,0
340231,2,1,0,0,0,0,0,0,0,0,0,0
340232,1,1,0,0,0,0,0,0,0,0,0,0
340232,2,1,0,0,0,0,0,0,0,0,0,0
340232,3,1,0,0,17,0,0,0,0,0,0,0
340232,4,1,0,0,0,0,0,0,0,0,0,0
340232,5,1,0,0,0,0,0,0,0,0,0,0
340233,1,1,0,0,0,0,0,0,0,0,0,0
340234,1,1,0,0,0,0,0,0,0,0,0,0
340235,1,1,0,0,0,0,0,0,0,0,0,0
340236,0,1,0,0,0,0,0,0,0,0,0,0
340236,1,1,0,0,0,0,0,0,0,0,0,0
340237,1,1,0,0,0,0,0,0,0,0,0,0
340237,2,1,0,0,0,0,0,0,0,0,0,0
340238,1,1,0,0,0,0,0,0,0,0,0,0
340238,2,1,0,0,0,0,0,0,0,0,0,0
340239,0,1,22,22,22,22,22,22,22,22,22,22
340239,1,1,0,0,0,0,0,0,0,0,0,0
340240,0,1,0,0,0,0,0,0,0,0,0,0
340240,1,1,0,0,0,0,0,0,0,0,0,0
340241,1,1,0,0,0,0,0,0,0,0,0,0
340242,1,1,1,1,1,1,1,1,1,1,1,1
340243,1,1,0,0,0,0,0,0,0,0,0,0
340243,2,1,0,0,0,0,0,0,0,0,0,0
340244,1,1,0,0,0,0,0,0,0,0,0,0
340244,2,1,0,0,0,0,0,0,0,0,0,0
340245,0,1,0,0,0,0,0,0,0,0,0,0
340245,1,1,0,0,0,0,0,0,0,0,0,0
340246,1,1,0,0,0,0,0,0,0,0,0,0
340246,2,1,0,0,0,0,0,15,0,0,0,0
340247,1,1,0,0,0,0,0,0,0,0,0,0
340247,2,1,0,0,0,0,0,0,0,0,0,0
340248,1,1,0,0,0,0,0,0,0,0,0,0
340248,2,1,11,11,11,11,11,11,11,11,11,11
340249,0,1,8,21,3,17,24,12,8,13,27,22
340249,1,1,0,0,0,0,0,0,0,0,0,17
340250,1,1,22,0,20,4,0,0,30,3,0,0
340251,0,1,7,7,7,7,7,7,7,7,7,7
340251,1,1,0,0,0,0,0,0,0,0,0,0
340252,0,1,0,0,0,0,0,0,0,0,0,0
340252,1,1,0,0,0,0,0,0,0,0,0,0
340253,1,1,3,3,3,3,3,3,3,3,3,3
340253,2,1,0,0,0,0,0,0,0,0,0,0
340254,1,1,23,23,23,23,23,23,23,23,23,23
340255,1,1,0,0,0,0,0,0,0,0,0,0
340255,2,1,0,0,0,0,0,0,0,0,0,26
340256,1,1,0,0,0,0,0,0,0,0,0,0
340257,1,1,0,0,0,0,0,0,0,0,0,0
340257,2,1,6,6,6,6,6,6,6,6,6,6
340258,1,1,0,0,0,0,0,0,0,0,0,0
340258,2,1,0,0,0,0,0,0,0,0,0,0
340259,1,1,0,0,0,0,0,0,0,0,0,0
340259,2,1,0,0,12,0,0,0,0,0,23,0
340260,1,1,10,10,10,10,10,10,10,10,10,10
340261,1,1,0,0,0,0,0,0,0,0,0,0
340262,1,1,0,0,0,0,0,0,0,0,0,0
340263,1,1,4,4,4,4,4,4,4,4,4,4
340263,2,1,0,28,0,0,0,0,0,0,0,0
340264,1,1,0,0,0,0,0,0,0,0,0,0
340264,2,1,0,0,0,0,0,0,0,0,0,0
340265,0,1,9,9,9,9,9,9,9,9,9,9
340265,1,1,0,0,0,0,0,0,0,0,0,0
340266,0,1,19,19,19,19,19,19,19,19,19,19
340266,1,1,0,0,0,24,0,0,0,0,0,0
340267,0,1,0,0,0,0,0,0,0,0,0,0
340267,1,1,27,16,21,13,0,2,0,5,15,0
340268,0,1,0,0,0,0,0,0,0,0,0,0
340268,1,1,0,0,0,0,0,0,0,0,0,0
340270,0,1,0,0,0,29,0,0,19,0,0,0
340270,1,1,0,0,0,0,0,0,0,0,0,0
340271,0,1,19,19,19,19,19,19,19,19,19,19
340271,1,1,0,0,0,20,0,0,0,0,8,0
340272,1,1,0,0,0,0,0,0,0,0,0,0
340273,1,1,0,20,0,0,14,7,18,0,0,15
340274,1,1,0,0,0,0,0,0,0,0,0,0
340274,2,1,6,6,6,6,6,6,6,6,6,6
340275,1,1,16,43,14,12,0,23,0,26,0,12
340276,1,1,16,16,16,16,16,16,16,16,16,16
340277,0,1,22,22,22,22,22,22,22,22,22,22
340277,1,1,0,0,17,0,6,0,0,0,0,0
340278,1,1,0,0,0,0,0,0,0,0,0,0
340278,2,1,0,0,0,0,0,0,0,0,0,0
340278,3,1,0,0,0,0,0,0,0,0,0,0
340279,0,1,0,0,0,0,0,0,0,0,0,0
340279,1,1,0,0,0,0,0,0,0,0,13,0
340280,1,1,0,0,0,0,0,0,0,0,0,0
340280,2,1,0,0,0,0,0,0,0,0,0,0
340280,3,1,0,0,0,23,0,0,0,0,0,0
340281,1,1,0,0,0,0,0,0,0,0,0,0
340282,0,1,0,0,0,0,0,0,0,0,0,0
340282,1,1,0,0,0,0,0,0,0,0,0,0
340283,1,1,0,0,0,0,0,0,0,0,0,0
340283,2,1,0,0,14,0,0,0,0,0,0,0
340284,1,1,23,23,23,23,23,23,23,23,23,23
340284,2,1,0,0,0,0,0,0,0,0,0,0
340284,3,1,0,0,0,0,0,0,0,0,0,0
340285,1,1,0,0,0,0,0,0,0,18,0,0
340285,2,1,0,0,0,0,0,12,0,0,0,0
340286,1,1,15,15,15,15,15,15,15,15,15,15
340287,1,1,0,0,0,0,0,0,0,0,0,0
340287,2,1,0,0,0,0,0,0,0,0,0,0
340287,3,1,0,0,0,0,0,0,0,0,0,0
340288,0,1,0,0,0,0,0,0,0,0,0,0
340288,1,1,0,0,0,0,0,0,0,0,0,0
340289,1,1,0,0,0,0,0,0,0,0,0,0
340289,2,1,0,0,0,0,0,0,0,0,0,0
340290,1,1,0,0,0,0,0,0,0,0,0,0
340290,2,1,0,0,0,0,0,0,0,0,0,0
340290,3,1,0,0,0,0,0,0,0,0,0,0
340290,4,1,0,0,0,0,0,0,0,0,0,0
340291,0,1,0,0,0,0,0,0,0,0,0,0
340291,1,1,0,0,11,0,0,0,0,0,0,0
340292,0,1,30,8,19,25,24,19,18,14,26,0
340292,1,1,0,0,6,0,0,0,0,21,0,0
340293,1,1,0,0,0,0,0,0,0,0,0,0