ST_CASE,VEH_NO,PER_NO,P1,P2,P3,P4,P5,P6,P7,P8,P9,P10
340293,2,1,0,0,0,0,0,0,0,0,0,0
340294,1,1,0,0,0,0,0,0,0,0,0,0
340295,0,1,11,15,39,25,34,8,34,31,39,13
340295,1,1,0,0,0,0,0,0,0,0,0,0
340296,0,1,0,0,0,0,0,0,0,0,0,0
340296,1,1,0,0,0,0,0,0,0,0,0,0
340297,1,1,0,0,0,0,0,0,0,0,0,0
340297,2,1,0,0,0,0,0,0,0,0,0,0
340298,1,1,1,1,1,1,1,1,1,1,1,1
340299,0,1,0,0,0,0,0,0,0,0,0,0
340299,1,1,6,6,6,6,6,6,6,6,6,6
340300,0,1,0,0,0,0,0,0,0,0,0,0
340300,1,1,0,0,0,0,0,0,0,0,0,0
340301,0,1,0,0,0,0,0,0,0,0,0,0
340301,2,1,0,0,0,0,0,0,0,0,0,0
340302,1,1,0,0,0,0,0,0,0,0,0,0
340302,2,1,0,0,0,0,0,0,0,0,0,0
340303,1,1,0,0,0,0,0,0,0,0,0,0
340304,1,1,16,16,16,16,16,16,16,16,16,16
340305,1,1,0,0,0,0,0,0,0,0,0,0
340306,0,1,0,0,0,0,0,0,0,0,0,0
340306,2,1,0,0,0,0,0,0,0,0,0,0
340307,1,1,0,0,0,0,0,0,0,0,0,0
340307,2,1,12,12,12,12,12,12,12,12,12,12
340308,1,1,0,0,0,0,0,0,0,0,0,0
340308,2,1,0,0,0,0,0,0,0,0,0,0
340309,1,1,0,0,0,0,0,0,0,0,0,0
340310,1,1,0,0,0,0,0,0,0,0,0,0
340311,1,1,0,0,0,0,0,0,0,0,0,0
340312,1,1,17,17,17,17,17,17,17,17,17,17
340313,1,1,11,0,0,0,11,0,14,0,0,0
340313,2,1,0,0,28,0,0,0,0,0,0,0
340313,3,1,0,0,5,0,0,0,0,16,0,0
340313,4,1,0,0,0,0,0,0,0,0,0,5
340313,5,1,0,0,0,42,0,0,0,0,0,0
340314,1,1,24,24,24,24,24,24,24,24,24,24
340315,1,1,0,0,0,0,0,0,0,0,0,0
340315,2,1,27,27,27,27,27,27,27,27,27,27
340316,1,1,0,0,0,0,0,0,0,0,0,0
340316,2,1,0,0,0,0,0,0,0,0,0,0
340317,1,1,0,0,0,0,0,0,0,0,0,0
340318,1,1,16,16,16,16,16,16,16,16,16,16
340319,1,1,0,0,0,0,0,0,0,0,0,0
340319,2,1,0,0,0,0,0,0,0,0,0,0
340320,1,1,0,0,0,0,0,0,0,0,0,0
340320,2,1,0,0,0,0,0,0,0,0,0,0
340321,0,1,22,22,22,22,22,22,22,22,22,22
340321,1,1,0,0,0,0,0,0,0,0,0,0
340322,0,1,0,0,0,0,0,0,0,0,0,0
340322,1,1,0,0,0,0,0,0,0,0,0,0
340323,1,1,0,0,0,5,0,0,0,0,0,0
340323,2,1,0,0,0,0,0,0,0,0,0,0
340324,1,1,0,0,0,0,0,0,0,0,0,0
340324,2,1,0,0,0,0,0,0,0,0,0,0
340325,1,1,0,0,0,0,0,0,0,0,0,0
340326,0,1,0,0,0,0,0,0,0,0,0,0
340326,1,1,24,0,19,0,0,0,0,0,13,0
340327,0,1,0,0,0,0,13,0,31,0,0,33
340327,2,1,0,0,0,0,0,0,0,0,0,0
340328,1,1,0,0,0,0,0,0,0,0,0,0
340329,1,1,10,10,10,10,10,10,10,10,10,10
340329,2,1,0,0,0,0,0,0,0,0,0,0
340330,1,1,1,1,1,1,1,1,1,1,1,1
340330,2,1,0,0,0,0,0,0,0,0,0,0
340330,3,1,0,0,0,0,0,0,0,0,0,0
340331,1,1,33,0,0,0,11,0,8,0,9,25
340332,0,1,0,0,0,0,0,0,0,0,0,0
340332,0,2,0,0,0,0,0,0,0,0,0,0
340332,1,1,0,0,0,0,0,0,0,0,0,0
340332,2,1,0,0,0,0,0,0,0,0,0,0
340333,0,1,0,0,0,0,0,0,0,0,0,0
340333,1,1,0,0,0,0,0,0,0,0,0,0
340334,1,1,0,0,0,0,0,0,0,0,0,0
340334,2,1,0,0,0,0,0,0,0,0,0,0
340335,1,1,16,16,16,16,16,16,16,16,16,16
340336,0,1,0,0,0,0,0,0,0,0,0,0
340336,1,1,0,0,0,0,0,0,0,0,0,0
340337,1,1,30,30,30,30,30,30,30,30,30,30
340338,0,1,36,36,36,36,36,36,36,36,36,36
340338,1,1,0,0,0,0,0,0,0,0,0,0
340339,0,1,32,32,32,32,32,32,32,32,32,32
340339,1,1,0,0,0,0,0,0,0,0,0,0
340340,1,1,0,0,0,0,0,0,0,0,0,0
340340,2,1,0,0,0,0,0,0,0,0,0,0
340341,1,1,0,0,0,0,0,0,0,0,0,0
340341,2,1,0,0,0,0,0,0,0,0,0,0
340342,1,1,0,0,0,0,0,0,0,0,0,0
340342,2,1,0,0,0,0,0,0,0,0,0,0
340343,0,1,34,34,34,34,34,34,34,34,34,34
340343,1,1,0,0,0,0,0,0,0,0,0,0
340344,1,1,0,3,0,0,0,0,0,0,0,0
340344,2,1,0,0,0,0,0,0,0,0,0,0
340345,1,1,0,0,0,0,0,0,0,0,0,0
340346,1,1,0,0,0,0,0,0,13,0,0,0
340346,2,1,0,0,0,0,0,0,0,0,0,0
340347,1,1,0,0,0,0,0,0,0,0,0,0
340348,1,1,0,0,0,0,17,0,0,0,0,0
340348,2,1,0,0,0,0,0,0,10,0,0,0
340348,3,1,0,0,0,0,0,0,0,0,0,0
340349,0,1,14,6,30,33,28,33,15,11,24,14
340349,1,1,0,0,0,0,0,0,0,0,0,0
340350,0,1,0,0,0,0,0,0,0,0,0,0
340350,1,1,0,0,0,0,0,14,0,0,0,0
340351,1,1,0,0,0,0,0,0,0,0,0,0
340351,2,1,0,0,0,0,0,0,0,0,0,0
340352,0,1,0,0,0,0,0,0,0,0,0,0
340352,2,1,13,0,0,0,0,0,16,0,0,0
340353,0,1,0,0,0,0,0,0,0,0,0,0
340353,1,1,31,0,0,0,0,0,0,0,0,0
340354,0,1,12,12,12,12,12,12,12,12,12,12
340354,1,1,0,0,0,0,0,15,0,0,0,0
340355,0,1,28,28,28,28,28,28,28,28,28,28
340355,1,1,0,0,0,0,0,0,0,0,0,0
340356,1,1,0,0,0,0,0,0,0,0,0,0
340357,0,1,0,0,0,0,0,0,0,0,0,0
340357,1,1,0,0,0,0,0,0,0,0,0,0
340358,1,1,0,0,0,0,0,0,0,0,0,0
340358,2,1,0,0,0,0,0,0,7,0,0,0
340359,1,1,0,0,0,0,0,0,0,0,0,0
340359,2,1,13,13,13,13,13,13,13,13,13,13
340360,1,1,0,0,0,0,0,0,0,0,0,0
340360,2,1,0,0,0,0,0,0,0,0,0,0
340360,3,1,0,0,0,0,0,0,0,0,0,0
340361,0,1,8,8,8,8,8,8,8,8,8,8
340361,1,1,0,0,0,0,0,0,0,0,0,0
340362,0,1,0,0,0,0,0,0,0,0,0,0
340362,1,1,0,0,0,0,0,0,0,0,0,0
340363,1,1,0,0,0,0,0,0,0,0,0,0
340364,1,1,0,0,0,0,0,0,0,0,0,0
340364,2,1,4,4,4,4,4,4,4,4,4,4
340365,1,1,0,0,0,0,0,0,0,0,0,0
340366,0,1,0,0,0,0,0,0,0,0,0,0
340366,1,1,0,0,0,0,0,0,0,0,0,0
340368,1,1,0,0,0,0,0,0,0,0,0,0
340368,2,1,0,0,0,0,15,0,0,0,0,0
340369,1,1,16,16,16,16,16,16,16,16,16,16
340369,2,1,0,0,19,0,0,0,0,0,0,0
340370,1,1,0,0,0,0,0,0,0,0,0,0
340370,2,1,0,0,0,0,0,0,0,0,0,0
340371,0,1,0,0,0,0,0,0,0,0,0,0
340371,0,2,0,17,14,0,32,11,0,0,0,0
340371,1,1,0,0,0,0,0,0,0,9,0,0
340372,1,1,0,0,0,0,0,0,0,0,0,0
340372,2,1,0,0,0,0,0,0,0,0,0,0
340372,3,1,0,0,0,0,0,0,0,0,0,11
340373,1,1,0,0,0,0,0,0,0,0,30,0
340373,2,1,0,0,0,0,0,0,0,0,0,0
340374,1,1,0,0,0,0,0,0,0,0,0,0
340374,2,1,0,0,0,0,0,0,0,0,0,0
340375,1,1,0,0,0,0,0,0,0,0,0,0
340375,2,1,6,6,6,6,6,6,6,6,6,6
340376,1,1,0,12,0,0,0,0,0,0,0,0
340376,2,1,0,0,0,0,0,0,0,0,0,0
340376,3,1,14,0,0,0,0,0,0,0,0,0
340376,4,1,0,0,0,0,0,0,0,0,0,0
340376,5,1,0,0,0,0,0,0,0,0,0,0
340377,0,1,12,12,12,12,12,12,12,12,12,12
340377,1,1,0,0,0,0,0,0,0,0,0,0
340378,1,1,15,0,14,17,19,3,10,0,24,0
340378,3,1,30,30,30,30,30,30,30,30,30,30
340379,0,1,0,0,0,0,0,0,0,0,0,0
340379,1,1,0,0,0,0,0,0,0,0,0,0
340380,1,1,0,0,0,0,0,0,0,0,0,0
340381,0,1,20,20,20,20,20,20,20,20,20,20
340381,1,1,16,16,16,16,16,16,16,16,16,16
340382,0,1,0,0,0,0,0,0,0,0,0,0
340382,1,1,0,0,0,0,0,0,0,0,0,0
340383,0,1,0,0,0,0,0,0,0,0,0,0
340383,1,1,0,8,0,20,0,0,9,0,0,0
340384,1,1,0,0,0,0,0,0,0,0,0,0
340384,2,1,0,0,0,0,20,0,0,0,0,0
340385,0,1,0,0,0,0,0,0,0,0,0,0
340385,1,1,0,0,0,0,0,0,0,0,0,0
340386,1,1,0,0,0,0,0,0,0,0,0,0
340386,2,1,0,0,0,0,0,0,0,0,0,0
340387,2,1,0,0,0,0,0,0,0,0,0,0
340388,0,1,0,0,0,0,0,0,0,0,0,0
340388,1,1,8,8,8,8,8,8,8,8,8,8
340389,1,1,0,0,19,0,0,32,0,0,0,0
340389,2,1,0,0,0,0,0,0,0,0,0,0
340390,0,1,0,0,0,0,0,0,0,0,0,0
340390,1,1,0,0,0,0,0,0,0,0,0,0
340391,1,1,0,0,0,0,0,0,0,0,0,0
340391,2,1,0,0,0,0,0,0,0,0,0,0
340392,1,1,0,0,0,0,6,0,0,0,0,0
340392,2,1,0,0,0,0,0,0,0,0,0,0
340393,0,1,0,0,0,0,0,0,0,0,0,0
340393,1,1,0,0,0,0,0,0,0,0,0,0
340394,0,1,0,0,0,0,0,0,0,0,0,0
340394,1,1,0,0,0,0,0,0,0,0,0,0
340395,1,1,0,0,0,0,0,0,0,0,20,0
340396,1,1,0,0,0,0,0,0,0,0,0,0
340397,0,1,0,0,0,0,0,0,0,0,0,0
340397,1,1,0,0,0,0,0,0,0,0,0,0
340398,1,1,0,0,0,16,0,0,0,0,0,0
340399,1,1,0,0,0,0,0,0,0,0,0,0
340399,2,1,0,0,0,0,0,0,0,0,0,0
340400,1,1,0,0,0,0,0,0,0,0,0,0
340400,2,1,0,0,0,0,0,0,0,0,0,0
340401,1,1,0,0,0,0,0,0,0,0,0,30
340401,2,1,0,0,0,0,0,0,0,0,0,0
340401,3,1,0,0,0,0,0,0,0,0,0,0
340402,1,1,0,0,0,0,0,0,0,0,0,0
340402,2,1,0,0,0,0,0,0,0,0,8,0
340403,1,1,24,24,24,24,24,24,24,24,24,24
340404,0,1,12,12,12,12,12,12,12,12,12,12
340404,1,1,0,0,8,0,0,5,34,0,8,0
340405,1,1,0,0,0,0,0,0,0,0,0,0
340405,3,1,0,0,0,0,0,0,0,0,0,0
340406,1,1,0,0,0,0,0,0,0,0,0,0
340407,0,1,0,0,0,0,0,0,0,0,0,0
340407,1,1,0,0,0,0,0,0,0,0,0,0
340408,0,1,0,0,0,0,0,0,0,0,0,0
340408,1,1,0,0,0,0,0,0,0,0,0,0
340409,1,1,8,8,8,8,8,8,8,8,8,8
340410,1,1,8,8,8,8,8,8,8,8,8,8
340412,1,1,11,11,11,11,11,11,11,11,11,11
340412,2,1,0,0,0,0,0,0,0,0,0,0
340413,0,1,0,0,0,0,0,0,0,0,0,0
340413,1,1,0,0,0,0,0,0,0,0,0,0
340414,1,1,0,0,0,0,0,0,0,0,0,0
340414,2,1,0,0,0,0,0,0,0,0,0,0
340415,0,1,0,0,0,0,0,0,0,0,0,0
340415,1,1,0,0,0,0,0,0,0,0,0,0
340416,0,1,0,0,0,0,0,0,0,0,0,0
340416,1,1,0,0,0,0,0,0,0,0,0,0
340417,1,1,22,22,22,22,22,22,22,22,22,22
340417,2,1,0,0,19,0,0,0,0,0,0,0
340417,3,1,0,0,0,12,0,0,0,0,0,0
340418,0,1,0,0,0,0,0,0,0,0,0,0
340418,0,2,0,0,0,0,0,0,0,0,0,0
340418,1,1,0,0,6,0,0,0,0,0,0,0
340419,0,1,31,31,31,31,31,31,31,31,31,31
340419,1,1,0,0,0,0,0,0,0,0,0,0
340420,1,1,9,9,9,9,9,9,9,9,9,9
340420,2,1,0,0,0,0,0,0,0,0,0,0
340421,1,1,0,0,0,0,0,0,0,0,0,0
340422,0,1,0,0,0,0,0,0,0,0,0,0
340422,1,1,0,0,0,0,0,0,0,0,0,0
340423,0,1,24,24,24,24,24,24,24,24,24,24
340423,1,1,0,0,0,22,0,0,19,0,0,0
340424,0,1,0,0,0,0,0,0,0,0,0,0
340424,1,1,0,0,0,0,0,37,10,0,0,0
340425,1,1,21,21,21,21,21,21,21,21,21,21
340426,1,1,0,0,0,0,0,0,0,0,0,0
340426,2,1,0,0,0,0,0,0,0,0,0,0
340427,0,1,0,0,0,0,0,0,0,0,0,0
340427,0,2,0,0,17,17,0,0,5,14,12,0
340427,1,1,0,0,0,0,0,0,0,0,0,0
340427,3,1,0,0,0,0,0,0,0,0,0,0
340428,1,1,0,0,0,0,0,0,0,0,0,0
340429,0,1,0,0,0,0,0,0,0,0,0,0
340429,1,1,0,0,0,0,0,0,0,0,0,0
340429,2,1,0,0,0,0,0,0,0,0,0,0
340430,1,1,0,0,0,0,0,0,0,0,0,0
340430,2,1,0,0,0,0,0,0,0,0,0,0
340431,1,1,0,0,0,0,0,0,0,0,0,0
340432,0,1,12,10,35,17,6,0,12,16,36,8
340432,1,1,0,0,0,0,0,0,0,23,0,0
340433,1,1,0,0,0,0,0,0,0,0,0,0
340433,2,1,0,0,0,0,0,0,0,0,0,0
340434,0,1,0,0,0,0,0,0,0,0,0,0
340434,1,1,0,0,0,0,0,0,0,4,0,0
340435,1,1,0,0,0,14,0,0,0,0,0,0
340435,2,1,0,0,0,0,0,0,0,0,0,0
340436,1,1,0,0,0,0,0,0,0,0,0,0
340436,2,1,0,0,0,0,0,0,0,0,0,0
340436,3,1,0,0,0,0,0,0,0,0,0,0
340436,4,1,0,0,8,0,0,0,0,0,0,0
340436,5,1,0,0,0,0,0,0,0,0,0,0
340436,6,1,0,0,0,0,0,0,0,0,0,0
340437,1,1,32,32,32,32,32,32,32,32,32,32
340438,1,1,20,20,20,20,20,20,20,20,20,20
340439,0,1,0,0,0,0,0,0,0,0,0,0
340439,1,1,0,0,0,0,0,0,0,0,0,0
340440,0,1,0,0,0,0,0,0,0,0,0,0
340440,1,1,0,0,0,0,0,0,0,0,0,0
340441,1,1,0,0,0,0,0,0,0,0,0,0
340441,2,1,0,0,0,0,0,0,0,0,0,0
340442,1,1,0,0,0,0,0,0,0,0,0,0
340442,2,1,3,3,3,3,3,3,3,3,3,3
340443,0,1,0,0,0,0,0,0,0,0,0,0
340443,1,1,0,0,0,0,0,0,0,0,0,0
340443,2,1,0,0,0,0,0,0,0,0,0,0
340444,0,1,0,0,0,0,0,0,0,0,0,0
340444,1,1,10,0,0,15,16,15,0,10,31,0
340445,1,1,10,10,10,10,10,10,10,10,10,10
340446,1,1,0,0,0,0,0,0,0,0,0,0
340446,2,1,0,0,0,0,18,0,0,0,0,0
340447,1,1,16,16,16,16,16,16,16,16,16,16
340447,2,1,0,0,0,0,0,0,0,0,0,0
340448,0,1,0,0,0,0,0,0,0,0,0,0
340448,1,1,0,0,0,0,0,0,0,0,0,0
340449,0,1,0,0,0,0,0,0,0,0,0,0
340449,0,2,0,0,0,0,0,24,0,0,0,0
340449,1,1,0,0,0,0,0,0,0,0,0,0
340451,0,1,0,0,0,0,0,0,0,0,0,0
340451,1,1,0,0,0,0,0,0,0,0,0,0
340451,2,1,0,0,0,0,0,0,0,0,0,0
340451,3,1,0,0,0,0,0,0,0,0,0,0
340452,0,1,0,0,0,0,0,0,0,0,0,0
340452,1,1,0,0,0,0,0,0,0,0,0,0
340452,2,1,0,0,0,0,0,16,0,0,18,0
340452,3,1,0,35,0,0,0,0,0,0,9,0
340453,1,1,6,6,6,6,6,6,6,6,6,6
340454,0,1,0,0,0,0,0,0,0,0,0,0
340454,1,1,0,0,0,0,0,0,0,0,0,0
340454,2,1,0,0,0,0,0,0,0,0,0,0
340455,0,1,0,0,0,0,0,0,0,0,0,0
340455,1,1,0,0,0,0,0,0,0,0,0,0
340456,0,1,0,0,0,0,0,0,0,0,0,0
340456,1,1,0,0,8,20,20,0,10,13,0,16
340457,0,1,0,0,0,0,0,0,0,0,16,0
340457,1,1,0,0,0,0,0,0,0,0,0,0
340458,0,1,0,0,0,0,0,0,0,0,0,0
340458,0,2,0,0,0,0,0,0,0,9,0,0
340458,1,1,0,0,0,0,0,0,0,0,0,0
340459,0,1,0,0,0,0,0,0,0,0,0,0
340459,1,1,0,0,0,0,0,0,0,0,0,0
340460,1,1,30,30,30,30,30,30,30,30,30,30
340461,1,1,0,0,0,0,0,0,0,0,0,0
340461,2,1,11,11,11,11,11,11,11,11,11,11
340462,0,1,3,3,3,3,3,3,3,3,3,3
340462,0,2,0,0,0,0,0,0,0,0,0,0
340462,1,1,0,0,12,0,0,0,0,0,0,0
340463,1,1,0,0,0,0,0,0,0,0,0,0
340463,2,1,0,0,0,0,0,0,0,0,0,0
340463,3,1,0,0,0,0,0,0,0,0,0,0
340464,0,1,0,0,0,0,0,0,0,0,0,0
340464,1,1,0,0,0,0,0,0,0,0,0,0
340465,0,1,0,0,0,0,0,0,0,0,0,0
340465,1,1,0,0,0,0,0,0,0,0,0,0
340466,1,1,2,2,2,2,2,2,2,2,2,2
340467,1,1,0,0,0,0,0,0,0,0,0,0
340469,0,1,0,0,0,0,0,0,0,0,0,0
340469,1,1,0,0,0,0,0,23,0,0,0,0
340469,2,1,0,0,0,0,0,0,0,0,0,0
340470,1,1,1,1,1,1,1,1,1,1,1,1
340470,2,1,0,0,0,0,0,0,0,0,0,0
340471,1,1,0,0,0,0,0,0,0,0,0,0
340471,2,1,0,0,0,0,0,0,14,0,0,0
340472,1,1,0,0,0,0,0,0,0,0,0,0
340472,2,1,0,0,0,0,17,20,0,0,0,0
340473,0,1,0,0,0,0,0,0,0,0,0,0
340473,1,1,0,0,0,0,0,0,0,0,0,0
340474,1,1,21,21,21,21,21,21,21,21,21,21
340474,2,1,0,0,0,0,0,0,0,0,0,0
340474,3,1,0,0,0,0,0,0,0,0,19,12
340475,1,1,0,0,0,0,0,0,0,0,0,0
340475,2,1,0,0,0,0,0,0,0,0,0,0
340475,3,1,0,0,0,0,0,0,0,0,0,0
340476,1,1,26,26,26,26,26,26,26,26,26,26
340477,1,1,0,0,0,0,0,0,0,0,0,0
340477,2,1,0,0,0,0,0,0,0,0,0,0
340477,3,1,0,0,0,0,0,0,14,0,0,0
340478,1,1,0,0,0,0,0,0,0,0,0,0
340478,2,1,0,0,0,0,0,0,0,0,0,0
340479,1,1,0,0,0,0,0,0,0,18,0,0
340480,1,1,0,0,0,0,0,0,0,0,0,0
340480,2,1,0,20,0,0,0,0,0,0,0,0
340481,1,1,0,0,0,0,0,0,0,0,0,0
340481,2,1,0,0,0,0,0,0,0,0,0,0
340482,0,1,0,0,8,0,0,0,0,8,24,39
340482,1,1,0,0,0,0,0,0,0,0,0,0
340483,0,1,0,0,0,0,0,0,0,0,0,0
340483,1,1,0,0,0,0,0,0,0,0,0,0
340484,1,1,0,0,0,0,0,0,0,0,0,0
340485,0,1,0,0,0,0,0,0,0,0,0,0
340485,1,1,0,0,0,0,0,0,0,0,0,0
340486,0,1,0,12,0,0,0,0,0,0,0,0
340486,1,1,0,0,0,0,0,0,0,0,0,0
340487,1,1,0,0,0,0,0,0,0,0,0,0
340487,2,1,0,0,0,0,0,0,0,0,0,0
340487,3,1,0,0,0,0,0,0,0,0,0,0
340487,4,1,0,0,0,0,0,0,0,0,0,0
340487,5,1,0,0,0,0,0,2,0,0,24,18
340488,0,1,0,0,0,0,0,0,0,0,0,0
340488,1,1,0,0,0,0,0,0,0,0,0,0
340489,0,1,0,0,0,0,0,0,0,0,0,0
340489,1,1,0,0,0,0,0,0,0,0,0,0
340490,1,1,0,0,0,0,0,0,0,0,0,0
340490,2,1,0,0,0,0,0,0,0,0,0,0
340491,1,1,0,0,0,0,0,0,0,0,0,0
340492,0,1,0,0,0,0,0,0,0,0,20,10
340492,1,1,0,0,0,0,0,0,0,0,0,0
340493,0,1,29,29,29,29,29,29,29,29,29,29
340493,0,2,0,0,0,0,0,0,0,0,0,0
340493,1,1,0,0,0,0,0,0,0,0,0,0
340494,1,1,0,0,0,0,0,0,0,0,0,0
340494,2,1,0,0,0,0,0,6,0,0,0,0
340494,3,1,15,15,15,15,15,15,15,15,15,15
340495,1,1,15,15,15,15,15,15,15,15,15,15
340496,1,1,0,0,0,0,0,0,0,0,0,0
340496,2,1,0,0,0,0,0,0,0,0,0,0
340496,3,1,0,0,0,0,0,0,0,0,0,0
340497,0,1,9,9,9,9,9,9,9,9,9,9
340497,1,1,0,0,0,0,0,0,0,0,0,0
340497,2,1,0,0,0,0,0,0,0,0,0,0
340498,1,1,0,0,0,0,0,0,0,0,0,0
340498,2,1,0,0,0,0,0,0,0,0,0,0
340499,1,1,0,0,0,0,0,0,0,0,0,0
340500,1,1,14,14,14,14,14,14,14,14,14,14
340500,2,1,0,0,15,0,0,0,0,0,0,0
340501,0,1,0,0,0,0,0,0,0,0,0,0
340501,0,2,0,0,0,0,0,0,0,0,0,0
340501,1,1,0,0,0,0,0,0,0,0,0,0
340502,0,1,0,0,0,0,0,0,0,0,0,0
340502,1,1,0,0,0,0,0,0,0,0,0,0
340502,2,1,0,0,0,0,0,0,0,0,0,0
340503,1,1,0,0,0,0,0,0,0,0,0,0
340504,1,1,0,0,0,0,0,0,0,0,0,0
340504,2,1,0,0,0,0,0,0,0,0,0,0
340505,1,1,0,0,0,0,0,7,0,0,0,0
340506,0,1,13,13,13,13,13,13,13,13,13,13
340506,1,1,15,15,15,15,15,15,15,15,15,15
340507,1,1,1,1,1,1,1,1,1,1,1,1
340508,0,1,0,0,0,0,0,0,0,0,0,0
340508,1,1,0,0,0,0,0,0,0,0,0,0
340509,1,1,16,16,16,16,16,16,16,16,16,16
340510,1,1,0,0,0,0,0,0,0,0,0,0
340510,2,1,0,0,0,0,0,0,0,0,0,0
340510,3,1,0,0,0,0,0,0,0,0,0,0
340510,4,1,0,0,0,0,0,0,0,0,0,0
340511,1,1,0,0,0,0,0,0,0,0,0,0
340511,2,1,7,7,7,7,7,7,7,7,7,7
340512,1,1,2,2,2,2,2,2,2,2,2,2
340513,1,1,12,12,12,12,12,12,12,12,12,12
340514,1,1,16,0,0,19,16,0,0,0,0,24
340515,1,1,0,0,0,0,0,0,0,0,0,0
340515,2,1,0,0,0,0,0,0,0,0,0,0
340516,0,1,0,0,0,0,0,0,0,0,0,0
340516,1,1,0,0,0,0,0,0,0,3,13,0
340517,1,1,26,0,7,19,15,0,9,27,0,0
340518,0,1,6,6,6,6,6,6,6,6,6,6
340518,2,1,0,0,0,0,0,0,0,0,6,0
340519,1,1,0,0,0,0,0,0,0,0,0,0
340519,2,1,13,13,13,13,13,13,13,13,13,13
340519,3,1,6,0,7,0,9,0,0,0,0,0
340520,1,1,0,0,0,0,0,0,0,0,0,0
340520,2,1,0,0,0,0,0,0,0,0,0,0
340521,1,1,0,17,0,0,0,0,0,0,0,0
340521,2,1,0,0,0,0,0,2,0,0,0,0
340522,1,1,0,0,0,0,0,0,0,23,0,0
340523,1,1,0,0,0,0,0,0,0,0,0,0
340523,2,1,0,0,0,0,0,0,0,0,0,0
340523,3,1,17,0,0,0,8,0,0,0,0,0
340524,0,1,20,0,0,0,0,0,0,0,0,0
340524,0,2,0,0,0,0,0,0,0,0,0,0
340524,1,1,0,0,0,0,0,0,0,0,0,0
340525,0,1,0,0,0,0,0,0,0,0,0,0
340525,1,1,0,0,0,24,0,0,14,0,0,0
340526,1,1,17,17,17,17,17,17,17,17,17,17
340526,2,1,0,0,33,0,0,0,0,0,0,14
340527,0,1,0,0,0,0,0,0,0,0,0,0
340527,1,1,0,0,0,0,0,0,0,0,0,0
340528,1,1,0,0,0,0,0,0,0,0,0,0
340529,0,1,21,21,21,21,21,21,21,21,21,21
340529,1,1,0,0,0,0,0,0,0,0,0,0
340530,1,1,0,0,0,0,0,0,0,0,0,0
340531,0,1,0,0,0,0,0,0,0,0,0,0
340531,1,1,0,0,0,0,0,0,0,0,0,0
340532,1,1,10,10,10,10,10,10,10,10,10,10
340533,0,1,1,1,1,1,1,1,1,1,1,1
340533,1,1,0,0,0,0,0,0,0,0,0,0
340534,1,1,0,0,0,10,0,0,0,0,0,5
340535,1,1,0,0,0,0,0,0,0,0,0,0
340535,2,1,0,0,0,0,0,0,0,0,0,15
340536,0,1,21,21,21,21,21,21,21,21,21,21
340536,1,1,0,0,0,0,0,19,0,0,0,0
340537,0,1,6,6,6,6,6,6,6,6,6,6
340537,1,1,5,5,5,5,5,5,5,5,5,5
340538,1,1,0,0,0,0,0,0,0,0,0,0
340538,2,1,0,0,0,0,0,0,0,0,0,0
340539,1,1,0,0,0,0,0,0,0,0,0,0
340540,1,1,13,13,13,13,13,13,13,13,13,13
340540,2,1,37,37,37,37,37,37,37,37,37,37
340541,1,1,21,21,21,21,21,21,21,21,21,21
340542,1,1,0,0,0,0,0,0,0,0,0,0
340542,2,1,2,2,2,2,2,2,2,2,2,2
340543,1,1,0,0,0,0,0,0,0,0,0,0
340544,0,1,0,0,0,0,21,0,0,0,0,0
340544,1,1,0,47,0,0,0,0,0,0,0,0
340545,1,1,0,0,0,0,0,0,0,0,0,0
340546,0,1,0,0,0,0,0,0,0,0,0,0
340546,1,1,0,0,0,0,0,0,0,0,0,0
340547,1,1,0,25,0,0,18,0,20,28,16,0
340548,1,1,0,0,0,0,0,0,23,0,0,0
340548,2,1,0,0,0,0,0,0,0,0,0,0
340549,0,1,30,28,0,25,0,0,16,0,0,0
340549,1,1,0,0,0,0,0,0,0,0,0,0
340550,1,1,0,0,0,0,0,0,0,0,0,0
340551,1,1,0,0,0,0,0,0,0,0,0,0
340552,0,1,27,27,27,27,27,27,27,27,27,27
340552,1,1,17,0,0,0,0,0,0,0,0,0
340553,1,1,0,0,0,0,0,0,0,0,0,0
340553,2,1,0,0,0,0,0,0,0,0,21,0
340554,1,1,10,10,10,10,10,10,10,10,10,10
340555,1,1,0,0,0,0,0,0,0,0,0,0
340555,2,1,0,0,0,0,0,0,0,0,0,0
340556,0,1,0,0,0,0,0,0,0,0,0,0
340556,1,1,0,0,0,0,0,0,0,0,0,0
340557,1,1,0,0,0,0,0,0,0,0,0,0
340558,0,1,12,12,12,12,12,12,12,12,12,12
340558,1,1,0,0,0,0,0,0,0,0,0,0
340559,1,1,18,18,18,18,18,18,18,18,18,18
340560,1,1,0,0,0,0,0,0,0,0,0,0
340560,2,1,0,0,0,0,0,0,0,0,0,0
340561,1,1,0,0,0,0,0,0,0,0,0,0
340562,0,1,12,12,12,12,12,12,12,12,12,12
340562,1,1,0,24,0,0,0,0,0,0,0,0
340563,1,1,0,0,0,0,0,0,0,0,0,0
340564,0,1,0,0,0,0,0,0,0,0,0,0
340564,1,1,0,0,0,0,0,0,0,0,0,0
340565,0,1,6,6,6,6,6,6,6,6,6,6
340565,1,1,0,0,0,0,0,0,0,0,0,0
340566,0,1,1,1,1,1,1,1,1,1,1,1
340566,1,1,0,0,0,3,0,0,0,0,0,0
340567,0,1,0,0,0,0,0,0,0,0,0,0