ST_CASE,VEH_NO,PER_NO,P1,P2,P3,P4,P5,P6,P7,P8,P9,P10
340567,1,1,0,5,5,16,0,15,7,0,12,0
340568,0,1,0,0,0,0,0,0,0,0,0,0
340568,1,1,0,0,0,0,0,0,0,0,0,0
340569,1,1,0,0,0,0,0,0,0,0,0,0
340569,2,1,6,6,6,6,6,6,6,6,6,6
340570,1,1,0,0,0,0,0,0,0,0,0,0
340570,2,1,0,0,0,0,0,0,0,0,0,0
340571,1,1,17,17,17,17,17,17,17,17,17,17
340571,2,1,0,0,0,0,0,0,0,0,0,0
340572,1,1,0,0,0,0,0,0,0,0,0,0
340572,2,1,0,0,0,0,0,0,0,0,0,0
340573,1,1,0,0,0,0,0,0,0,0,0,0
340573,2,1,0,0,0,0,0,0,0,0,0,0
340574,0,1,27,27,27,27,27,27,27,27,27,27
340574,1,1,0,0,0,0,0,0,0,0,0,0
340575,1,1,23,23,23,23,23,23,23,23,23,23
340576,0,1,5,5,5,5,5,5,5,5,5,5
340576,1,1,0,0,0,0,0,0,0,0,0,0
340577,1,1,20,20,20,20,20,20,20,20,20,20
340577,2,1,20,0,3,0,15,0,7,0,16,21
340578,1,1,0,0,0,0,0,0,0,0,0,0
340578,2,1,0,0,0,0,0,0,0,0,0,0
340579,1,1,0,0,0,0,0,0,0,0,0,0
340579,2,1,0,0,0,10,0,0,0,0,0,0
340580,0,1,0,0,0,0,0,0,0,0,0,0
340580,1,1,0,0,0,0,0,0,0,0,0,0
340581,1,1,0,0,0,0,0,0,0,0,0,0
340582,1,2,0,0,0,0,0,0,0,0,0,0
340583,0,1,0,0,0,0,0,0,0,0,0,0
340583,1,1,0,0,0,0,0,0,0,0,0,0
340584,0,1,20,20,20,20,20,20,20,20,20,20
340584,1,1,0,0,0,0,0,0,0,0,0,0
340585,0,1,16,16,16,16,16,16,16,16,16,16
340585,1,1,0,0,0,0,0,18,0,7,0,0
340586,1,1,0,0,0,0,0,0,0,0,0,0
340586,2,1,0,0,0,0,0,0,0,0,0,0
340587,0,1,0,0,0,0,0,0,0,0,0,0
340587,1,1,0,0,0,0,0,0,0,0,0,0
340588,1,1,0,0,0,0,0,0,0,0,0,0
340589,1,1,0,0,0,0,0,0,5,0,0,0
340589,2,1,0,0,0,0,0,0,0,0,0,0
340590,0,1,1,1,1,1,1,1,1,1,1,1
340590,1,1,0,0,0,0,0,0,0,0,0,0
340591,1,1,16,16,16,16,16,16,16,16,16,16
340592,1,1,0,0,0,0,0,0,0,0,0,0
340592,2,1,0,0,0,0,0,0,0,0,0,0
340593,1,1,0,0,0,0,0,0,0,0,0,0
340593,2,1,0,0,0,0,0,0,0,0,0,0
340593,3,1,0,0,0,0,0,0,0,0,0,0
340594,1,1,2,2,2,2,2,2,2,2,2,2
340594,2,1,0,0,0,0,0,0,0,0,0,0
340595,1,1,0,0,0,0,0,0,0,0,0,0
340595,2,1,0,0,0,0,0,0,0,0,0,0
340596,1,1,0,0,0,0,0,0,0,0,0,0
340597,0,1,0,0,0,8,3,13,37,0,0,17
340597,1,1,0,0,0,0,0,0,0,0,0,0
340598,0,1,26,26,26,26,26,26,26,26,26,26
340598,1,1,0,0,0,0,0,0,0,0,0,0
340599,1,1,18,18,18,18,18,18,18,18,18,18
340600,1,1,0,0,0,0,0,0,0,0,0,0
340601,0,1,0,0,0,0,0,0,0,0,0,0
340601,1,1,0,0,0,0,0,0,0,0,0,0
350001,1,1,0,0,0,0,0,0,0,0,0,0
350001,2,1,0,0,0,0,0,0,0,0,0,0
350002,1,1,10,10,10,10,10,10,10,10,10,10
350003,1,1,28,28,28,28,28,28,28,28,28,28
350004,0,1,11,11,11,11,11,11,11,11,11,11
350004,1,1,0,0,0,0,0,0,0,25,0,0
350005,0,1,23,23,23,23,23,23,23,23,23,23
350005,1,1,12,10,21,19,2,15,10,17,3,14
350006,1,1,0,0,0,0,0,0,0,0,0,0
350007,1,1,35,35,35,35,35,35,35,35,35,35
350007,2,1,0,0,0,0,17,0,0,0,0,0
350008,1,1,0,0,16,0,0,0,0,0,0,0
350009,1,1,25,25,25,25,25,25,25,25,25,25
350010,1,1,0,0,0,0,0,0,0,0,0,0
350010,2,1,0,0,0,0,0,0,0,9,0,0
350011,1,1,6,10,33,22,18,26,30,16,6,7
350012,1,1,0,0,0,0,0,0,0,0,0,0
350012,2,1,0,0,0,0,0,0,0,0,0,0
350013,1,1,22,22,22,22,22,22,22,22,22,22
350014,1,1,0,24,28,0,0,0,0,0,0,0
350014,2,1,0,0,0,0,0,0,0,0,0,0
350015,1,1,0,0,0,0,0,0,0,0,0,0
350015,2,1,22,18,0,10,0,0,0,0,0,0
350016,1,1,0,0,0,0,0,0,0,0,0,0
350017,1,1,0,0,0,0,0,20,0,0,0,20
350018,0,1,17,17,17,17,17,17,17,17,17,17
350018,1,1,0,0,0,0,0,0,0,0,0,4
350019,1,1,0,0,0,0,0,0,0,0,0,0
350020,1,1,16,16,16,16,16,16,16,16,16,16
350021,1,1,16,16,16,16,16,16,16,16,16,16
350021,2,1,0,0,0,0,0,0,0,0,0,0
350022,1,1,0,0,0,0,0,0,0,0,0,0
350022,2,1,0,0,0,0,0,0,0,0,0,0
350022,3,1,0,0,0,0,0,0,0,0,0,0
350023,0,1,22,22,22,22,22,22,22,22,22,22
350023,1,1,0,0,18,0,0,0,0,0,23,0
350024,1,1,0,0,0,0,0,0,0,0,0,0
350025,0,1,0,0,0,0,0,0,0,0,0,0
350025,2,1,0,0,0,0,0,0,0,0,0,0
350026,1,1,0,0,0,0,0,0,0,0,0,0
350026,2,1,0,0,0,0,0,0,0,0,0,5
350027,1,1,13,0,0,0,0,0,0,0,0,0
350027,2,1,18,18,18,18,18,18,18,18,18,18
350028,0,1,0,0,0,0,0,0,0,0,0,0
350028,1,1,0,0,0,0,0,0,13,30,0,0
350029,0,1,0,0,0,0,0,0,0,0,0,0
350029,1,1,0,0,0,0,0,0,0,0,0,0
350030,1,1,25,25,25,25,25,25,25,25,25,25
350031,1,1,0,0,0,0,0,0,0,0,0,0
350032,1,1,0,0,0,0,0,0,0,0,0,0
350033,1,1,0,0,0,0,0,0,0,0,0,32
350033,2,1,0,0,0,0,0,0,0,0,0,0
350034,1,1,0,0,0,0,0,0,0,0,0,0
350034,2,1,0,0,0,0,0,0,0,0,0,0
350035,1,1,0,0,0,0,0,0,0,0,0,0
350036,1,1,21,21,21,21,21,21,21,21,21,21
350037,0,1,25,25,25,25,25,25,25,25,25,25
350037,1,1,0,0,0,0,0,0,0,0,24,0
350038,1,1,5,0,0,0,0,21,0,11,0,11
350039,0,1,2,2,2,2,2,2,2,2,2,2
350039,1,1,8,0,0,0,0,0,0,0,0,0
350040,1,1,17,17,17,17,17,17,17,17,17,17
350041,1,1,0,0,0,0,20,0,20,0,0,0
350041,2,1,0,0,0,0,0,0,0,0,0,0
350042,1,1,0,0,0,0,14,0,0,0,0,0
350042,2,1,0,0,0,0,0,0,0,0,0,0
350043,1,1,0,0,0,0,0,0,0,0,0,0
350044,1,1,0,0,0,0,0,0,0,0,0,0
350044,2,1,0,0,0,0,0,0,0,0,0,0
350045,1,1,0,0,0,0,0,0,0,0,0,0
350045,2,1,0,0,0,0,0,0,0,0,0,0
350046,1,1,8,8,8,8,8,8,8,8,8,8
350047,1,1,13,0,0,10,0,14,17,0,0,10
350047,2,1,23,0,0,0,40,0,11,16,0,0
350048,1,1,21,18,26,0,6,17,0,18,0,0
350049,0,1,21,0,0,0,0,0,0,9,25,2
350049,1,1,9,13,6,9,12,14,21,20,25,10
350050,1,1,0,0,0,0,0,0,0,0,0,0
350050,2,1,0,0,0,0,0,0,0,0,0,0
350050,3,1,0,0,0,0,0,0,0,0,0,0
350051,0,1,0,0,0,0,0,0,0,0,0,0
350051,1,1,0,0,0,19,0,0,0,0,0,0
350052,1,1,9,9,9,9,9,9,9,9,9,9
350053,1,1,22,22,22,22,22,22,22,22,22,22
350053,2,1,0,0,0,0,0,0,0,0,0,0
350054,1,1,0,0,0,0,0,0,0,0,0,0
350054,2,1,0,0,0,0,0,0,0,0,0,0
350056,1,1,24,24,24,24,24,24,24,24,24,24
350057,1,1,1,1,1,1,1,1,1,1,1,1
350057,2,1,19,19,19,19,19,19,19,19,19,19
350058,1,1,0,0,0,0,0,0,0,0,0,0
350058,2,1,0,0,0,0,0,0,0,0,0,0
350059,1,1,0,0,0,0,0,0,0,0,0,0
350059,2,1,0,0,0,0,8,0,0,0,0,0
350059,3,1,0,0,0,0,0,0,0,0,0,0
350060,1,1,23,23,23,23,23,23,23,23,23,23
350061,0,1,41,41,41,41,41,41,41,41,41,41
350061,1,1,0,0,0,0,0,0,0,0,0,0
350062,0,1,26,26,26,26,26,26,26,26,26,26
350062,1,1,0,0,0,0,0,0,0,0,0,0
350063,1,1,10,10,10,10,10,10,10,10,10,10
350064,1,1,0,0,0,0,0,0,0,0,0,0
350065,1,1,1,1,1,1,1,1,1,1,1,1
350066,1,1,0,0,0,0,0,0,0,0,0,0
350066,2,1,21,0,0,0,0,35,0,0,0,0
350066,3,1,0,0,0,0,0,0,0,0,0,0
350067,1,1,0,0,0,0,0,0,0,0,0,0
350067,2,1,0,0,0,0,0,0,0,0,0,0
350068,1,1,7,7,7,7,7,7,7,7,7,7
350068,2,1,0,0,0,0,0,0,0,0,0,0
350069,1,1,0,0,0,0,0,0,0,0,0,0
350069,2,1,0,0,0,0,0,0,0,0,0,0
350070,1,1,20,20,20,20,20,20,20,20,20,20
350071,1,1,3,3,3,3,3,3,3,3,3,3
350072,0,1,38,38,38,38,38,38,38,38,38,38
350072,1,1,19,0,0,0,0,0,0,0,0,0
350073,0,1,0,0,0,0,0,0,0,0,0,0
350073,1,1,0,0,0,0,0,0,0,0,0,0
350075,1,1,0,0,0,0,0,0,0,0,0,0
350076,1,1,0,0,0,0,0,0,0,0,0,0
350077,0,1,0,0,0,0,0,0,0,0,0,0
350077,1,1,0,0,0,0,0,0,0,0,0,0
350077,2,1,0,0,0,2,0,0,0,0,0,0
350077,3,1,0,0,0,0,0,0,0,0,0,0
350077,4,1,0,0,0,0,0,0,0,0,0,0
350077,5,1,9,0,0,0,0,0,0,6,0,0
350077,6,1,0,0,0,0,0,17,0,0,0,0
350077,7,1,0,0,0,0,0,0,0,0,0,0
350078,1,1,0,0,0,0,0,0,0,0,0,0
350079,1,1,21,3,18,7,24,24,0,16,16,0
350079,2,1,0,0,0,0,22,0,0,10,0,2
350080,1,1,18,0,16,18,23,10,8,0,26,10
350081,1,1,0,0,0,0,0,0,0,0,0,0
350081,2,1,11,14,0,5,25,4,13,7,0,6
350082,1,1,0,0,0,0,0,0,29,0,0,0
350082,2,1,12,12,12,12,12,12,12,12,12,12
350082,3,1,0,0,0,0,0,0,0,0,0,0
350083,1,1,26,26,26,26,26,26,26,26,26,26
350084,1,1,0,0,0,0,0,14,0,0,0,5
350084,2,1,24,24,24,24,24,24,24,24,24,24
350085,1,1,1,1,1,1,1,1,1,1,1,1
350085,2,1,0,0,22,23,0,0,0,0,0,17
350086,1,1,25,25,25,25,25,25,25,25,25,25
350087,1,1,0,0,0,0,0,0,0,0,0,0
350088,1,1,0,0,0,0,0,0,0,0,0,0
350089,1,1,0,19,19,0,0,0,0,0,0,0
350090,1,1,0,0,0,0,0,0,0,0,0,0
350090,2,1,20,20,20,20,20,20,20,20,20,20
350091,1,1,0,0,0,0,0,0,0,0,0,0
350091,2,1,17,17,17,17,17,17,17,17,17,17
350092,0,1,33,33,33,33,33,33,33,33,33,33
350092,1,1,0,0,0,0,0,0,0,0,0,0
350093,1,1,0,0,0,0,0,0,0,0,0,0
350093,2,1,0,0,0,0,0,6,0,0,0,0
350094,1,1,0,0,0,0,0,0,0,0,0,0
350094,2,1,0,0,0,0,0,0,0,0,0,0
350095,1,1,0,0,0,0,0,0,0,0,0,0
350095,2,1,0,0,0,0,0,0,0,0,0,0
350096,1,1,23,23,23,23,23,23,23,23,23,23
350097,1,1,0,0,0,0,0,0,0,0,0,0
350097,2,1,0,0,0,0,0,0,0,0,0,0
350098,0,1,0,0,0,0,0,0,0,0,0,0
350098,1,1,0,0,0,0,0,0,0,0,0,0
350099,1,1,0,0,0,0,0,0,0,0,0,0
350099,2,1,0,0,0,0,0,0,0,0,0,0
350099,3,1,0,11,0,0,0,0,0,0,0,0
350100,1,1,0,0,0,0,0,0,0,0,0,0
350100,2,1,0,0,0,0,0,0,0,0,0,0
350101,1,1,0,0,0,0,0,0,0,0,0,0
350101,2,1,0,0,0,0,0,0,0,0,0,0
350102,1,1,0,0,0,0,0,0,0,0,0,0
350102,2,1,0,0,11,17,0,0,0,0,0,0
350103,1,1,19,19,19,19,19,19,19,19,19,19
350104,1,1,8,8,8,8,8,8,8,8,8,8
350104,2,1,0,0,0,0,0,0,0,0,0,0
350105,0,1,0,0,0,0,0,0,0,0,0,0
350105,1,1,8,0,0,0,0,0,0,0,0,0
350106,1,1,0,0,26,0,0,0,0,0,14,0
350107,1,1,18,18,18,18,18,18,18,18,18,18
350108,1,1,0,0,0,0,0,0,0,0,0,0
350108,2,1,0,0,0,0,0,0,0,0,0,0
350109,1,1,0,0,0,0,0,0,0,0,0,0
350109,2,1,0,0,3,0,0,0,14,0,0,0
350110,1,1,0,0,0,0,0,0,0,0,0,0
350110,2,1,0,0,0,0,0,0,0,0,0,0
350111,1,1,0,0,0,0,0,0,0,0,0,0
350111,2,1,0,0,0,0,0,0,0,0,0,0
350112,1,1,6,6,6,6,6,6,6,6,6,6
350112,2,1,1,1,1,1,1,1,1,1,1,1
350113,1,1,0,0,0,0,0,0,0,0,0,0
350113,2,1,22,0,0,0,33,0,29,12,0,0
350114,1,1,0,0,0,0,0,0,2,17,0,0
350115,0,1,32,32,32,32,32,32,32,32,32,32
350115,1,1,0,0,0,0,17,0,6,0,12,15
350116,0,1,20,24,0,33,0,13,38,0,0,2
350116,1,1,0,0,0,0,0,0,0,0,0,0
350117,1,1,23,23,23,23,23,23,23,23,23,23
350118,0,1,20,20,20,20,20,20,20,20,20,20
350118,1,1,7,0,17,0,0,0,0,18,0,0
350119,0,1,0,0,0,0,0,0,0,0,0,0
350119,1,1,0,0,0,0,0,0,0,0,0,0
350120,1,1,0,0,0,0,0,0,0,0,0,0
350121,1,1,37,37,37,37,37,37,37,37,37,37
350122,0,1,21,21,21,21,21,21,21,21,21,21
350122,1,1,0,15,0,0,0,0,23,12,0,23
350123,1,1,0,0,0,18,0,0,0,8,0,0
350123,2,1,0,0,0,0,0,0,0,0,0,0
350124,1,1,0,0,0,0,18,0,0,0,14,0
350125,1,1,10,10,10,10,10,10,10,10,10,10
350125,2,1,0,0,0,0,0,0,0,0,0,0
350126,1,1,0,0,0,0,0,0,0,0,0,0
350127,0,1,0,0,0,0,31,0,0,0,12,0
350127,1,1,0,0,0,0,17,0,0,0,0,16
350128,1,1,0,0,0,0,0,0,0,0,0,0
350129,1,1,0,0,0,0,0,0,0,0,0,0
350129,2,1,4,0,0,8,19,0,0,0,7,0
350130,0,1,0,0,0,0,0,0,0,0,0,0
350130,1,1,0,0,0,0,0,0,0,0,0,0
350131,0,1,13,13,13,13,13,13,13,13,13,13
350132,1,1,0,0,0,0,0,0,0,0,0,0
350133,1,1,0,0,0,0,0,0,0,0,0,0
350133,2,1,0,4,0,0,0,0,0,0,0,0
350133,3,1,0,0,0,0,0,0,0,0,0,0
350134,1,1,0,0,0,0,0,0,0,0,0,0
350134,2,1,21,21,21,21,21,21,21,21,21,21
350135,1,1,0,0,0,0,0,0,0,0,0,0
350135,2,1,20,20,20,20,20,20,20,20,20,20
350136,0,1,0,0,0,0,0,0,0,0,0,0
350136,1,1,0,0,0,0,0,0,0,0,0,0
350137,1,1,0,0,0,5,0,18,6,0,0,9
350137,2,1,0,0,0,0,24,0,0,0,0,0
350138,1,1,25,5,19,20,0,38,20,10,0,21
350139,1,1,0,0,0,0,0,0,0,0,0,0
350139,2,1,0,0,0,0,0,0,0,0,0,0
350140,1,1,0,0,0,8,0,0,0,0,0,0
350140,2,1,0,0,0,0,0,0,0,23,0,11
350141,1,1,10,25,9,0,16,28,40,25,3,28
350142,0,1,0,0,0,0,0,0,0,0,0,0
350142,1,1,0,0,0,0,0,0,0,0,0,0
350143,1,1,0,0,0,0,0,0,0,0,0,0
350144,0,1,0,0,0,0,0,0,0,0,0,0
350144,0,2,0,0,0,0,0,0,0,0,0,0
350144,1,1,0,0,0,0,0,0,0,27,0,0
350145,1,1,0,0,0,0,0,0,0,0,0,0
350146,1,1,0,0,0,0,0,0,0,0,0,0
350147,1,1,0,0,19,0,0,0,0,2,0,0
350148,1,1,0,0,0,0,0,0,0,0,0,0
350148,2,1,0,0,0,0,0,0,0,0,0,0
350149,1,1,0,0,0,0,0,0,0,0,0,0
350150,0,1,27,23,35,25,35,20,26,35,11,33
350150,1,1,0,0,0,0,0,0,0,0,0,0
350151,1,1,0,0,0,0,0,0,0,0,0,0
350152,1,1,15,15,15,15,15,15,15,15,15,15
350153,1,1,0,0,0,0,0,0,0,0,0,0
350153,2,1,0,0,0,0,0,0,0,0,0,0
350154,1,1,18,18,18,18,18,18,18,18,18,18
350154,2,1,0,0,0,0,0,0,0,0,0,0
350155,0,1,41,41,41,41,41,41,41,41,41,41
350155,1,1,5,19,29,20,15,3,17,10,14,18
350156,1,1,20,20,20,20,20,20,20,20,20,20
350157,1,1,0,0,0,0,0,0,0,0,0,0
350158,1,1,0,0,0,0,0,0,0,0,0,0
350158,2,1,0,0,0,0,0,0,0,0,0,0
350159,1,1,0,0,0,0,0,0,0,0,0,0
350160,0,1,9,9,9,9,9,9,9,9,9,9
350160,1,1,0,0,13,0,0,0,20,0,0,0
350161,1,1,0,0,0,0,0,0,0,0,0,0
350162,1,1,0,0,23,0,0,0,0,0,0,0
350162,2,1,0,0,0,0,0,0,0,0,0,0
350163,1,1,26,26,26,26,26,26,26,26,26,26
350163,2,1,0,0,0,0,0,0,0,0,0,0
350164,1,1,0,0,0,0,0,0,0,0,0,0
350165,1,1,22,22,22,22,22,22,22,22,22,22
350165,2,1,0,0,0,0,0,0,0,0,0,0
350166,1,1,0,0,23,0,0,0,0,10,0,0
350166,2,1,0,0,0,0,0,0,0,0,0,0
350166,3,1,1,1,1,1,1,1,1,1,1,1
350167,0,1,36,36,36,36,36,36,36,36,36,36
350167,1,1,0,0,0,0,0,0,0,0,0,0
350168,1,1,2,2,2,2,2,2,2,2,2,2
350168,2,1,0,0,0,0,0,0,0,0,0,0
350169,1,1,0,0,0,0,0,0,0,0,2,0
350169,2,1,0,0,0,0,0,0,0,14,0,0
350170,1,1,8,0,0,0,0,0,0,0,0,0
350170,2,1,0,0,0,0,0,0,0,0,0,0
350171,0,1,29,29,29,29,29,29,29,29,29,29
350171,1,1,0,0,0,0,0,0,0,0,0,0
350172,0,1,0,0,0,0,0,0,0,0,0,0
350172,1,1,0,0,0,7,0,0,0,0,0,0
350173,0,1,16,16,16,16,16,16,16,16,16,16
350173,1,1,0,0,10,0,11,0,0,0,0,0
350173,2,1,0,5,0,0,32,0,11,0,7,0
350174,1,1,0,0,0,0,0,0,0,0,0,0
350174,2,1,0,0,0,0,0,0,0,0,0,0
350174,3,1,0,0,0,0,0,0,0,0,0,0
350175,1,1,0,0,0,0,0,0,0,0,0,0
350175,2,1,0,0,0,0,0,0,0,0,0,0
350176,1,1,0,0,0,0,0,0,0,0,0,0
350177,1,1,0,0,0,0,0,0,0,0,0,0
350178,1,1,24,0,21,0,0,0,18,17,0,0
350179,0,1,29,29,29,29,29,29,29,29,29,29
350179,1,1,0,0,0,0,0,0,0,0,0,0
350180,0,1,0,0,0,0,0,24,0,11,22,0
350180,1,1,0,0,0,0,0,0,0,0,0,0
350181,1,1,0,0,0,0,0,0,0,0,0,0
350181,2,1,0,0,0,0,0,0,0,0,0,0
350182,1,1,0,0,0,0,0,0,0,0,0,0
350182,2,1,0,0,0,0,0,0,0,0,0,0
350183,1,1,0,0,0,0,0,0,0,0,0,0
350184,1,1,0,0,0,0,0,0,0,0,0,0
350184,2,1,0,0,0,0,0,0,0,0,0,0
350185,0,1,34,34,34,34,34,34,34,34,34,34
350185,1,1,0,17,0,0,0,0,12,0,0,0
350186,1,1,0,0,0,0,0,0,0,0,0,0
350187,1,1,0,0,0,0,0,0,0,0,0,0
350187,2,1,0,0,0,6,19,0,0,0,0,0
350187,3,1,0,0,0,0,0,0,0,0,0,0
350187,4,1,0,0,0,0,0,0,0,0,0,0
350187,5,1,0,0,0,0,0,0,0,0,0,0
350187,6,1,0,0,0,0,0,0,0,0,0,0
350188,1,1,0,0,0,0,0,0,0,0,0,0
350189,0,1,0,0,0,0,0,0,0,0,0,0
350189,1,1,0,13,0,13,0,0,0,0,0,0
350190,1,1,0,0,0,0,0,0,0,4,0,0
350190,2,1,0,0,0,0,0,0,0,0,0,0
350191,0,1,0,0,0,0,0,0,0,0,0,0
350191,1,1,0,0,0,0,0,0,0,0,0,0
350192,1,1,20,0,31,29,0,13,16,11,22,13
350193,0,1,0,0,0,0,0,0,0,0,0,0
350193,1,1,0,0,13,0,0,0,0,0,0,0
350194,1,1,0,0,0,0,0,0,0,0,0,0
350194,2,1,4,0,0,0,0,0,0,3,0,0
350195,0,1,9,9,9,9,9,9,9,9,9,9
350195,1,1,0,0,0,0,0,0,0,0,0,0
350196,1,1,13,9,8,28,24,14,10,19,8,12
350197,1,1,0,0,0,0,0,0,0,0,0,0
350198,1,1,0,0,0,0,0,0,0,0,0,0
350198,2,1,0,0,0,0,0,25,19,0,0,0
350198,3,1,0,0,0,0,0,0,0,0,0,11
350199,1,1,15,15,15,15,15,15,15,15,15,15
350200,1,1,15,15,15,15,15,15,15,15,15,15
350201,1,1,0,0,0,0,0,0,0,0,0,0
350201,2,1,0,0,0,0,0,0,0,0,0,0
350202,1,1,0,0,0,0,0,0,0,0,0,0
350203,0,1,17,0,15,0,0,5,0,0,21,0
350203,1,1,0,0,0,0,0,0,0,0,0,0
350204,1,1,0,0,0,0,0,0,0,0,0,0
350204,2,1,0,0,0,0,0,0,0,0,0,0
350205,1,1,0,0,0,0,0,0,0,0,0,0
350206,1,1,0,9,0,0,0,0,0,0,0,0
350207,1,1,20,20,20,20,20,20,20,20,20,20
350208,1,1,0,0,0,0,0,8,0,24,0,28
350209,1,1,0,0,0,0,0,0,0,0,0,0
350210,1,1,0,0,0,0,0,0,0,0,26,0
350211,1,1,0,0,0,0,0,0,0,0,0,0
350211,2,1,0,0,0,0,9,0,0,6,0,9
350212,1,1,4,22,11,25,17,35,15,7,5,0
350213,1,1,0,0,0,0,0,0,0,0,0,13
350214,1,1,0,0,0,0,0,0,0,0,0,0
350214,2,1,0,0,0,0,0,0,0,0,0,0
350215,1,1,0,0,0,0,0,14,0,0,0,0
350215,2,1,0,0,0,0,11,0,0,0,0,6
350216,1,1,1,1,1,1,1,1,1,1,1,1
350217,1,1,0,0,0,0,0,0,0,0,0,0
350217,2,1,0,0,0,0,0,0,0,0,0,0
350218,1,1,19,17,25,0,0,0,0,0,0,19
350219,1,1,0,0,0,0,0,0,0,0,0,0
350220,1,1,8,8,8,8,8,8,8,8,8,8
350220,2,1,23,20,21,11,33,31,21,22,12,7
350221,1,1,0,0,0,0,0,0,0,0,0,0
350222,1,1,15,15,15,15,15,15,15,15,15,15
350222,2,1,12,12,12,12,12,12,12,12,12,12
350223,1,1,0,0,0,0,0,0,0,0,0,0
350223,2,1,0,0,0,0,0,0,0,0,0,0
350224,1,1,0,0,0,0,0,0,0,0,0,0
350224,2,1,0,0,0,0,19,0,0,0,0,0
350225,1,1,0,0,0,0,0,0,0,0,0,0
350226,1,1,0,0,0,0,0,0,0,0,0,0
350226,2,1,1,1,1,1,1,1,1,1,1,1
350227,1,1,0,16,0,14,9,8,18,0,0,8
350228,1,1,0,0,0,0,0,0,0,0,0,0
350228,2,1,0,0,0,0,0,0,0,0,0,0
350229,1,1,14,14,14,14,14,14,14,14,14,14
350230,1,1,0,0,0,0,0,0,0,0,0,0
350230,2,1,7,0,0,0,0,0,0,0,0,18
350231,1,1,29,29,29,29,29,29,29,29,29,29
350232,1,1,35,44,5,19,6,32,15,22,6,15
350233,1,1,0,0,0,0,0,0,0,0,0,0
350233,2,1,0,0,0,0,0,0,0,0,0,0
350233,3,1,0,0,0,0,15,0,0,0,14,0
350234,1,1,0,0,0,0,0,0,0,0,0,0
350235,1,1,24,24,24,24,24,24,24,24,24,24
350236,1,1,0,0,0,0,0,0,0,0,0,0
350236,2,1,0,0,0,0,0,0,0,0,0,0
350236,3,1,0,0,0,0,0,0,0,0,0,0
350237,0,1,24,24,24,24,24,24,24,24,24,24
350237,1,1,0,0,11,0,0,0,0,0,0,0
350237,2,1,11,0,21,20,0,27,0,0,0,0
350238,1,1,0,0,0,0,0,0,0,0,0,0
350238,2,1,0,0,0,0,0,0,0,0,0,0
350239,1,1,16,16,16,16,16,16,16,16,16,16
350240,1,1,0,0,0,0,0,0,0,0,0,0
350240,2,1,0,0,0,20,0,0,0,0,0,0
350241,1,1,0,0,0,0,0,0,0,0,0,0
350241,2,1,0,0,0,0,0,0,0,0,0,0
350242,0,1,26,26,26,26,26,26,26,26,26,26
350242,1,1,0,0,0,0,0,0,0,0,0,0
350243,1,1,0,0,0,0,0,0,0,0,0,0
350244,0,1,0,0,0,0,0,0,0,0,0,0
350244,1,1,0,0,0,0,0,0,0,0,0,0
350245,1,1,11,11,11,11,11,11,11,11,11,11
350246,1,1,0,0,0,0,0,0,0,0,0,0
350246,2,1,0,17,0,0,0,0,0,0,0,0
350247,0,1,0,0,0,0,0,0,0,0,0,0
350247,1,1,0,0,0,0,0,0,0,0,0,0
350248,0,1,0,0,0,0,0,0,0,0,0,0
350248,1,1,0,0,0,0,0,0,0,0,0,0
350249,1,1,0,0,0,0,0,0,0,0,0,0
350250,1,1,0,0,0,0,0,0,0,0,0,0
350250,2,1,0,0,0,0,0,0,0,0,0,0
350251,1,1,0,0,0,14,0,0,0,0,0,0
350251,2,1,0,0,0,18,0,0,0,3,34,0
350252,1,1,0,0,0,0,0,0,0,0,0,0
350253,1,1,0,0,0,0,0,0,0,0,0,0
350253,2,1,0,0,0,0,0,0,0,0,0,0
350254,1,1,16,16,16,16,16,16,16,16,16,16
350255,1,1,0,0,0,0,0,0,0,0,0,0
350255,2,1,0,0,0,0,0,0,0,0,0,0
350256,0,1,20,4,31,7,36,9,8,16,18,24
350256,1,1,0,0,24,0,0,0,0,0,0,0
350257,1,1,25,25,25,25,25,25,25,25,25,25
350257,2,1,0,0,0,0,0,0,0,0,0,0
350257,3,1,0,0,0,0,0,0,0,0,0,0
350258,1,1,0,0,0,0,0,0,0,0,0,0
350258,2,1,15,15,15,15,15,15,15,15,15,15
350259,0,1,0,0,0,0,0,0,0,0,0,0
350259,1,1,0,0,0,0,0,0,0,0,0,0
350260,0,1,30,0,11,0,6,26,0,0,0,0
350260,1,1,0,0,0,0,0,0,0,0,0,11
350261,0,1,10,8,0,0,0,26,13,6,3,15
350261,1,1,0,0,0,0,0,0,0,0,0,0
350262,1,1,0,0,21,0,14,0,0,0,0,0
350262,2,1,0,0,0,0,0,0,0,0,0,0
350263,1,1,0,0,0,0,0,0,0,0,0,0
350263,2,1,21,0,0,0,0,0,0,0,0,8