ST_CASE,VEH_NO,PER_NO,P1,P2,P3,P4,P5,P6,P7,P8,P9,P10
350264,0,1,22,22,22,22,22,22,22,22,22,22
350264,1,1,0,0,0,0,0,0,0,0,0,0
350264,2,1,0,0,0,0,0,0,0,0,0,0
350265,0,1,21,21,21,21,21,21,21,21,21,21
350265,1,1,0,0,0,0,0,0,0,0,0,0
350266,1,1,0,0,0,0,0,0,0,0,0,0
350267,1,1,27,27,27,27,27,27,27,27,27,27
350268,1,1,11,0,24,0,0,0,0,0,0,0
350268,2,1,0,0,0,0,0,0,0,0,0,0
350269,0,1,12,12,12,12,12,12,12,12,12,12
350269,1,1,0,0,0,0,0,0,0,3,0,0
350270,0,1,0,0,0,0,0,0,0,0,0,0
350270,1,1,0,0,0,0,0,0,0,0,0,0
350271,1,1,0,0,0,0,0,0,0,0,0,0
350272,1,1,0,9,0,0,18,0,19,11,5,0
350272,2,1,19,0,0,0,0,0,0,0,0,0
350273,1,1,0,0,0,0,0,0,0,0,0,0
350273,2,1,0,0,0,0,0,0,0,0,0,0
350274,1,1,0,0,0,0,0,0,3,0,28,0
350274,2,1,0,0,0,18,0,0,0,0,0,0
350274,3,1,0,0,0,0,0,13,0,0,0,0
350275,1,1,0,0,0,0,0,0,0,0,0,0
350275,2,1,0,0,0,0,0,0,0,0,0,0
350276,1,1,10,12,23,22,7,31,33,19,9,9
350277,0,1,13,25,6,19,23,23,0,20,40,21
350277,1,1,9,0,0,27,0,15,0,11,0,0
350277,2,1,8,0,0,0,27,11,16,23,0,0
350277,3,1,0,0,0,0,8,0,14,0,0,18
350278,1,1,20,20,20,20,20,20,20,20,20,20
350279,0,1,31,31,31,31,31,31,31,31,31,31
350279,1,1,0,0,0,0,0,0,0,0,0,0
350280,0,1,37,37,37,37,37,37,37,37,37,37
350280,1,1,0,0,0,0,0,0,0,0,0,0
350281,0,1,19,24,0,24,0,0,0,10,0,0
350281,1,1,0,0,0,0,0,0,0,0,0,0
350282,1,1,21,5,17,23,23,11,8,20,11,3
350283,1,1,0,0,39,0,0,0,0,0,0,0
350283,2,1,2,2,2,2,2,2,2,2,2,2
350284,1,1,34,34,34,34,34,34,34,34,34,34
350285,1,1,12,12,12,12,12,12,12,12,12,12
350286,0,1,16,0,16,0,0,4,0,29,0,21
350286,1,1,0,0,0,0,0,0,0,0,0,0
350287,1,1,13,19,31,11,20,14,10,30,22,22
350288,0,1,0,0,0,0,17,26,0,22,6,21
350288,1,1,0,0,0,0,0,0,0,18,0,0
350289,0,1,35,35,35,35,35,35,35,35,35,35
350289,1,1,0,0,0,0,0,0,0,0,0,0
350290,1,1,0,0,0,14,5,0,19,0,0,0
350291,1,1,0,0,0,0,22,0,20,0,18,0
350291,2,1,0,0,0,0,0,0,0,0,0,0
350292,1,1,0,0,0,0,0,0,0,23,0,0
350292,2,1,0,0,0,15,0,0,0,0,0,0
350293,1,1,0,0,0,0,0,0,0,0,0,0
350293,2,1,0,0,0,0,0,0,0,0,0,0
350294,1,1,2,0,31,20,12,12,27,7,12,10
350295,1,1,0,0,0,0,0,0,0,0,0,0
350296,1,1,13,0,0,0,0,0,0,0,0,0
350297,0,1,0,0,0,0,0,0,0,0,0,0
350297,0,2,0,0,0,0,0,0,14,8,0,0
350297,1,1,16,12,0,0,0,0,0,0,0,0
350298,1,1,0,0,0,0,0,0,0,0,0,0
350298,2,1,0,29,0,0,0,0,0,0,0,0
350299,1,1,16,16,16,16,16,16,16,16,16,16
350300,1,1,0,0,0,0,0,0,0,0,0,0
350301,1,1,0,0,0,0,0,0,0,0,0,15
350301,2,1,0,15,0,0,0,0,0,0,0,0
350302,1,1,0,0,0,5,17,12,31,17,17,17
350303,1,1,12,0,0,0,0,0,0,6,0,0
350304,0,1,0,0,0,0,16,5,0,0,0,0
350304,1,1,0,0,0,0,0,4,0,0,0,0
350305,1,1,7,7,7,7,7,7,7,7,7,7
350305,2,1,0,0,0,0,0,0,0,0,0,0
350306,1,1,0,0,0,0,0,0,0,0,0,0
350306,2,1,0,0,0,19,0,0,0,0,0,0
350307,0,1,0,12,19,0,0,0,0,3,5,0
350307,1,1,0,0,0,0,0,0,0,0,0,0
350308,0,1,0,0,0,0,0,0,0,0,0,0
350308,1,1,0,0,0,0,0,0,0,0,0,0
350309,1,1,13,5,10,17,4,9,16,13,9,2
350309,2,1,16,8,17,22,3,25,13,22,23,25
350310,0,1,21,0,0,0,0,12,41,28,15,2
350310,1,1,0,0,0,0,0,0,0,0,8,0
350311,0,1,18,0,0,0,0,0,0,0,0,0
350311,1,1,0,0,0,0,0,0,0,0,0,0
350311,2,1,0,0,0,0,0,0,0,0,0,29
350312,1,1,25,20,0,13,0,18,28,4,0,17
350313,0,1,0,0,0,0,0,0,0,0,0,0
350313,1,1,0,0,0,24,0,0,0,0,0,0
350314,1,1,0,0,0,0,0,0,0,0,0,0
350314,2,1,1,1,1,1,1,1,1,1,1,1
350315,0,1,0,0,0,0,0,0,0,0,0,0
350315,1,1,0,0,0,0,0,0,0,0,0,0
350316,1,1,0,0,0,0,0,0,0,0,0,0
350316,2,1,0,0,0,0,0,0,0,0,0,0
350317,1,1,0,0,0,0,0,0,0,0,0,0
350317,2,1,0,0,0,0,0,0,0,0,0,0
350318,0,1,20,20,20,20,20,20,20,20,20,20
350318,1,1,1,1,1,1,1,1,1,1,1,1
350319,0,1,0,12,28,32,29,0,0,0,27,20
350319,1,1,0,0,0,0,0,0,0,0,0,0
350320,1,1,0,0,0,5,0,0,0,0,0,0
350320,2,1,0,0,0,0,0,0,0,0,0,0
350321,1,1,0,0,0,0,0,0,0,0,0,0
350321,2,1,0,0,0,0,0,0,0,0,0,0
350322,1,1,22,24,31,26,16,23,20,12,26,20
350323,0,1,23,23,23,23,23,23,23,23,23,23
350323,1,1,0,0,0,0,0,0,0,0,0,2
350324,1,1,0,0,0,0,0,0,0,0,0,0
350324,2,1,0,12,0,16,0,0,0,0,0,0
350325,1,1,26,0,15,0,0,0,0,18,0,8
350325,2,1,0,0,0,0,0,0,0,0,0,0
350326,1,1,0,0,0,0,0,0,21,0,0,0
350326,2,1,0,0,19,0,0,0,0,0,8,0
350327,1,1,10,7,0,14,27,19,8,13,13,15
350328,1,1,14,11,20,21,0,22,5,17,15,24
350329,0,1,0,0,0,0,0,0,0,0,0,0
350329,1,1,0,13,0,17,16,0,22,0,17,0
350330,1,1,6,12,25,19,0,27,11,3,15,11
350330,2,1,0,0,0,0,0,0,30,0,0,0
350330,3,1,10,0,0,10,0,0,0,0,0,0
350330,4,1,0,0,0,0,0,0,0,0,0,0
350330,5,1,0,0,0,0,0,0,0,0,0,0
350331,1,1,0,0,0,0,0,0,0,0,0,0
350331,2,1,8,8,8,8,8,8,8,8,8,8
350331,3,1,0,0,0,0,0,0,0,0,0,0
350331,4,1,0,0,13,0,6,0,0,0,0,0
350332,1,1,0,0,0,0,0,0,0,0,0,0
350333,0,1,0,27,16,8,0,14,0,38,40,29
350333,1,1,0,0,0,0,0,11,0,0,0,0
350334,1,1,0,0,0,0,0,0,0,0,0,0
350334,2,1,0,0,0,0,0,0,0,0,0,0
350335,1,1,30,30,30,30,30,30,30,30,30,30
350335,2,1,0,0,0,0,0,0,0,0,0,0
350336,1,1,4,17,11,0,0,18,14,17,18,7
350337,0,1,10,10,10,10,10,10,10,10,10,10
350337,1,1,5,15,24,32,15,19,0,14,13,6
350338,1,1,2,2,2,2,2,2,2,2,2,2
350339,1,1,31,31,31,31,31,31,31,31,31,31
350339,2,1,0,0,0,0,0,0,0,0,0,0
350340,0,1,25,25,25,25,25,25,25,25,25,25
350340,1,1,17,0,0,0,0,9,0,0,25,0
350341,1,1,0,0,0,0,0,0,0,0,0,0
350341,2,1,0,0,0,0,0,0,0,0,0,0
350341,3,1,0,0,0,0,0,0,0,0,0,0
350342,1,1,0,0,0,0,0,0,0,0,0,18
350342,2,1,0,0,0,0,0,0,0,0,0,0
350342,3,1,0,0,0,0,0,0,0,0,0,0
350342,4,1,0,0,0,0,0,18,0,0,0,10
350342,5,1,0,0,0,0,0,0,0,0,0,0
350342,6,1,0,0,0,0,0,11,0,0,0,0
350342,7,1,0,0,0,0,0,0,15,0,0,0
350342,8,1,0,0,0,0,0,0,0,0,0,0
350342,9,1,0,0,0,0,21,0,0,0,0,0
350342,10,1,0,0,0,0,0,0,0,0,0,0
350342,11,1,0,0,0,0,0,0,0,0,0,0
350342,12,1,0,0,0,0,0,0,0,0,0,0
350342,13,1,0,0,0,0,0,0,0,0,0,0
350342,14,1,0,0,0,0,0,0,0,0,0,0
350342,15,1,0,0,0,0,0,0,0,0,0,0
350342,16,1,0,0,0,0,0,0,0,0,0,0
350342,17,1,0,0,0,0,0,0,0,0,0,0
350342,18,1,0,0,0,0,0,0,0,0,0,0
350342,19,1,0,0,0,0,0,0,0,0,0,0
350342,20,1,0,0,0,0,0,0,0,0,0,0
350342,21,1,0,0,0,0,0,0,0,0,0,0
350342,22,1,0,0,0,0,0,0,0,0,0,0
350342,23,1,0,0,0,0,0,0,0,13,0,0
350342,24,1,0,0,0,0,0,0,0,0,0,0
350342,25,1,0,0,0,0,0,0,0,0,0,0
350342,26,1,0,0,0,0,0,0,0,0,0,0
350342,27,1,0,0,0,0,0,0,0,0,0,0
350343,0,1,37,37,37,37,37,37,37,37,37,37
350343,1,1,0,0,0,0,0,0,0,0,0,0
360001,0,1,0,0,0,0,0,0,0,0,0,0
360001,1,1,0,0,0,10,12,0,0,0,0,0
360002,0,1,24,24,24,24,24,24,24,24,24,24
360002,1,1,0,0,0,0,0,0,0,7,14,0
360003,1,1,13,0,25,0,0,17,0,9,0,0
360003,2,1,31,14,17,4,9,8,9,17,16,13
360004,0,1,0,0,0,0,0,0,0,0,0,0
360004,1,1,0,15,17,0,0,0,0,0,0,11
360005,0,1,0,0,0,0,0,0,0,0,0,0
360005,1,1,0,0,0,0,20,0,0,0,0,0
360006,1,1,7,0,0,9,10,18,0,28,0,9
360007,1,1,0,0,0,0,0,0,0,0,0,0
360007,2,1,0,0,0,0,0,0,0,0,0,0
360008,0,1,0,0,0,0,0,0,0,0,0,0
360008,1,1,0,0,0,0,0,13,0,0,0,0
360008,2,1,0,0,0,0,0,0,0,0,0,0
360009,1,1,0,0,0,0,0,0,0,0,0,0
360010,1,1,24,12,19,16,14,18,21,10,4,13
360010,2,1,0,0,0,0,22,0,0,0,8,0
360010,3,1,7,0,19,22,0,7,0,16,32,20
360011,1,1,15,15,28,9,28,10,13,27,16,12
360012,1,1,0,0,0,0,0,0,0,0,0,0
360013,1,1,0,0,0,38,0,0,0,12,0,0
360013,2,1,17,0,0,0,0,0,0,0,0,0
360013,3,1,27,0,0,0,0,15,0,0,0,0
360014,0,1,0,0,0,0,0,0,0,0,0,0
360014,1,1,0,0,0,0,0,0,0,0,0,0
360014,7,1,7,0,0,0,0,0,0,0,0,0
360015,1,1,0,0,0,0,0,0,0,0,0,0
360015,2,1,0,0,0,0,0,0,0,0,0,0
360016,0,1,16,16,16,16,16,16,16,16,16,16
360016,1,1,0,0,0,0,0,0,0,0,0,0
360017,0,1,0,0,0,0,0,0,0,0,0,0
360017,1,1,0,0,0,0,0,0,0,0,0,0
360018,1,1,0,0,0,0,0,0,0,0,0,0
360019,0,1,20,0,0,0,0,28,0,0,0,0
360019,1,1,0,0,0,0,0,0,0,0,0,13
360020,0,1,0,0,0,0,0,0,0,0,0,0
360020,1,1,0,0,0,0,0,24,0,0,0,0
360021,1,1,0,0,0,0,0,0,0,0,0,0
360022,1,1,12,12,12,12,12,12,12,12,12,12
360023,0,1,0,0,0,0,0,0,0,0,0,0
360023,1,1,0,0,0,0,11,0,0,0,0,0
360024,1,1,31,11,16,0,0,3,0,26,0,17
360024,2,1,0,0,0,0,0,0,0,0,0,0
360025,1,1,6,6,6,6,6,6,6,6,6,6
360025,2,1,0,0,0,0,0,0,0,0,0,0
360026,1,1,0,0,0,0,0,0,0,0,0,0
360027,1,1,0,0,0,0,0,0,0,0,0,0
360027,2,1,0,0,0,0,0,12,0,0,5,0
360028,1,1,1,1,1,1,1,1,1,1,1,1
360029,1,1,0,0,0,0,0,0,0,0,0,0
360029,2,1,0,6,0,0,0,0,0,0,0,0
360030,1,1,22,11,19,17,0,0,21,13,0,17
360031,1,1,8,8,8,8,8,8,8,8,8,8
360032,1,1,19,19,19,19,19,19,19,19,19,19
360033,1,1,16,16,16,16,16,16,16,16,16,16
360034,1,1,0,17,0,0,0,0,0,0,0,0
360034,2,1,14,14,14,14,14,14,14,14,14,14
360035,0,1,0,9,0,0,17,0,0,0,0,0
360035,1,1,0,0,0,0,0,0,0,0,0,0
360036,0,1,0,0,0,0,0,0,0,0,0,0
360036,1,1,0,0,0,0,0,0,0,0,0,0
360037,1,1,0,0,0,0,0,0,0,0,0,0
360038,0,1,18,18,18,18,18,18,18,18,18,18
360038,1,1,0,0,0,14,0,0,0,0,0,0
360039,1,1,0,0,0,0,0,0,0,0,0,0
360040,1,1,0,0,0,19,0,0,0,0,11,0
360040,2,1,23,0,8,0,0,17,0,5,0,0
360041,1,1,0,0,0,0,0,0,0,0,0,0
360041,2,1,0,0,0,0,0,0,0,0,0,0
360042,1,1,0,0,0,0,0,0,0,0,0,0
360043,1,1,0,0,0,0,0,0,0,0,0,0
360043,2,1,0,0,0,0,0,0,0,0,0,0
360044,0,1,0,15,33,6,0,16,0,0,0,0
360044,1,1,0,11,0,0,0,0,0,0,24,0
360045,1,1,0,0,0,7,0,0,0,16,0,0
360045,2,1,0,25,0,0,0,0,0,0,0,0
360046,1,1,22,25,14,30,21,15,20,13,0,21
360046,2,1,0,0,0,0,0,0,25,0,0,0
360048,1,1,0,0,0,0,0,0,0,0,0,0
360048,2,1,0,0,0,0,0,7,0,0,0,0
360049,0,1,0,0,0,0,0,0,0,0,0,0
360049,1,1,0,0,0,16,13,9,6,0,0,18
360050,1,1,0,0,26,0,0,0,11,0,0,0
360050,2,1,0,0,0,10,0,0,0,0,0,0
360051,1,1,11,11,11,11,11,11,11,11,11,11
360052,1,1,0,0,0,0,0,0,0,0,0,0
360053,0,1,0,0,0,0,0,23,0,0,0,0
360053,0,2,18,0,0,0,0,0,0,0,0,0
360053,0,3,0,0,0,0,0,0,0,0,0,0
360053,1,1,0,0,0,0,0,0,0,0,0,0
360054,0,1,0,0,0,0,0,0,0,0,0,0
360054,1,1,0,0,0,0,0,0,0,0,0,0
360055,1,1,0,0,17,18,0,0,0,0,34,0
360055,2,1,0,0,0,0,0,0,0,0,0,0
360056,1,1,0,0,0,0,0,0,0,0,0,0
360057,1,1,0,0,0,0,0,0,0,0,0,0
360057,2,1,0,0,0,0,0,0,0,0,0,0
360058,1,1,0,17,8,27,0,13,28,0,0,0
360059,1,1,19,19,19,19,19,19,19,19,19,19
360060,0,1,43,43,43,43,43,43,43,43,43,43
360060,1,1,0,21,0,0,5,11,21,0,0,17
360060,2,1,0,0,0,0,0,0,0,2,0,0
360061,1,1,0,0,0,0,0,0,0,0,0,0
360061,2,1,0,0,0,0,0,0,0,0,0,0
360061,3,1,0,0,0,0,0,0,6,18,0,0
360062,0,1,0,0,0,0,0,0,0,0,0,0
360062,1,1,29,22,8,0,27,38,18,9,14,0
360063,0,1,15,15,15,15,15,15,15,15,15,15
360063,1,1,0,0,0,0,0,0,0,0,0,0
360064,0,1,0,0,0,0,0,0,0,0,0,0
360064,1,1,17,6,0,0,0,23,0,16,20,0
360065,1,1,2,2,2,2,2,2,2,2,2,2
360066,0,1,0,0,0,0,0,0,0,0,0,0
360066,1,1,20,13,0,0,22,17,0,0,0,0
360067,0,1,17,17,17,17,17,17,17,17,17,17
360067,1,1,13,19,21,19,0,0,18,15,30,21
360068,1,1,0,0,0,0,0,21,7,0,15,22
360069,0,1,0,0,0,0,0,0,0,0,0,0
360069,1,1,0,0,0,0,0,0,0,0,18,0
360070,1,1,18,18,18,18,18,18,18,18,18,18
360071,1,1,23,23,23,23,23,23,23,23,23,23
360072,1,1,15,15,15,15,15,15,15,15,15,15
360073,0,1,0,0,0,0,0,0,0,0,0,0
360073,1,1,0,0,0,0,0,15,18,4,0,20
360074,1,1,0,0,0,0,0,0,0,8,0,6
360074,2,1,0,0,0,0,0,0,0,0,0,0
360075,1,1,0,0,0,0,0,0,0,0,17,23
360075,2,1,0,0,0,0,0,0,0,0,0,0
360076,1,1,17,17,17,17,17,17,17,17,17,17
360077,1,1,0,0,8,0,0,20,0,5,0,16
360078,1,1,0,0,8,0,0,15,0,17,0,0
360079,1,1,0,0,0,0,0,0,0,0,0,0
360079,2,1,0,0,0,0,0,0,0,0,0,0
360080,0,1,0,0,0,0,0,0,0,0,0,0
360080,1,1,41,29,16,14,17,24,22,20,7,25
360081,0,1,0,0,0,0,0,0,0,0,0,0
360081,1,1,0,0,24,0,5,0,0,0,0,26
360082,0,1,11,11,11,11,11,11,11,11,11,11
360082,1,1,9,7,13,0,0,0,12,0,0,0
360083,1,1,0,0,0,0,0,0,0,7,0,13
360083,2,1,15,0,0,0,0,0,0,0,0,0
360084,1,1,23,23,23,23,23,23,23,23,23,23
360084,2,1,0,0,0,8,1,0,0,0,0,0
360085,0,1,0,0,14,0,0,0,0,0,0,0
360085,1,1,0,0,0,0,0,0,0,0,0,0
360086,1,1,0,0,0,0,0,0,0,0,0,0
360087,1,1,14,8,18,15,0,20,15,13,20,19
360087,2,1,24,0,0,16,0,13,0,14,0,8
360087,3,1,11,5,0,0,13,22,0,18,8,0
360088,0,1,0,0,0,0,0,0,0,0,0,0
360088,1,1,0,0,0,0,0,36,0,0,0,0
360089,1,1,0,0,0,0,0,0,0,0,19,0
360090,1,1,0,0,0,0,0,0,0,0,0,0
360090,2,1,0,0,0,0,0,0,24,0,0,0
360091,1,1,0,0,0,0,0,0,0,0,0,0
360092,1,1,0,0,0,0,0,0,0,0,0,0
360093,1,1,0,0,0,0,0,0,0,0,0,0
360093,2,1,0,8,0,0,0,0,0,2,21,0
360093,3,1,0,0,0,0,0,0,0,0,0,9
360094,1,1,0,0,0,0,0,0,0,0,0,0
360094,2,1,0,0,0,0,0,0,0,16,0,0
360095,1,1,0,0,26,0,0,9,0,0,0,0
360095,2,1,0,0,17,0,0,37,0,0,0,0
360096,0,1,0,0,0,0,0,0,0,0,0,14
360096,1,1,20,0,0,0,0,0,0,0,0,30
360097,1,1,0,0,0,0,0,0,0,0,0,0
360097,2,1,0,0,0,0,12,0,0,0,9,0
360098,0,1,17,0,0,0,5,0,22,0,24,0
360098,1,1,0,0,0,0,0,23,0,0,0,0
360099,1,1,0,0,8,0,0,0,0,20,0,0
360099,2,1,0,0,0,0,0,0,0,0,0,0
360100,0,1,0,0,0,0,0,0,0,0,0,0
360100,1,1,15,0,13,0,0,0,8,31,0,15
360101,0,1,0,0,0,0,0,0,0,0,29,24
360101,1,1,0,0,0,0,0,0,0,0,0,0
360102,0,1,0,0,0,0,0,0,0,0,0,0
360102,1,1,0,0,0,0,0,0,0,0,0,0
360103,0,1,19,19,19,19,19,19,19,19,19,19
360103,1,1,0,0,0,0,0,0,0,0,0,0
360104,1,1,26,0,0,0,0,0,0,0,0,0
360104,2,1,0,0,0,0,0,0,0,0,0,0
360105,0,1,0,0,0,0,0,0,0,0,0,0
360105,1,1,0,0,0,0,27,0,10,12,0,0
360106,1,1,0,0,0,0,0,0,0,0,0,0
360106,2,1,0,0,0,0,19,0,0,0,0,0
360107,1,1,0,16,0,0,15,0,15,27,0,0
360107,2,1,0,0,0,0,0,0,0,0,0,0
360108,1,1,0,0,0,0,0,0,0,0,0,0
360108,2,1,0,0,0,0,0,0,0,0,14,0
360110,1,1,0,0,0,0,0,0,0,0,0,0
360111,1,1,0,0,0,0,0,0,0,0,0,0
360111,2,1,0,0,0,0,0,0,8,0,0,0
360112,0,1,0,0,0,0,0,0,0,0,0,0
360112,1,1,0,0,0,13,8,0,0,6,0,19
360113,0,1,0,0,0,0,0,0,0,0,0,0
360113,1,1,0,0,0,0,0,0,0,0,0,0
360114,0,1,0,0,0,0,0,0,0,0,0,0
360114,1,1,0,0,0,12,0,15,0,8,17,19
360115,1,1,0,0,0,9,32,0,0,0,9,0
360115,2,1,0,0,13,0,0,10,0,0,0,0
360115,3,1,9,9,9,9,9,9,9,9,9,9
360116,0,1,0,0,0,0,0,0,0,0,0,0
360116,1,1,0,0,0,0,0,8,7,0,0,0
360117,0,1,0,0,0,0,0,0,0,0,0,0
360117,1,1,0,12,0,0,0,0,0,0,12,0
360118,1,1,18,19,19,21,21,11,24,22,34,16
360119,1,1,0,0,0,0,0,0,0,0,18,7
360120,0,1,0,0,0,0,0,0,0,0,0,0
360120,1,1,0,0,0,0,0,0,0,0,0,0
360121,0,1,0,0,0,0,0,0,0,0,0,0
360121,1,1,25,0,0,29,24,0,0,0,0,0
360122,2,1,29,29,29,29,29,29,29,29,29,29
360123,0,1,0,0,0,0,0,0,0,0,0,0
360123,1,1,0,0,0,0,0,0,0,0,0,0
360124,1,1,0,0,0,0,0,0,0,0,0,0
360125,1,1,0,0,0,0,0,0,0,0,0,0
360126,0,1,0,0,0,0,0,0,0,0,0,0
360126,1,1,0,0,0,0,0,0,0,0,0,0
360127,1,1,0,0,0,0,0,0,0,0,0,0
360128,1,1,0,0,0,0,0,0,0,0,0,0
360128,2,1,0,0,0,0,6,0,0,0,0,0
360128,3,1,0,0,0,0,0,0,0,0,0,0
360129,1,1,0,0,0,0,0,0,0,0,0,0
360129,2,1,0,0,0,0,10,0,0,0,0,0
360130,1,1,21,16,0,0,10,0,0,0,0,0
360130,2,1,0,0,0,0,0,0,0,0,0,0
360130,3,1,0,0,0,0,0,0,0,0,0,0
360131,1,1,0,0,0,0,0,0,0,0,0,0
360131,2,1,0,0,0,0,0,0,0,0,0,0
360132,0,1,0,0,0,0,0,0,0,0,0,0
360132,1,1,0,0,20,0,0,0,0,9,0,0
360133,1,1,0,0,0,0,0,0,0,0,0,0
360134,1,1,0,0,0,0,0,0,0,0,0,0
360135,0,1,17,17,17,17,17,17,17,17,17,17
360135,1,1,16,0,0,0,10,5,39,12,11,17
360136,1,1,5,11,11,10,24,4,14,26,14,3
360137,1,1,0,0,0,0,0,0,0,0,0,0
360138,1,1,0,0,0,0,0,0,0,0,0,0
360139,1,1,0,0,0,0,0,0,0,0,0,0
360139,2,1,0,0,0,0,0,0,0,0,0,0
360140,1,1,7,7,7,7,7,7,7,7,7,7
360141,1,1,0,0,0,0,0,0,0,0,0,0
360143,1,1,0,0,0,0,0,0,0,0,0,0
360143,2,1,0,0,0,19,0,0,0,9,0,12
360144,0,1,0,0,0,0,0,0,0,0,0,0
360144,1,1,0,0,0,12,0,0,0,50,0,0
360145,0,1,0,0,0,0,0,0,0,0,0,0
360145,1,1,0,0,0,7,0,0,29,4,0,0
360146,0,1,0,0,0,0,0,0,0,0,0,0
360146,1,1,0,0,0,0,0,0,0,0,0,7
360147,0,1,0,0,0,0,0,0,0,0,0,0
360147,1,1,0,0,0,0,0,0,0,0,0,0
360148,0,1,0,0,0,0,0,0,0,0,0,0
360148,1,1,24,10,24,0,23,0,17,0,0,9
360149,0,1,0,0,0,0,7,0,24,7,0,19
360149,1,1,0,0,22,0,0,0,0,19,0,0
360150,1,1,0,0,20,6,0,0,12,5,7,0
360150,2,1,9,9,9,9,9,9,9,9,9,9
360151,0,1,26,26,26,26,26,26,26,26,26,26
360151,1,1,0,0,13,2,0,3,12,0,0,27
360151,2,1,10,15,18,0,0,0,13,32,0,0
360152,0,1,21,21,21,21,21,21,21,21,21,21
360152,1,1,0,0,0,0,24,0,0,0,7,0
360153,1,1,0,0,0,0,0,0,0,0,0,0
360153,2,1,0,0,0,0,0,0,0,0,0,0
360154,1,1,6,3,17,21,0,21,31,36,24,25
360155,1,1,0,0,0,0,0,0,0,0,0,0
360156,1,1,0,0,0,0,0,0,0,0,20,0
360156,2,1,9,0,0,0,0,0,0,13,17,0
360157,1,1,0,0,0,12,0,0,0,0,16,0
360157,2,1,0,0,0,0,17,8,0,0,0,7
360158,0,1,10,10,10,10,10,10,10,10,10,10
360158,1,1,16,0,18,27,0,25,0,5,0,0
360159,0,1,0,0,0,0,19,0,0,15,0,0
360159,1,1,0,0,0,0,0,0,0,0,0,0
360160,1,1,11,0,0,0,0,0,0,0,0,0
360160,2,1,0,0,0,0,0,0,30,0,0,0
360161,1,1,0,0,0,0,0,0,0,0,17,0
360161,2,1,0,0,0,0,0,9,0,0,0,0
360161,3,1,0,16,0,13,0,0,0,0,0,11
360162,0,1,0,0,0,0,0,0,0,0,0,0
360162,1,1,22,11,24,0,24,0,18,20,15,4
360163,1,1,0,0,0,0,0,0,0,0,0,0
360164,1,1,0,0,0,0,0,0,0,0,0,0
360164,2,1,0,0,0,0,0,0,0,0,0,0
360165,1,1,0,0,0,0,0,0,0,0,0,0
360165,2,1,9,27,35,0,13,0,0,0,0,17
360166,0,1,0,0,0,0,0,0,0,0,0,0
360166,1,1,0,23,12,2,0,0,12,5,13,0
360166,4,1,0,0,0,0,21,17,0,0,0,0
360166,7,1,0,0,0,0,0,9,0,0,15,0
360167,1,1,0,0,0,0,0,0,0,0,0,0
360168,0,1,17,17,17,17,17,17,17,17,17,17
360168,1,1,0,0,0,0,0,0,0,0,0,0
360169,1,1,0,6,0,0,9,14,12,3,0,0
360169,2,1,0,0,0,0,0,0,0,0,0,0
360169,3,1,6,0,13,0,0,17,0,25,39,0
360170,1,1,0,0,0,0,0,0,0,0,0,0
360171,1,1,0,0,0,0,0,0,0,0,0,0
360172,1,1,0,16,10,2,0,17,17,15,23,0
360173,1,1,10,10,10,10,10,10,10,10,10,10
360174,0,1,0,0,0,0,0,0,0,0,0,0
360174,1,1,0,0,0,0,0,0,9,19,0,0
360175,1,1,0,0,0,0,0,0,0,0,0,0
360175,2,1,0,0,0,0,0,6,0,0,0,10
360176,1,1,25,25,25,25,25,25,25,25,25,25
360177,1,1,0,0,0,28,0,0,0,18,19,0
360178,1,1,0,0,0,0,0,0,0,0,0,0
360179,0,1,20,20,20,20,20,20,20,20,20,20
360179,1,1,0,0,0,0,0,0,0,0,0,0
360180,1,1,21,21,21,21,21,21,21,21,21,21
360180,2,1,0,0,0,0,0,0,0,0,0,0
360181,1,1,31,11,3,14,0,0,19,0,0,32
360182,1,1,42,42,42,42,42,42,42,42,42,42
360183,1,1,0,0,0,0,0,0,0,0,0,0
360184,0,1,0,0,0,0,0,0,0,0,0,0
360184,1,1,0,0,0,0,0,0,21,0,0,0
360185,0,1,0,0,0,0,0,0,0,0,0,0
360185,1,1,0,0,0,0,0,32,0,0,24,0
360186,1,1,0,0,0,0,0,0,0,0,0,0
360186,2,1,19,0,0,0,0,0,0,0,0,0
360187,0,1,0,0,0,0,0,0,0,0,0,0
360187,1,1,5,0,0,0,0,0,0,0,0,0
360188,1,1,10,10,10,10,10,10,10,10,10,10
360190,1,1,0,33,0,0,0,0,0,0,0,11
360190,2,1,0,0,10,0,0,0,0,0,0,0
360191,1,1,0,0,0,0,0,0,0,0,0,0
360191,2,1,0,0,0,0,0,0,0,0,0,0
360192,1,1,21,21,21,21,21,21,21,21,21,21
360192,2,1,0,0,0,0,0,0,0,0,0,22
360193,0,1,0,0,0,0,0,0,0,0,0,0
360193,0,2,2,2,2,2,2,2,2,2,2,2