ST_CASE,VEH_NO,PER_NO,P1,P2,P3,P4,P5,P6,P7,P8,P9,P10
360772,1,1,0,0,0,0,0,0,0,0,0,0
360773,1,1,12,12,12,12,12,12,12,12,12,12
360774,1,1,0,0,0,0,0,0,0,0,0,0
360775,1,1,0,18,0,0,0,0,0,0,0,0
360775,2,1,0,0,0,0,0,0,0,0,0,0
360776,1,1,0,0,0,0,0,0,0,0,0,0
360776,2,1,0,0,0,0,0,0,0,0,0,0
360778,1,1,0,0,0,0,14,0,0,0,0,0
360778,2,1,24,0,0,0,0,0,0,17,0,0
360779,1,1,0,0,24,0,20,0,0,0,3,14
360780,1,1,0,0,0,0,0,0,0,0,0,0
360781,0,1,0,0,0,0,0,0,0,0,0,0
360781,1,1,0,0,0,0,0,19,0,0,0,0
360783,1,1,13,13,13,13,13,13,13,13,13,13
360784,1,1,0,0,0,10,0,0,0,14,0,27
360785,1,1,21,0,0,0,31,22,11,15,31,18
360785,2,1,0,0,0,0,0,0,0,0,0,0
360786,1,1,0,30,0,0,21,0,0,0,32,20
360787,1,1,0,0,0,0,0,0,0,0,0,0
360787,2,1,0,0,0,0,0,0,23,0,0,0
360788,1,1,0,0,0,0,0,0,0,0,0,0
360788,2,1,0,0,0,0,0,0,0,0,0,0
360789,1,1,0,12,14,0,0,8,0,34,0,0
360789,2,1,0,0,0,0,5,0,0,0,0,0
360790,0,1,0,0,0,0,0,0,0,0,0,0
360790,1,1,0,0,0,0,0,0,0,0,0,0
360791,0,1,0,0,0,0,0,0,0,0,0,0
360791,1,1,9,0,0,0,11,0,0,0,0,0
360792,2,1,18,18,18,18,18,18,18,18,18,18
360794,0,1,0,0,18,12,12,0,23,20,0,0
360794,1,1,0,13,21,0,0,38,0,0,32,0
360795,1,1,0,0,0,0,0,0,0,0,0,0
360795,2,1,0,0,0,0,0,0,0,0,0,0
360796,0,1,18,0,0,0,0,0,0,0,0,0
360796,1,1,0,0,0,0,0,12,0,0,22,0
360797,0,1,0,0,0,0,0,0,0,29,0,0
360797,1,1,0,0,0,0,0,0,0,0,11,0
360798,0,1,0,0,0,0,0,0,0,0,0,0
360798,1,1,0,0,0,0,0,0,0,0,0,0
360799,1,1,22,22,22,22,22,22,22,22,22,22
360800,1,1,0,0,0,0,0,0,0,46,0,17
360801,1,1,0,4,17,0,0,3,0,0,0,0
360801,2,1,0,0,0,0,0,0,0,0,0,29
360802,1,1,0,0,0,0,0,0,0,0,0,0
360803,0,1,21,0,0,0,0,0,0,28,0,0
360803,1,1,0,11,0,0,7,0,12,0,14,0
360804,1,1,0,0,0,0,0,0,0,0,0,0
360805,0,1,42,0,0,0,0,0,0,0,0,0
360805,1,1,0,0,0,0,17,0,0,0,0,0
360806,0,1,0,0,0,0,0,0,0,0,0,0
360806,1,1,0,0,0,20,0,0,0,0,0,0
360807,1,1,17,17,17,17,17,17,17,17,17,17
360808,1,1,0,0,0,0,0,0,0,0,0,0
360809,0,1,0,0,0,0,0,0,11,0,0,0
360809,1,1,0,0,0,0,2,6,0,14,0,0
360810,1,1,26,26,26,26,26,26,26,26,26,26
360811,1,1,0,0,0,9,0,0,0,0,0,0
360811,2,1,0,0,0,0,0,0,0,0,0,0
360813,0,1,0,0,0,0,0,0,0,0,0,0
360813,1,1,0,0,0,11,0,0,0,0,0,31
360814,1,1,0,0,0,0,0,0,0,0,0,0
360815,0,1,0,0,0,0,0,0,0,0,0,0
360815,1,1,16,0,0,0,0,0,15,0,0,0
360816,1,1,24,24,24,24,24,24,24,24,24,24
360816,2,1,0,15,0,0,0,0,3,9,0,16
360817,0,1,7,24,0,0,0,22,0,15,0,0
360817,1,1,0,0,0,0,0,0,0,0,0,0
360817,2,1,0,0,0,0,0,0,3,0,0,0
360818,1,1,0,6,11,0,0,0,0,0,0,0
360819,0,1,0,0,14,7,0,27,25,12,0,14
360819,1,1,0,0,6,7,8,0,4,0,0,18
360820,0,1,0,0,0,0,0,0,0,0,0,0
360820,1,1,0,19,0,0,33,0,0,29,0,0
360820,2,1,0,22,0,0,0,0,0,0,0,0
360821,0,1,0,0,0,0,0,0,0,0,0,0
360821,1,1,0,0,0,0,0,0,33,0,0,13
360822,0,1,0,0,0,0,0,7,0,0,26,0
360822,1,1,0,0,0,0,9,0,0,0,0,0
360823,1,1,0,0,0,0,22,0,6,0,0,0
360824,1,1,20,15,0,0,15,0,16,0,14,0
360825,1,1,0,0,0,0,0,0,0,0,0,0
360825,2,1,0,0,0,0,0,0,0,0,0,0
360826,1,1,14,14,14,14,14,14,14,14,14,14
360827,0,1,17,0,23,15,0,0,0,0,23,0
360827,1,1,0,0,0,0,0,0,0,0,0,0
360828,1,1,0,3,0,0,0,0,0,0,0,0
360828,2,1,0,0,0,0,0,0,0,12,0,0
360829,1,1,0,0,0,0,0,0,18,0,0,15
360830,1,1,0,0,0,0,0,0,0,0,0,0
360831,1,1,0,0,0,0,0,0,0,0,0,0
360831,2,1,0,6,0,19,4,0,0,0,37,17
360831,3,1,11,0,26,0,0,10,17,0,15,16
360832,1,1,0,0,6,0,0,0,0,0,0,0
360832,2,1,0,0,0,0,0,0,0,0,0,0
360833,1,1,0,0,0,0,0,0,0,0,0,0
360833,2,1,0,12,0,0,0,0,0,0,19,11
360834,1,1,0,0,17,29,31,34,17,14,0,0
360835,0,1,0,0,0,0,0,0,0,0,0,0
360835,1,1,0,0,0,0,0,0,0,0,22,0
360836,0,1,11,11,11,11,11,11,11,11,11,11
360836,1,1,0,0,0,0,0,0,0,0,0,0
360837,0,1,28,28,28,28,28,28,28,28,28,28
360837,1,1,20,32,7,28,0,0,15,13,16,0
360838,0,1,26,0,0,0,0,0,0,0,0,0
360838,1,1,21,24,15,0,18,0,0,0,24,0
360839,0,1,0,0,0,0,0,0,0,0,0,0
360839,2,1,0,0,0,0,0,0,0,0,16,0
360840,1,1,0,0,34,10,0,0,0,21,18,0
360840,2,1,0,0,0,0,9,10,0,0,4,0
360840,3,1,15,0,0,14,26,0,0,19,14,25
360841,0,1,0,0,0,0,0,0,0,0,0,0
360841,1,1,0,0,0,0,0,0,0,0,0,0
360842,1,1,0,0,9,0,0,0,0,0,0,0
360842,2,1,0,0,0,0,0,0,0,0,0,0
360843,1,1,0,0,0,0,0,0,0,0,0,0
360843,2,1,0,0,0,0,0,0,0,0,0,0
360844,0,1,24,0,0,0,0,32,0,0,0,0
360844,1,1,0,0,0,0,0,0,7,6,0,0
360845,0,1,0,0,10,0,0,0,21,0,0,0
360845,1,1,0,0,0,0,0,0,0,0,0,0
360846,1,1,17,9,13,4,12,18,13,15,26,20
360847,0,1,27,15,0,13,0,0,24,10,0,0
360847,1,1,0,25,10,0,0,0,0,0,8,9
360848,1,1,0,0,0,0,0,0,0,0,0,0
360848,2,1,0,0,0,0,0,0,0,0,0,0
360849,1,1,0,0,0,0,0,6,0,0,0,0
360849,2,1,0,0,0,0,0,20,13,0,0,0
360850,1,1,18,18,18,18,18,18,18,18,18,18
360851,1,1,20,19,0,20,18,18,10,16,11,0
360852,1,1,0,0,0,0,0,0,0,0,0,0
360853,1,1,0,0,0,0,0,0,0,0,0,0
360853,2,1,0,0,0,0,0,0,21,0,0,0
360854,1,1,0,0,0,0,0,0,0,0,0,0
360854,2,1,0,0,0,0,0,23,0,0,0,0
360855,0,1,0,17,13,0,0,13,0,5,24,18
360855,1,1,0,24,26,0,0,10,0,16,25,0
360856,0,1,0,0,0,0,0,0,0,0,0,22
360856,1,1,0,0,0,0,0,0,0,11,0,0
360857,1,1,0,0,0,0,0,0,0,0,0,0
360857,2,1,0,0,0,0,0,0,0,0,0,0
360857,3,1,0,0,0,0,0,0,0,0,0,0
360857,4,1,0,0,0,0,0,0,0,0,0,0
360858,1,1,0,0,0,19,0,0,0,0,0,5
360859,1,1,0,0,0,0,21,0,0,0,0,0
360859,2,1,0,0,0,0,0,0,0,0,0,0
360860,1,1,3,3,3,3,3,3,3,3,3,3
360861,1,1,0,0,9,0,0,0,0,0,0,0
360861,2,1,0,0,0,0,0,0,0,0,0,0
360862,1,1,0,0,0,0,0,0,0,0,0,0
360862,2,1,19,0,0,0,0,0,0,0,0,0
360862,3,1,0,0,0,0,0,0,0,0,0,0
360863,1,1,0,26,0,0,0,9,46,8,0,5
360864,1,1,21,21,21,21,21,21,21,21,21,21
360864,2,1,0,0,0,0,0,0,0,0,11,4
360865,0,1,0,0,14,0,0,0,0,0,0,0
360865,1,1,0,0,0,0,0,0,0,0,0,0
360866,1,1,0,0,23,31,0,0,0,11,0,0
360866,2,1,14,16,0,0,0,0,0,0,0,0
360867,1,1,15,0,0,0,0,0,0,0,0,0
360867,2,1,0,0,0,0,0,0,0,0,0,0
360868,1,1,19,11,13,21,24,31,5,0,0,15
360869,1,1,0,0,0,0,0,0,0,0,0,0
360869,2,1,0,0,0,0,0,0,0,0,0,0
360870,1,1,0,0,0,0,0,0,0,0,0,0
360870,2,1,0,0,8,0,0,0,0,13,0,0
360870,3,1,0,0,0,0,0,0,0,0,0,0
360871,0,1,0,0,0,0,0,0,0,0,0,0
360871,1,1,0,0,16,0,0,0,0,0,0,0
360872,1,1,21,0,0,0,0,23,0,0,14,0
360873,0,1,29,29,29,29,29,29,29,29,29,29
360873,1,1,18,5,23,5,16,11,17,11,0,35
360874,1,1,0,0,0,0,0,0,0,0,0,0
360874,2,1,0,0,0,0,17,0,0,0,0,0
360874,3,1,0,0,27,12,0,37,0,22,4,0
360875,1,1,0,0,0,0,0,0,0,0,0,0
360875,2,1,0,12,0,0,0,17,0,0,0,0
360876,0,1,0,0,0,0,0,0,0,0,0,0
360876,1,1,23,24,9,31,35,13,16,21,15,0
360877,1,1,0,0,0,0,0,0,0,0,6,0
360877,2,1,0,24,0,0,0,0,0,0,0,0
360878,0,1,9,9,0,0,0,0,35,0,0,0
360878,1,1,2,0,0,0,23,0,38,0,0,0
360879,0,1,0,0,0,0,0,0,0,0,0,0
360879,1,1,0,43,6,0,0,0,0,0,0,0
360880,1,1,0,0,0,0,0,0,0,0,0,0
360881,0,1,0,0,0,0,0,0,0,0,0,0
360881,1,1,0,0,0,0,0,0,0,15,3,13
360882,1,1,0,0,0,0,0,0,0,0,0,0
360883,1,1,0,0,0,0,0,0,0,0,7,26
360883,2,1,0,18,0,0,0,0,0,0,0,9
360884,0,1,0,0,0,0,0,0,0,0,0,0
360884,0,2,0,0,0,0,0,0,18,0,0,21
360884,0,3,0,0,0,0,0,0,0,0,0,0
360884,0,4,0,14,0,0,0,0,0,0,0,0
360884,1,1,26,26,26,26,26,26,26,26,26,26
360885,1,1,0,0,0,0,0,0,0,0,0,0
360885,2,1,0,0,0,0,0,0,0,0,0,0
360886,1,1,0,0,0,0,0,0,0,0,10,4
360887,1,1,14,30,12,19,19,10,14,5,6,22
360888,1,1,0,0,0,17,22,0,0,12,0,15
360889,1,1,13,0,0,0,0,20,0,0,10,5
360889,2,1,0,0,0,0,0,0,0,0,0,0
360890,0,1,0,14,20,21,19,0,27,22,39,25
360890,1,1,26,13,16,11,8,7,12,20,15,29
360891,1,1,0,0,0,0,0,0,0,0,0,0
360891,2,1,0,0,17,0,0,0,0,0,0,0
360892,0,1,0,18,0,0,0,0,20,0,0,0
360892,1,1,16,0,11,0,0,18,16,0,0,21
360893,1,1,0,0,0,0,0,0,0,0,0,0
360893,2,1,0,15,0,0,0,18,0,0,0,0
360894,0,1,0,0,0,0,0,0,0,0,0,0
360894,1,1,0,0,26,0,0,0,0,0,0,0
360895,1,1,0,0,0,0,0,0,0,0,0,0
360895,2,1,0,17,0,0,0,0,0,11,12,2
360895,3,1,0,0,10,17,0,0,21,19,0,0
360896,1,1,2,2,2,2,2,2,2,2,2,2
360897,1,1,0,0,0,0,0,0,0,0,0,0
360897,2,1,0,21,0,0,0,0,7,0,0,14
360898,0,1,39,39,39,39,39,39,39,39,39,39
360898,1,1,33,0,0,0,0,0,0,14,0,0
360899,1,1,0,0,0,0,0,0,0,0,0,0
360900,0,1,13,13,13,13,13,13,13,13,13,13
360900,1,1,0,0,0,28,0,0,17,0,0,12
360901,1,1,0,0,0,0,0,0,0,0,0,0
360902,1,1,16,16,16,16,16,16,16,16,16,16
360903,1,1,0,0,0,0,0,0,0,0,0,0
360903,2,1,0,0,0,0,0,6,0,0,0,0
360904,1,1,0,0,0,0,0,0,0,0,0,0
360904,2,1,0,18,0,0,0,2,10,0,13,0
360905,1,1,0,0,0,0,0,0,0,0,0,0
360905,2,1,18,0,0,0,20,0,4,0,0,43
360906,1,1,0,0,0,0,0,0,0,0,0,0
360906,2,1,0,0,0,0,0,0,0,0,0,0
360907,1,1,0,0,0,37,0,0,16,0,0,0
360907,2,1,0,0,18,0,0,0,0,0,0,0
360908,0,1,0,0,0,0,0,0,0,0,0,0
360908,1,1,0,0,0,0,0,0,0,0,0,0
360909,1,1,0,0,0,0,0,0,0,0,0,0
360909,2,1,0,0,0,0,0,0,0,0,0,4
360910,0,1,0,0,0,0,0,0,0,0,0,0
360910,1,1,0,0,0,0,0,0,0,0,0,0
360911,0,1,28,33,0,21,32,27,0,18,0,27
360911,1,1,23,0,0,0,5,7,0,0,0,20
360912,1,1,24,24,24,24,24,24,24,24,24,24
360912,2,1,10,4,0,0,0,0,12,0,15,0
360912,3,1,31,0,17,0,22,0,47,0,6,0
360913,0,1,0,0,0,0,0,0,0,0,0,0
360913,1,1,0,35,0,0,0,0,0,0,0,0
360914,0,1,8,8,8,8,8,8,8,8,8,8
360914,1,1,0,19,0,0,0,0,20,0,0,0
360915,0,1,0,0,0,0,0,0,0,0,0,0
360915,0,2,0,0,0,0,0,0,0,0,0,0
360915,1,1,8,8,8,8,8,8,8,8,8,8
360916,0,1,0,0,0,0,0,0,0,0,0,0
360916,0,2,0,0,0,0,0,0,0,0,0,0
360916,1,1,0,0,0,0,0,0,0,16,0,0
360917,1,1,0,0,0,0,0,0,0,0,0,0
360918,0,1,34,34,34,34,34,34,34,34,34,34
360918,1,1,0,2,0,17,9,0,0,0,0,5
360919,0,1,17,17,17,17,17,17,17,17,17,17
360919,1,1,19,0,15,35,0,33,0,6,13,0
360920,1,1,11,11,11,11,11,11,11,11,11,11
360921,1,1,0,0,0,0,0,0,0,0,0,0
360922,1,1,0,0,0,0,14,0,0,14,0,0
360922,2,1,0,0,0,0,0,0,0,0,0,0
360923,1,1,30,0,0,0,0,0,0,0,27,16
360923,2,1,0,0,0,0,0,0,0,0,0,0
360924,1,1,0,0,0,0,0,14,0,0,0,13
360925,1,1,0,25,0,0,0,0,0,0,0,0
360926,1,1,0,15,0,0,0,0,30,25,0,0
360926,2,1,1,1,1,1,1,1,1,1,1,1
360927,1,1,0,0,0,0,0,0,0,0,0,0
360927,2,1,21,0,13,10,0,0,9,0,0,10
360928,1,1,0,13,0,0,6,0,0,0,0,0
360928,2,1,0,0,8,18,0,0,0,0,0,0
360929,1,1,0,0,17,0,0,0,0,0,0,0
360930,1,1,0,0,0,0,0,0,0,0,0,0
360931,1,1,0,0,0,0,0,0,0,0,0,0
360932,1,1,0,0,12,8,0,9,0,0,0,0
360932,2,1,0,0,0,0,0,0,0,0,0,0
360933,1,1,0,0,0,0,0,0,0,0,0,0
360934,1,1,0,0,0,0,0,0,0,0,0,0
360934,2,1,0,0,0,0,0,0,0,12,0,17
360935,1,1,25,0,0,0,0,0,3,0,0,0
360935,2,1,0,0,0,0,0,0,0,0,0,0
360936,1,1,0,0,0,0,0,0,0,0,0,16
360936,2,1,0,0,0,9,0,0,0,28,0,6
360937,1,1,34,0,0,0,0,0,0,0,0,0
360937,2,1,0,0,0,0,0,0,0,0,0,0
360938,0,1,10,28,32,33,27,7,13,11,19,15
360938,1,1,26,3,0,0,19,18,12,0,0,0
360939,1,1,0,0,0,0,0,0,0,0,0,0
360940,1,1,29,9,19,3,33,26,0,12,30,13
360941,1,1,0,0,0,0,0,0,0,0,0,0
360942,1,1,20,20,20,20,20,20,20,20,20,20
360943,1,1,0,0,0,8,11,0,0,0,0,0
360943,2,1,0,19,0,26,0,0,0,0,0,7
360944,0,1,0,0,17,0,9,0,0,0,18,26
360944,1,1,22,10,0,0,0,0,22,0,0,0
360945,1,1,0,0,0,0,0,0,0,0,0,0
360945,2,1,12,0,16,15,0,0,0,0,0,0
360946,0,1,20,20,20,20,20,20,20,20,20,20
360946,1,1,6,0,0,23,0,14,0,0,0,0
360947,1,1,0,0,0,21,0,0,0,0,4,0
360947,2,1,0,0,0,0,0,0,0,0,0,0
360947,3,1,0,0,0,0,0,0,0,0,0,0
360947,4,1,0,0,0,0,0,0,8,0,0,9
360947,5,1,0,0,0,0,0,0,0,0,0,0
360947,6,1,0,0,0,0,0,0,0,0,0,20
360948,0,1,0,0,0,0,0,0,0,0,0,0
360948,1,1,0,7,0,0,25,19,0,0,0,0
360949,1,1,0,0,0,0,0,14,16,0,0,0
360949,2,1,0,0,0,0,0,23,0,0,0,0
360950,1,1,0,0,0,0,0,0,0,0,0,0
360950,2,1,0,0,0,0,0,21,0,0,0,6
360951,1,1,11,22,41,34,8,25,0,18,0,0
360952,1,1,17,10,14,21,20,32,4,6,14,6
360953,1,1,0,0,0,0,0,0,0,0,0,0
360953,2,1,0,0,0,0,0,0,0,0,0,0
360954,1,1,0,0,0,0,0,0,0,0,0,0
360955,0,1,18,18,18,18,18,18,18,18,18,18
360955,1,1,19,0,0,0,0,6,17,0,18,28
360956,0,1,9,9,9,9,9,9,9,9,9,9
360956,1,1,11,0,0,0,22,0,17,15,0,0
360957,1,1,0,0,18,0,16,0,0,0,0,0
360957,2,1,5,7,22,0,0,0,9,0,2,0
360958,0,1,0,0,0,0,0,0,0,0,0,0
360958,1,1,0,0,0,0,0,0,0,0,0,0
360959,1,1,0,11,0,0,0,12,0,0,0,0
360959,2,1,0,0,0,8,0,16,16,0,0,0
360959,3,1,0,0,0,0,0,18,0,0,21,0
360960,1,1,16,16,16,16,16,16,16,16,16,16
360961,0,1,0,0,17,0,0,0,0,0,0,0
360961,1,1,0,0,26,0,0,0,0,31,0,0
370001,1,1,0,0,0,0,0,0,0,0,0,0
370001,2,1,0,0,0,0,0,0,0,0,0,0
370002,1,1,0,0,0,0,0,0,0,0,0,0
370002,2,1,0,0,0,0,0,0,0,0,0,0
370003,1,1,0,0,0,0,0,0,0,0,0,0
370004,1,1,0,0,0,0,0,0,0,0,0,0
370004,2,1,11,0,0,0,0,0,0,0,3,0
370005,1,1,0,0,0,0,0,0,0,0,0,0
370005,2,1,0,0,0,0,0,0,0,0,0,0
370006,1,1,0,0,0,0,0,0,0,0,0,0
370006,2,1,0,0,0,0,0,0,0,0,0,0
370007,1,1,0,0,0,0,0,0,0,0,0,0
370007,2,1,0,0,0,0,0,0,0,0,0,0
370007,3,1,0,0,0,0,0,0,0,0,0,0
370008,1,1,0,0,0,0,0,0,0,0,0,0
370008,2,1,0,0,0,0,0,0,0,0,0,0
370009,1,1,0,0,0,0,0,0,0,0,0,0
370009,2,1,0,0,0,0,0,0,0,0,0,0
370010,1,1,0,0,0,0,0,0,0,0,39,0
370010,2,1,0,0,0,0,0,0,0,0,0,0
370011,1,1,17,0,39,0,0,0,0,23,0,22
370011,2,1,0,0,0,0,0,0,0,0,0,0
370012,1,1,0,0,0,0,0,0,0,0,0,0
370012,2,1,5,5,5,5,5,5,5,5,5,5
370013,1,1,0,0,0,0,0,10,0,0,0,0
370013,2,1,0,0,0,0,0,0,0,0,0,0
370014,0,1,0,0,0,0,0,0,0,0,0,0
370014,1,1,0,0,0,0,0,0,0,0,6,0
370015,1,1,0,0,0,0,0,0,0,0,0,0
370015,2,1,0,0,0,0,0,0,0,0,0,0
370016,1,1,0,0,0,0,0,0,0,0,0,0
370017,1,1,9,22,23,8,6,8,0,0,15,8
370017,2,1,0,0,0,0,0,0,0,0,0,0
370017,3,1,0,0,0,0,0,0,0,0,0,0
370018,1,1,0,0,0,0,0,0,0,0,0,0
370018,2,1,0,0,0,0,0,0,0,0,0,0
370019,0,1,6,6,6,6,6,6,6,6,6,6
370019,1,1,0,23,10,0,29,0,0,0,0,0
370020,1,1,0,0,0,8,14,0,0,20,0,13
370021,1,1,0,0,0,0,0,0,0,0,0,0
370022,1,1,0,0,0,0,0,0,0,0,0,0
370022,2,1,0,0,0,0,0,0,0,0,0,0
370023,0,1,0,0,0,0,0,0,0,0,16,0
370023,1,1,0,0,0,0,0,0,0,0,0,0
370024,1,1,15,15,15,15,15,15,15,15,15,15
370025,1,1,0,0,0,0,0,0,0,0,0,0
370025,2,1,0,0,0,0,0,0,0,0,16,0
370026,1,1,0,8,0,0,0,0,0,11,0,18
370027,1,1,0,0,0,14,0,0,0,0,0,0
370027,2,1,0,0,0,0,0,0,0,0,0,0
370028,2,1,0,0,0,0,0,0,0,0,0,0
370029,0,1,0,0,0,0,0,0,0,0,0,0
370029,1,1,0,0,0,0,0,0,0,0,16,0
370030,0,1,37,37,37,37,37,37,37,37,37,37
370030,1,1,0,0,0,0,0,0,0,0,0,0
370031,0,1,0,0,0,0,0,0,0,0,0,0
370031,1,1,0,0,0,0,0,0,0,0,0,0
370032,1,1,0,0,0,0,0,0,0,20,0,0
370032,2,1,0,0,7,0,0,0,0,0,0,0
370033,1,1,0,0,0,0,0,0,0,0,0,0
370034,1,1,20,20,20,20,20,20,20,20,20,20
370035,1,1,15,0,0,0,0,0,0,0,0,0
370036,1,1,0,0,0,0,0,0,0,0,0,0
370036,2,1,18,18,18,18,18,18,18,18,18,18
370036,3,1,0,0,0,0,0,0,0,0,0,0
370037,0,1,0,0,0,0,0,0,0,0,0,0
370037,1,1,0,0,0,0,0,0,0,0,0,0
370038,1,1,0,0,0,0,0,0,0,0,0,0
370038,2,1,0,0,0,0,0,0,0,0,0,0
370039,1,1,0,0,0,0,0,0,0,0,0,0
370039,2,1,0,0,0,0,0,0,0,0,0,11
370040,1,1,0,0,0,0,0,0,0,0,0,0
370041,1,1,0,0,0,0,0,0,0,0,0,0
370041,2,1,0,0,0,0,0,0,0,0,0,0
370042,1,1,22,22,22,22,22,22,22,22,22,22
370043,0,1,11,11,11,11,11,11,11,11,11,11
370043,1,1,0,0,0,0,0,0,0,0,0,0
370044,0,1,0,0,0,0,0,0,0,0,0,0
370044,1,1,0,19,0,0,0,16,12,0,28,20
370045,1,1,0,0,0,0,0,0,0,0,0,0
370045,2,1,0,0,0,0,0,0,0,0,0,0
370046,1,1,0,0,0,0,0,0,0,0,0,0
370046,2,1,0,0,0,0,0,0,0,0,0,0
370047,1,1,0,0,0,0,0,0,0,0,0,0
370048,1,1,11,17,0,0,0,0,0,0,0,0
370049,1,1,0,0,0,0,0,0,0,0,0,0
370050,1,1,10,10,10,10,10,10,10,10,10,10
370051,0,1,0,0,0,0,0,0,0,0,0,0
370051,1,1,0,0,0,0,0,0,0,12,0,0
370052,0,1,0,0,0,0,0,0,0,0,0,0
370052,1,1,0,0,0,0,13,0,0,0,0,26
370053,1,1,14,14,14,14,14,14,14,14,14,14
370054,1,1,15,15,15,15,15,15,15,15,15,15
370055,1,1,19,19,19,19,19,19,19,19,19,19
370055,2,1,0,0,0,0,0,0,0,0,0,0
370056,0,1,16,16,16,16,16,16,16,16,16,16
370056,1,1,16,16,16,16,16,16,16,16,16,16
370057,0,1,0,0,0,0,0,0,0,0,0,0
370057,1,1,0,0,0,0,0,0,0,0,0,0
370058,1,1,6,6,6,6,6,6,6,6,6,6
370059,1,1,0,0,0,18,0,0,7,0,0,0
370059,2,1,0,0,0,0,0,0,0,0,0,0
370060,1,1,0,0,0,0,3,0,18,0,0,0
370061,1,1,0,0,0,0,0,0,0,0,0,0
370062,1,1,0,0,16,0,8,0,38,0,26,7
370063,1,1,0,0,0,0,0,0,0,0,0,0
370064,1,1,0,0,0,0,0,0,0,0,0,0
370065,0,1,0,0,0,13,0,0,0,13,0,18
370065,1,1,0,0,0,0,0,0,0,14,0,20
370066,1,1,0,0,14,0,19,20,0,0,0,0
370067,1,1,0,0,0,0,0,0,0,0,0,0
370067,2,1,0,0,0,0,0,0,0,0,7,0
370067,3,1,0,0,0,0,0,0,0,0,0,0
370068,1,1,35,35,35,35,35,35,35,35,35,35
370068,2,1,0,0,0,0,0,0,0,0,0,0
370069,1,1,0,0,0,0,0,0,14,0,0,0
370069,2,1,0,0,0,0,0,0,0,0,0,0
370070,1,1,0,0,0,0,0,0,0,0,0,0
370070,2,1,0,0,0,0,0,0,17,0,0,0
370071,0,1,0,0,0,0,0,0,0,0,0,0
370071,1,1,0,0,0,0,0,32,0,0,0,19
370072,1,1,20,20,20,20,20,20,20,20,20,20
370073,1,1,0,0,0,0,0,0,0,0,0,0
370073,2,1,0,0,0,0,0,0,0,27,0,0
370073,3,1,0,5,0,0,0,0,0,0,0,0
370073,4,1,0,0,0,0,5,0,0,0,19,0
370074,1,1,0,0,0,0,0,0,0,0,0,0
370075,1,1,25,25,25,25,25,25,25,25,25,25
370075,2,1,0,8,0,0,0,0,0,0,6,0
370075,3,1,0,0,0,0,0,0,0,0,6,0
370076,1,1,0,0,0,0,0,0,0,0,0,0
370076,2,1,0,0,0,0,0,0,0,0,0,0
370077,1,1,16,16,16,16,16,16,16,16,16,16
370078,1,1,0,0,0,0,0,0,0,0,0,0
370078,2,1,0,0,0,0,0,0,0,0,0,0
370078,3,1,0,0,0,0,0,0,0,0,0,0
370078,4,1,0,0,0,0,0,0,0,0,0,7
370079,0,1,26,0,0,0,0,0,0,0,0,0
370079,1,1,11,0,0,2,0,0,0,0,0,17
370080,1,1,0,0,0,0,0,0,0,0,0,0
370080,2,1,0,0,0,0,0,0,0,0,0,0
370081,0,1,19,19,19,19,19,19,19,19,19,19
370081,1,1,0,0,0,0,0,0,13,0,7,0
370082,1,1,0,0,0,0,0,0,0,0,0,0
370083,1,1,0,0,0,0,0,0,0,0,0,0
370084,1,1,0,0,0,0,0,0,0,0,0,0
370085,1,1,0,23,0,0,0,0,0,0,0,0
370085,2,1,0,0,0,0,0,0,0,0,0,0
370086,1,1,0,0,0,0,0,0,0,0,0,0
370086,2,1,0,0,0,0,0,0,0,0,0,0
370086,3,1,0,0,0,0,0,0,0,0,0,0
370086,4,1,0,0,0,0,0,0,0,0,0,0
370087,1,1,0,0,0,0,0,0,0,0,0,0
370087,2,1,0,0,21,0,0,0,0,9,0,0
370088,1,1,0,0,0,0,0,0,0,0,0,5
370088,2,1,0,0,0,0,0,0,0,0,0,0
370089,0,1,0,0,0,0,0,0,0,0,0,0
370089,1,1,0,0,0,0,0,0,0,0,0,0
370090,1,1,0,0,0,0,0,0,0,0,0,0
370090,2,1,0,0,0,0,15,0,0,0,0,15
370091,0,1,13,0,0,0,5,0,0,15,0,0
370091,1,1,0,0,0,0,0,0,0,0,0,0
370091,2,1,0,0,0,4,0,19,0,0,0,10
370091,3,1,0,0,0,0,0,0,0,0,0,0
370092,1,1,0,0,0,0,0,0,0,0,0,0
370093,0,1,0,0,0,27,0,0,0,0,0,0
370093,1,1,0,0,0,0,0,0,0,24,0,0
370094,1,1,0,0,0,0,24,0,0,0,0,0
370094,2,1,32,32,32,32,32,32,32,32,32,32
370095,1,1,0,0,0,0,0,0,0,0,18,0
370096,1,1,0,0,15,0,21,0,0,0,0,0
370097,1,1,0,12,0,0,0,0,0,0,0,0
370097,2,1,32,32,32,32,32,32,32,32,32,32
370098,1,1,0,0,0,0,0,0,13,0,0,0
370098,2,1,0,0,0,0,0,0,0,0,0,0
370098,3,1,0,0,0,0,0,0,0,0,0,0
370099,1,1,0,0,0,0,0,0,0,0,0,0
370100,1,1,0,0,0,0,0,0,0,0,0,0