ST_CASE,VEH_NO,PER_NO,P1,P2,P3,P4,P5,P6,P7,P8,P9,P10
370100,2,1,0,0,0,0,0,0,0,0,0,0
370100,3,1,0,24,0,0,0,0,0,0,0,0
370101,1,1,25,25,25,25,25,25,25,25,25,25
370102,1,1,6,6,6,6,6,6,6,6,6,6
370103,0,1,0,0,0,0,0,0,0,0,0,0
370103,1,1,0,0,0,0,0,0,0,0,0,0
370104,1,1,0,0,0,0,0,0,0,0,0,0
370104,2,1,17,17,17,17,17,17,17,17,17,17
370105,1,1,15,15,15,15,15,15,15,15,15,15
370105,2,1,0,0,0,0,0,0,0,0,0,0
370106,1,1,0,0,0,0,0,0,0,0,0,0
370106,2,1,0,0,0,0,0,0,0,0,0,0
370107,0,1,20,20,20,20,20,20,20,20,20,20
370107,1,1,0,28,0,6,0,0,0,0,0,0
370108,1,1,29,32,4,11,7,12,19,14,10,30
370109,1,1,0,0,0,0,0,0,0,0,0,0
370109,2,1,15,0,0,0,0,0,0,0,0,0
370110,1,1,0,0,0,0,0,0,0,0,0,0
370110,2,1,0,0,0,0,0,0,0,0,0,0
370111,1,1,0,0,0,0,0,0,0,0,0,0
370111,2,1,0,0,0,0,0,0,0,0,0,4
370112,1,1,0,0,0,0,0,0,0,0,0,0
370113,1,1,0,0,0,0,0,0,0,0,0,0
370114,1,1,0,0,0,0,0,0,0,0,0,0
370115,0,1,15,15,15,15,15,15,15,15,15,15
370115,1,1,0,0,0,0,0,0,0,0,0,0
370116,1,1,0,0,0,0,0,0,0,0,0,0
370116,2,1,0,0,0,0,0,0,0,0,0,0
370117,1,1,2,2,2,2,2,2,2,2,2,2
370117,2,1,0,0,9,0,0,0,0,0,0,0
370118,1,1,0,0,0,0,0,0,0,0,0,24
370118,2,1,0,0,0,0,0,0,0,0,0,0
370119,0,1,0,0,0,0,0,0,0,0,0,0
370119,1,1,0,0,0,17,0,0,0,0,0,0
370120,1,1,0,0,0,0,0,0,0,0,0,0
370120,2,1,0,0,0,0,0,0,0,0,0,0
370121,1,1,0,0,0,0,0,0,0,0,0,0
370121,2,1,0,12,0,0,0,0,0,0,0,0
370122,1,1,0,0,0,0,9,0,0,0,0,0
370122,2,1,0,0,0,0,0,0,0,0,0,0
370123,1,1,0,0,0,21,0,0,0,0,0,0
370123,2,1,0,0,0,0,0,0,0,0,0,0
370124,1,1,24,24,24,24,24,24,24,24,24,24
370125,1,1,0,19,0,0,0,18,0,0,0,0
370125,2,1,0,0,0,0,0,0,0,0,0,0
370125,3,1,0,0,0,0,0,5,0,0,0,0
370126,0,1,0,0,0,0,0,0,0,0,0,0
370126,1,1,0,0,0,0,0,0,0,0,0,0
370127,1,1,0,0,0,0,0,0,0,0,0,0
370127,2,1,0,0,0,0,0,0,0,0,0,0
370128,1,1,16,16,16,16,16,16,16,16,16,16
370129,1,1,0,0,0,0,0,0,0,0,0,0
370130,1,1,0,0,0,0,0,0,0,0,0,0
370131,0,1,0,0,0,0,0,0,0,0,0,0
370131,2,1,0,0,0,7,0,0,5,0,0,0
370132,1,1,18,18,18,18,18,18,18,18,18,18
370133,1,1,27,0,0,0,0,0,0,0,0,0
370134,1,1,0,0,0,0,0,0,0,0,0,0
370135,1,1,10,15,0,5,0,24,0,0,0,0
370135,2,1,11,11,11,11,11,11,11,11,11,11
370135,3,1,0,0,0,0,0,0,0,0,0,0
370136,1,1,0,0,0,0,0,0,0,0,0,0
370136,2,1,0,0,0,0,0,0,0,0,0,0
370136,3,1,0,0,0,0,0,0,0,0,0,0
370137,1,1,0,0,0,22,0,0,0,0,9,0
370138,1,1,0,0,0,0,0,0,0,0,0,0
370139,1,1,26,26,26,26,26,26,26,26,26,26
370140,1,1,32,32,32,32,32,32,32,32,32,32
370141,1,1,0,0,0,0,0,0,0,0,0,0
370141,2,1,0,0,0,0,0,0,0,0,0,0
370141,3,1,0,0,0,0,0,0,0,0,0,0
370142,1,1,0,0,0,0,0,0,0,0,0,0
370143,1,1,7,0,0,0,7,0,0,0,0,0
370143,2,1,0,0,0,0,0,0,0,0,0,0
370144,1,1,27,0,18,0,12,0,0,0,0,0
370144,2,1,0,0,0,0,0,0,0,0,0,0
370145,1,1,0,0,0,0,0,0,0,0,0,0
370145,2,1,0,0,0,0,0,15,28,0,0,0
370146,0,1,24,24,24,24,24,24,24,24,24,24
370146,1,1,0,0,0,0,0,0,0,0,0,0
370146,2,1,0,0,0,0,0,0,0,0,0,0
370147,1,1,0,0,0,0,0,0,0,0,0,0
370148,0,1,2,2,2,2,2,2,2,2,2,2
370148,1,1,0,0,0,0,0,0,0,0,0,0
370149,1,1,0,0,0,0,0,0,0,0,0,0
370149,2,1,0,0,0,0,0,0,0,0,0,0
370150,1,1,0,0,0,0,0,0,0,0,0,0
370150,2,1,0,0,0,0,0,0,0,0,0,0
370151,1,1,0,0,0,0,0,0,0,0,0,0
370151,2,1,0,0,0,0,0,0,0,0,0,0
370152,1,1,18,18,18,18,18,18,18,18,18,18
370153,1,1,0,0,0,0,0,0,0,0,0,0
370154,1,1,59,59,59,59,59,59,59,59,59,59
370155,1,1,0,0,0,0,0,0,0,0,0,0
370155,2,1,0,0,0,0,0,0,0,0,0,0
370156,1,1,9,18,21,17,17,0,24,8,26,11
370157,1,1,6,30,14,17,8,26,16,10,22,18
370158,1,1,0,0,0,0,0,0,0,0,0,0
370159,1,1,0,0,0,0,0,0,0,0,0,0
370160,1,1,22,22,22,22,22,22,22,22,22,22
370161,0,1,26,26,26,26,26,26,26,26,26,26
370161,1,1,0,0,0,0,0,0,0,0,0,0
370162,1,1,0,0,0,0,0,0,0,0,0,0
370163,1,1,0,0,0,0,0,0,0,0,0,0
370163,2,1,0,0,0,0,0,0,0,0,0,0
370163,3,1,0,13,0,0,0,0,0,0,0,0
370164,1,1,0,0,0,0,0,0,0,0,0,0
370164,2,1,7,7,7,7,7,7,7,7,7,7
370165,1,1,12,14,0,11,21,3,21,20,13,6
370165,2,1,0,0,0,0,0,0,0,0,0,0
370166,1,1,4,4,4,4,4,4,4,4,4,4
370166,2,1,0,0,0,0,0,0,0,0,0,0
370167,1,1,21,21,21,21,21,21,21,21,21,21
370168,1,1,0,0,0,0,0,0,0,0,0,0
370169,0,1,0,0,0,0,0,0,0,0,0,0
370169,1,1,0,0,0,0,0,0,0,0,0,0
370170,0,1,0,0,0,0,0,0,0,0,0,0
370170,1,1,32,0,23,13,13,30,15,7,8,32
370171,1,1,29,29,29,29,29,29,29,29,29,29
370171,2,1,11,0,0,0,0,25,0,0,0,0
370172,0,1,32,32,32,32,32,32,32,32,32,32
370172,1,1,0,0,0,0,0,0,0,3,0,0
370173,1,1,6,6,6,6,6,6,6,6,6,6
370174,1,1,0,0,0,0,0,0,0,0,0,0
370174,2,1,0,0,0,0,0,0,0,0,0,0
370175,1,1,0,0,0,0,0,0,0,0,0,0
370175,2,1,33,0,0,0,0,0,0,0,0,0
370176,1,1,11,11,11,11,11,11,11,11,11,11
370177,1,1,0,0,0,0,0,0,0,0,0,0
370177,2,1,0,0,0,0,0,0,0,0,0,0
370177,3,1,0,0,0,0,0,0,0,0,0,0
370178,1,1,31,31,31,31,31,31,31,31,31,31
370179,1,1,27,0,4,0,18,0,0,12,13,0
370180,1,1,0,0,0,0,0,0,0,0,0,0
370181,1,1,12,12,12,12,12,12,12,12,12,12
370182,1,1,0,0,0,0,0,0,0,29,0,0
370183,1,1,0,0,0,0,0,0,0,0,0,0
370183,2,1,0,0,0,0,0,0,0,0,0,0
370184,1,1,0,0,0,0,0,0,0,0,0,0
370184,2,1,0,0,0,0,0,0,0,0,0,0
370185,1,1,0,0,0,0,0,0,0,0,0,0
370186,1,1,0,0,0,0,0,0,0,0,0,0
370186,2,1,0,0,0,0,0,29,0,0,0,0
370187,1,1,0,0,0,0,0,0,0,0,0,0
370188,1,1,0,0,0,0,8,0,0,0,0,0
370188,2,1,8,0,0,0,0,0,0,0,0,0
370188,3,1,0,0,0,0,17,0,0,0,0,0
370189,1,1,0,0,0,0,0,0,9,0,0,0
370189,2,1,0,0,0,0,0,0,0,0,0,0
370190,1,1,0,0,0,0,0,0,0,0,0,0
370190,2,1,0,0,0,17,0,0,0,0,0,0
370191,0,1,0,0,0,0,0,0,0,0,0,0
370191,1,1,0,0,0,0,0,0,0,0,0,0
370192,1,1,0,0,0,0,0,0,0,0,0,0
370193,1,1,16,16,16,16,16,16,16,16,16,16
370193,2,1,0,0,0,0,0,0,0,0,0,0
370194,0,1,0,0,0,0,0,0,0,0,0,0
370194,1,1,0,0,0,0,0,0,0,0,0,0
370195,1,1,18,26,16,17,14,6,12,9,9,20
370196,1,1,20,20,20,20,20,20,20,20,20,20
370197,1,1,22,22,22,22,22,22,22,22,22,22
370197,2,1,0,0,0,17,0,0,0,0,0,0
370197,3,1,0,0,0,0,0,0,0,0,0,0
370198,1,1,11,11,11,11,11,11,11,11,11,11
370199,1,1,0,0,0,0,0,0,0,0,0,0
370199,2,1,0,0,0,0,0,0,0,0,0,0
370200,1,1,17,17,17,17,17,17,17,17,17,17
370200,2,1,0,0,0,0,0,0,0,0,0,6
370201,1,1,20,20,20,20,20,20,20,20,20,20
370202,1,1,0,0,0,0,0,0,0,0,0,0
370203,1,1,0,0,0,0,0,0,0,0,0,0
370204,1,1,15,15,15,15,15,15,15,15,15,15
370204,2,1,0,0,0,0,0,0,0,0,0,0
370205,1,1,0,0,0,0,0,0,0,0,0,0
370205,2,1,11,11,11,11,11,11,11,11,11,11
370206,1,1,0,0,0,0,0,0,0,0,0,16
370206,2,1,0,0,0,0,0,0,0,0,10,0
370207,1,1,17,17,17,17,17,17,17,17,17,17
370208,1,1,0,0,0,0,0,0,0,0,0,0
370208,2,1,0,24,0,0,0,0,0,0,0,0
370208,3,1,0,0,0,0,0,0,0,0,0,0
370209,1,1,25,25,25,25,25,25,25,25,25,25
370210,1,1,12,14,18,8,29,23,26,26,0,20
370210,2,1,0,0,0,0,0,0,0,0,0,0
370211,1,1,0,4,0,9,23,0,0,16,0,18
370211,2,1,0,0,0,0,0,10,17,0,0,0
370212,0,1,0,0,0,7,0,0,0,0,0,0
370212,1,1,0,0,0,0,0,0,0,0,0,0
370213,1,1,17,17,17,17,17,17,17,17,17,17
370214,1,1,3,3,3,3,3,3,3,3,3,3
370215,1,1,7,7,7,7,7,7,7,7,7,7
370215,2,1,0,0,0,0,0,0,0,0,0,0
370216,1,1,0,0,0,0,0,0,0,0,0,0
370217,1,1,19,19,19,19,19,19,19,19,19,19
370217,2,1,0,0,0,0,0,0,0,0,0,0
370218,0,1,25,25,25,25,25,25,25,25,25,25
370218,1,1,0,0,0,14,0,0,0,0,0,0
370219,1,1,0,0,0,0,0,0,0,0,0,0
370219,2,1,0,0,0,0,0,0,0,0,0,0
370220,0,1,0,0,0,0,0,0,0,0,0,0
370220,1,1,0,0,0,0,0,0,0,0,0,0
370221,1,1,0,0,0,0,0,0,0,0,0,0
370221,2,1,0,0,0,0,0,0,0,0,12,0
370222,1,1,0,0,0,0,6,0,0,0,0,0
370222,2,1,7,7,7,7,7,7,7,7,7,7
370223,1,1,0,0,0,0,0,0,0,0,0,0
370223,2,1,0,0,0,0,0,0,0,0,0,0
370224,1,1,17,17,17,17,17,17,17,17,17,17
370225,1,1,20,20,20,20,20,20,20,20,20,20
370226,0,1,0,0,0,0,0,0,26,0,12,0
370226,1,1,0,0,0,0,8,0,0,0,0,0
370227,1,1,6,6,6,6,6,6,6,6,6,6
370227,2,1,0,0,0,0,28,0,0,0,0,0
370227,3,1,0,0,0,0,0,0,0,0,0,0
370227,4,1,0,0,0,0,0,0,0,0,0,0
370228,1,1,31,31,31,31,31,31,31,31,31,31
370228,2,1,15,0,0,0,0,0,0,0,0,0
370229,0,1,0,0,0,0,0,0,0,0,0,0
370229,1,1,0,0,0,0,0,0,0,0,0,0
370230,1,1,14,3,0,18,9,0,21,0,2,0
370230,2,1,0,0,0,0,0,0,0,0,0,15
370230,3,1,0,0,0,0,0,0,0,0,0,0
370231,1,1,0,0,0,0,0,0,0,0,0,0
370232,1,1,0,0,0,0,0,0,0,0,0,0
370232,2,1,0,0,0,0,0,0,0,0,0,0
370233,1,1,3,3,3,3,3,3,3,3,3,3
370234,1,1,0,0,0,0,0,0,0,0,0,0
370235,0,1,36,36,36,36,36,36,36,36,36,36
370235,1,1,0,0,0,16,0,0,0,0,0,0
370236,1,1,0,0,0,0,0,0,0,0,0,0
370236,2,1,0,0,0,0,0,0,16,0,0,0
370237,1,1,0,0,0,0,0,0,0,0,0,0
370237,2,1,0,0,0,0,0,0,0,0,0,0
370237,3,1,0,0,0,0,0,0,0,0,0,0
370238,1,1,0,0,0,0,0,0,0,0,0,0
370238,2,1,26,26,26,26,26,26,26,26,26,26
370239,1,1,0,0,0,0,0,0,0,27,0,0
370239,2,1,0,0,0,0,0,0,0,0,0,0
370240,0,1,23,23,23,23,23,23,23,23,23,23
370240,1,1,0,0,0,0,0,0,0,0,0,0
370241,1,1,0,0,0,0,0,0,0,0,0,0
370242,0,1,0,0,0,0,0,0,0,0,0,0
370242,1,1,0,0,0,0,0,0,0,0,0,0
370243,1,1,0,0,0,0,0,0,0,0,0,0
370244,1,1,0,0,0,0,0,0,0,0,0,0
370244,2,1,0,0,0,0,0,0,0,0,0,0
370245,1,1,0,0,0,0,0,0,0,0,0,0
370245,2,1,0,0,0,0,19,0,0,0,0,0
370246,1,1,0,0,19,0,0,13,0,0,0,0
370247,1,1,3,3,3,3,3,3,3,3,3,3
370248,0,1,22,22,22,22,22,22,22,22,22,22
370248,1,1,0,0,0,0,10,0,0,0,0,0
370249,1,1,5,5,5,5,5,5,5,5,5,5
370249,2,1,0,0,0,0,0,0,0,0,0,0
370250,1,1,0,0,0,0,0,0,0,0,0,0
370250,2,1,0,0,0,0,0,0,0,0,0,0
370251,1,1,0,0,0,0,0,0,0,0,0,0
370251,2,1,0,0,0,0,0,0,0,0,0,0
370252,1,1,0,0,0,0,0,0,0,0,0,0
370253,1,1,0,0,0,0,0,0,0,0,0,0
370253,2,1,0,0,0,0,0,0,0,0,0,0
370254,1,1,10,10,10,10,10,10,10,10,10,10
370255,1,1,0,0,0,0,32,0,0,0,0,0
370256,1,1,6,0,0,0,0,0,0,0,0,0
370257,1,1,0,0,0,0,0,0,0,0,0,0
370258,1,1,0,0,0,0,0,0,0,0,0,0
370258,2,1,0,0,0,0,0,0,0,0,0,0
370259,1,1,0,0,0,0,0,0,0,0,0,0
370260,1,1,0,0,0,0,0,0,0,0,0,0
370260,2,1,0,0,0,0,0,0,0,0,0,0
370261,1,1,0,0,0,0,0,0,0,0,0,0
370261,2,1,4,4,4,4,4,4,4,4,4,4
370262,1,1,0,0,0,0,0,0,0,0,0,0
370263,1,1,0,0,0,0,0,0,0,0,0,0
370263,2,1,0,0,0,0,0,0,0,0,0,0
370264,1,1,0,27,0,0,0,0,0,0,0,0
370265,1,1,0,0,0,0,0,0,0,0,0,0
370265,2,1,24,24,24,24,24,24,24,24,24,24
370266,1,1,23,23,23,23,23,23,23,23,23,23
370267,1,1,0,0,0,0,0,0,0,0,0,0
370267,2,1,0,0,0,0,0,0,0,0,0,0
370268,1,1,21,21,21,21,21,21,21,21,21,21
370269,0,1,0,0,0,0,0,0,0,0,0,0
370269,1,1,0,0,0,0,0,0,0,0,0,0
370270,1,1,5,5,5,5,5,5,5,5,5,5
370270,2,1,0,0,0,0,0,21,0,0,0,0
370271,0,1,0,0,0,0,0,0,0,0,0,0
370271,1,1,0,0,0,0,0,0,0,0,0,0
370272,1,1,0,0,0,0,0,0,0,0,0,0
370272,2,1,0,0,0,0,0,0,0,0,0,0
370273,1,1,13,21,19,0,0,36,27,2,0,17
370273,2,1,21,21,21,21,21,21,21,21,21,21
370274,1,1,0,0,0,0,0,0,0,0,0,0
370275,1,1,0,0,0,0,0,0,0,0,17,0
370275,2,1,0,0,0,0,0,0,0,0,0,0
370276,0,1,23,23,23,23,23,23,23,23,23,23
370276,1,1,0,6,0,0,0,0,0,0,0,0
370277,1,1,31,31,31,31,31,31,31,31,31,31
370278,1,1,0,0,0,0,0,0,0,0,0,0
370278,2,1,0,0,0,0,0,0,0,0,0,0
370279,1,1,28,28,28,28,28,28,28,28,28,28
370279,2,1,32,0,0,0,0,0,0,0,0,0
370280,1,1,23,23,23,23,23,23,23,23,23,23
370281,1,1,0,0,0,0,0,0,0,0,0,0
370281,2,1,0,10,15,32,0,10,0,35,18,26
370282,0,1,30,30,30,30,30,30,30,30,30,30
370282,1,1,0,14,0,0,0,0,0,0,0,0
370283,1,1,0,0,0,0,0,0,0,0,0,0
370284,0,1,0,0,0,0,0,0,0,0,0,0
370284,1,1,11,0,0,0,0,0,0,0,0,0
370285,0,1,0,0,0,0,0,0,0,0,0,0
370285,1,1,0,33,0,0,0,0,0,0,0,0
370285,2,1,0,0,0,0,0,0,0,0,0,0
370286,1,1,0,0,0,0,0,0,0,0,0,0
370287,0,1,0,6,0,0,19,0,0,25,19,27
370287,1,1,0,22,0,6,0,0,0,11,0,0
370288,1,1,0,0,0,0,0,0,0,0,0,0
370288,2,1,0,0,0,0,0,9,0,0,0,0
370289,1,1,0,0,0,0,0,0,15,0,10,0
370289,2,1,0,0,19,0,19,0,0,0,6,0
370290,1,1,30,6,0,9,0,0,0,0,0,0
370291,1,1,0,0,0,0,0,0,0,0,0,0
370292,1,1,0,0,0,0,0,0,0,0,0,0
370292,2,1,0,0,0,0,0,0,0,0,0,0
370293,1,1,15,15,15,15,15,15,15,15,15,15
370294,1,1,0,0,0,0,0,0,0,0,0,0
370294,2,1,0,0,0,19,0,0,0,0,0,0
370295,1,1,0,0,0,0,0,15,0,0,0,0
370296,1,1,11,11,11,11,11,11,11,11,11,11
370297,0,1,0,0,0,0,0,0,0,0,0,0
370297,1,1,0,0,0,0,0,0,0,0,0,0
370298,1,1,0,0,0,0,0,0,0,0,0,0
370298,2,1,0,0,0,0,0,0,0,0,0,0
370299,1,1,13,0,0,0,0,0,0,0,0,0
370299,2,1,0,0,0,0,0,0,0,0,0,0
370299,3,1,0,0,0,0,0,0,0,0,0,0
370300,1,1,24,24,24,24,24,24,24,24,24,24
370300,2,1,0,0,0,0,15,0,0,0,0,0
370301,0,1,0,0,0,0,0,0,0,0,0,0
370301,1,1,0,0,0,0,0,0,0,0,0,0
370302,1,1,0,0,0,0,0,0,0,0,0,0
370302,2,1,0,0,0,0,0,0,0,0,0,0
370303,1,1,0,0,0,0,0,0,0,0,0,0
370303,2,1,0,0,0,0,0,0,0,25,0,0
370304,1,1,0,0,0,0,0,0,0,0,0,0
370304,2,1,0,0,0,0,0,0,0,0,0,0
370305,0,1,38,19,16,0,0,0,40,22,28,0
370305,1,1,0,0,0,0,0,0,0,0,0,0
370306,0,1,0,0,0,0,0,0,0,0,0,0
370306,1,1,10,20,20,0,0,18,0,9,0,0
370307,0,1,18,18,18,18,18,18,18,18,18,18
370307,1,1,0,0,20,0,0,0,0,0,0,0
370308,0,1,28,28,28,28,28,28,28,28,28,28
370308,1,1,0,0,0,0,0,0,0,0,0,22
370309,1,1,0,0,0,0,0,0,0,0,0,0
370310,0,1,0,0,0,0,0,0,0,0,0,0
370310,1,1,0,0,0,0,0,0,0,0,0,0
370311,1,1,15,15,15,15,15,15,15,15,15,15
370312,1,1,0,4,10,9,11,27,0,13,28,0
370313,1,1,0,0,0,0,0,0,0,0,0,0
370313,2,1,0,0,0,0,0,0,0,0,0,0
370314,1,1,0,0,0,0,0,0,0,0,0,0
370315,1,1,0,0,0,0,0,0,0,0,0,0
370315,2,1,35,0,21,0,0,0,0,0,0,0
370316,1,1,0,0,0,0,0,0,0,0,0,0
370317,1,1,15,15,15,15,15,15,15,15,15,15
370317,2,1,0,0,0,0,0,0,0,0,0,0
370318,1,1,0,0,0,0,0,0,0,0,0,0
370319,0,1,0,0,0,0,0,0,0,0,0,0
370319,1,1,0,0,0,0,7,0,0,0,0,0
370320,1,1,0,0,0,0,0,0,0,0,0,0
370321,1,1,0,7,0,0,0,0,0,0,0,0
370321,2,1,0,0,0,0,0,0,0,0,0,0
370321,3,1,0,0,0,0,0,0,0,0,0,0
370322,1,1,0,0,0,0,0,8,0,0,0,0
370322,2,1,10,0,0,0,0,0,0,0,0,0
370322,3,1,0,0,0,0,0,0,0,0,0,0
370323,1,1,25,25,25,25,25,25,25,25,25,25
370324,1,1,13,13,13,13,13,13,13,13,13,13
370325,1,1,22,22,22,22,22,22,22,22,22,22
370326,1,1,0,0,0,0,0,0,0,0,0,0
370327,1,1,0,0,0,0,0,0,0,0,0,0
370327,2,1,0,0,0,0,0,0,0,0,0,0
370328,1,1,34,34,34,34,34,34,34,34,34,34
370329,1,1,14,14,14,14,14,14,14,14,14,14
370329,2,1,0,0,0,0,0,0,0,0,0,0
370330,1,1,0,0,0,0,0,0,0,0,0,0
370331,1,1,6,6,6,6,6,6,6,6,6,6
370331,2,1,0,0,0,0,0,0,0,0,0,0
370332,1,1,0,0,0,0,0,0,0,0,0,0
370333,1,1,18,18,18,18,18,18,18,18,18,18
370334,1,1,0,0,0,23,16,0,0,0,0,19
370334,2,1,9,5,13,12,9,0,28,15,19,21
370335,0,1,24,24,24,24,24,24,24,24,24,24
370335,1,1,0,0,0,0,0,0,0,0,0,0
370336,1,1,0,0,0,0,0,0,0,0,13,0
370337,1,1,0,0,0,0,0,0,0,0,0,0
370338,1,1,0,0,0,0,0,0,0,0,0,0
370339,1,1,18,18,18,18,18,18,18,18,18,18
370340,1,1,0,0,0,0,0,0,0,0,0,0
370340,2,1,0,0,0,0,0,0,0,0,0,0
370341,1,1,0,0,0,0,0,0,0,0,0,0
370341,2,1,0,0,0,0,7,0,0,0,0,0
370342,1,1,0,0,0,0,0,0,0,0,0,0
370342,2,1,0,0,0,0,0,0,0,0,0,11
370343,1,1,23,23,23,23,23,23,23,23,23,23
370344,1,1,0,0,0,16,0,0,0,0,0,21
370345,1,1,0,0,0,0,0,0,0,0,0,0
370345,2,1,0,0,0,0,11,0,22,0,0,0
370346,1,1,10,10,10,10,10,10,10,10,10,10
370347,1,1,30,0,0,16,0,0,16,11,0,40
370347,2,1,36,0,0,0,0,0,0,8,0,0
370348,1,1,0,0,0,0,0,0,0,0,0,0
370349,0,1,0,0,0,0,0,0,0,0,0,0
370349,1,1,0,0,0,0,0,0,0,0,0,0
370350,0,1,0,26,0,0,0,0,0,21,0,0
370350,0,2,0,0,0,0,0,0,0,0,0,0
370350,1,1,0,0,0,0,0,26,0,0,0,0
370351,0,1,19,19,19,19,19,19,19,19,19,19
370352,1,1,11,11,11,11,11,11,11,11,11,11
370353,1,1,0,0,0,0,0,0,0,0,0,0
370353,2,1,0,0,0,0,0,0,0,0,0,0
370354,1,1,0,6,0,0,0,0,0,0,0,0
370354,2,1,0,0,0,0,0,0,0,0,0,0
370355,1,1,0,0,0,0,0,0,0,0,0,0
370356,1,1,15,15,15,15,15,15,15,15,15,15
370357,1,1,0,0,0,0,0,0,0,0,0,0
370357,2,1,19,19,19,19,19,19,19,19,19,19
370358,1,1,16,16,16,16,16,16,16,16,16,16
370359,1,1,25,25,25,25,25,25,25,25,25,25
370360,1,1,0,0,0,0,0,0,0,0,0,0
370360,2,1,0,0,0,0,0,0,0,0,0,0
370360,3,1,0,0,0,0,0,0,0,0,0,0
370360,4,1,0,0,0,0,0,14,0,0,0,0
370361,1,1,0,0,0,0,0,0,0,0,0,0
370362,1,1,0,0,0,0,0,10,0,0,0,0
370362,2,1,0,0,0,0,0,0,0,0,0,0
370363,1,1,0,0,0,0,0,0,0,0,0,0
370363,2,1,0,0,0,0,0,0,0,0,0,0
370364,1,1,25,25,25,25,25,25,25,25,25,25
370365,1,1,9,9,12,14,0,33,20,17,14,9
370365,2,1,0,0,0,0,28,0,0,0,0,0
370366,1,1,0,0,0,0,0,0,0,0,0,0
370366,2,1,25,0,0,0,0,0,0,0,0,0
370367,1,1,0,7,9,12,20,0,19,0,0,0
370368,0,1,0,0,0,0,0,0,0,0,0,0
370368,1,1,0,0,0,0,0,0,0,0,0,0
370369,1,1,0,0,0,0,0,0,0,0,0,0
370369,2,1,0,0,18,0,0,0,0,0,0,0
370370,1,1,0,0,0,0,0,0,0,0,0,0
370370,2,1,0,0,0,0,0,0,0,0,0,0
370371,1,1,0,0,0,0,0,0,0,0,0,0
370372,1,1,0,0,0,0,0,0,0,0,0,0
370372,2,1,0,0,0,0,0,0,0,0,0,0
370373,1,1,0,0,0,0,0,0,0,0,0,0
370373,2,1,0,0,0,0,0,0,0,0,0,0
370373,3,1,0,0,0,0,0,0,0,0,0,0
370373,4,1,0,0,0,0,0,0,0,0,10,0
370374,1,1,0,0,0,0,0,22,0,0,0,0
370374,2,1,0,0,0,0,0,0,0,0,0,0
370375,1,1,0,0,0,0,0,0,0,0,0,0
370375,2,1,0,0,0,0,0,0,0,0,0,0
370376,1,1,0,0,0,0,0,0,0,0,0,0
370376,2,1,0,0,0,16,0,0,0,0,0,0
370377,1,1,0,0,0,0,0,0,0,0,0,0
370377,2,1,18,0,0,0,0,0,0,0,0,0
370378,1,1,0,0,0,0,0,0,0,0,0,0
370378,2,1,0,0,0,0,0,0,0,0,0,0
370379,1,1,0,0,0,0,0,0,0,0,0,0
370379,2,1,0,0,0,0,0,0,0,0,0,0
370380,1,1,0,0,0,0,0,0,0,0,0,0
370380,2,1,0,0,8,0,0,0,0,0,0,0
370381,1,1,15,15,15,15,15,15,15,15,15,15
370382,1,1,0,0,0,0,0,0,0,21,0,0
370383,1,1,16,0,0,34,0,0,42,0,0,17
370383,2,1,0,0,0,0,0,0,0,0,0,0
370384,1,1,0,0,0,0,0,0,0,0,0,0
370385,1,1,0,0,0,0,0,0,0,0,0,0
370386,1,1,30,30,30,30,30,30,30,30,30,30
370386,2,1,0,0,0,0,0,0,0,0,0,0
370387,1,1,28,0,0,0,0,0,0,0,0,0
370388,1,1,0,0,0,0,0,0,0,0,0,0
370389,0,1,0,0,0,0,0,0,0,0,0,0
370389,0,2,0,0,0,0,0,0,0,0,0,0
370389,1,1,0,0,0,0,0,0,30,0,0,0
370390,1,1,24,0,0,0,0,0,0,0,0,0
370390,2,1,0,0,0,0,0,0,0,0,0,0
370391,1,1,22,22,22,22,22,22,22,22,22,22
370393,1,1,0,0,0,0,0,0,0,0,0,0
370393,2,1,0,0,0,0,0,0,0,0,0,0
370394,1,1,0,0,0,0,0,0,0,0,0,0
370394,2,1,0,0,0,0,0,0,0,0,0,0
370394,3,1,0,0,18,0,0,0,0,0,0,0
370395,1,1,10,10,10,10,10,10,10,10,10,10
370395,2,1,11,11,11,11,11,11,11,11,11,11
370396,1,1,0,15,0,0,0,0,0,0,0,6
370397,1,1,10,10,10,10,10,10,10,10,10,10
370398,1,1,17,16,37,17,20,26,13,9,17,9
370399,1,1,19,11,18,18,4,8,12,14,27,4
370400,1,1,32,32,32,32,32,32,32,32,32,32
370400,2,1,19,14,3,11,13,15,13,3,12,18
370400,3,1,0,0,0,0,0,0,0,0,0,0
370401,1,1,15,15,15,15,15,15,15,15,15,15
370402,1,1,16,16,16,16,16,16,16,16,16,16
370403,1,1,0,0,0,0,0,0,2,0,0,0
370403,2,1,0,0,0,0,0,0,0,0,0,0