ST_CASE,VEH_NO,PER_NO,P1,P2,P3,P4,P5,P6,P7,P8,P9,P10
370404,1,1,0,0,0,0,0,0,0,0,0,0
370404,2,1,0,0,0,0,0,0,0,0,0,0
370405,1,1,24,24,24,24,24,24,24,24,24,24
370406,1,1,0,0,0,0,0,0,0,0,0,0
370407,1,1,0,0,0,0,0,0,0,0,0,0
370407,2,1,20,20,20,20,20,20,20,20,20,20
370408,1,1,0,27,22,24,17,17,17,14,4,13
370409,1,1,0,0,0,0,0,0,0,0,0,0
370409,2,1,0,0,0,0,0,0,0,0,0,0
370410,1,1,0,0,0,0,0,0,0,0,0,0
370410,2,1,0,0,0,0,0,0,0,0,0,0
370411,0,1,12,12,12,12,12,12,12,12,12,12
370411,1,1,0,0,0,9,0,8,0,0,0,0
370412,1,1,9,9,9,9,9,9,9,9,9,9
370413,1,1,11,11,11,11,11,11,11,11,11,11
370414,1,1,13,13,13,13,13,13,13,13,13,13
370415,1,1,18,18,18,18,18,18,18,18,18,18
370416,1,1,0,7,0,0,0,0,0,0,0,0
370416,2,1,0,0,0,0,0,0,0,0,0,0
370417,0,1,0,0,0,0,0,0,0,0,0,0
370417,1,1,0,0,0,0,0,0,0,0,0,0
370418,1,1,0,0,0,0,0,0,0,0,0,0
370418,2,1,12,0,0,0,9,9,0,0,0,0
370419,1,1,0,0,0,0,0,0,0,0,0,0
370419,2,1,0,0,0,0,0,0,0,0,0,0
370420,1,1,0,0,0,0,0,0,0,0,0,0
370421,1,1,0,0,0,0,0,0,0,0,0,0
370421,2,1,0,0,0,0,0,0,0,0,0,0
370422,0,1,0,0,0,0,0,0,0,0,0,0
370422,1,1,0,0,0,0,0,0,0,0,0,0
370423,0,1,26,26,26,26,26,26,26,26,26,26
370423,1,1,18,0,16,0,0,0,0,5,0,0
370424,1,1,0,0,0,0,0,0,0,0,0,0
370424,2,1,0,0,0,0,0,0,0,0,0,0
370424,3,1,0,0,0,0,0,0,0,0,0,0
370425,1,1,0,0,0,0,0,0,0,0,0,0
370427,1,1,0,0,0,0,0,0,0,0,0,0
370427,2,1,0,0,0,0,0,0,0,0,0,0
370427,3,1,0,0,0,0,19,0,0,0,0,0
370427,4,1,0,0,0,0,0,0,0,0,27,0
370427,5,1,0,0,0,0,0,0,0,0,0,0
370428,1,1,21,21,21,21,21,21,21,21,21,21
370429,1,1,0,0,0,0,0,0,0,0,0,0
370429,2,1,7,0,0,0,0,0,0,0,0,0
370430,1,1,23,11,0,22,0,13,19,0,0,0
370431,1,1,0,0,0,0,11,0,0,0,0,0
370431,2,1,0,0,0,0,0,0,0,0,0,0
370432,0,1,0,0,0,0,0,0,0,0,0,0
370432,1,1,0,5,0,0,32,0,0,17,0,0
370433,1,1,8,0,7,0,20,0,0,0,23,0
370433,2,1,20,20,20,20,20,20,20,20,20,20
370434,1,1,0,0,0,0,0,0,0,0,0,0
370435,0,1,16,16,16,16,16,16,16,16,16,16
370435,1,1,16,16,16,16,16,16,16,16,16,16
370436,1,1,0,0,0,0,0,0,0,0,0,0
370436,2,1,0,0,0,0,0,0,0,0,0,0
370437,1,1,0,0,0,0,0,0,0,0,0,0
370437,2,1,0,0,0,0,0,0,0,0,0,0
370438,1,1,20,20,20,20,20,20,20,20,20,20
370439,1,1,0,0,0,0,0,0,0,0,0,0
370440,1,1,0,0,0,0,0,0,0,0,0,0
370440,2,1,26,0,0,0,0,0,0,0,0,0
370441,1,1,0,0,0,0,0,0,0,0,0,0
370441,2,1,0,0,0,0,0,0,0,0,0,0
370442,1,1,0,0,0,0,0,0,0,0,0,0
370442,2,1,0,0,0,0,18,0,0,0,0,0
370443,1,1,24,24,24,24,24,24,24,24,24,24
370443,2,1,0,0,0,0,0,0,0,0,0,0
370444,1,1,0,0,0,0,0,0,0,0,0,0
370445,1,1,0,0,0,0,0,0,0,0,0,0
370446,1,1,0,0,0,0,0,0,0,0,0,0
370446,2,1,3,3,3,3,3,3,3,3,3,3
370447,0,1,32,32,32,32,32,32,32,32,32,32
370447,1,1,0,0,0,0,0,0,0,0,15,12
370448,1,1,0,0,0,0,0,0,0,0,0,0
370448,2,1,7,0,0,0,0,0,0,0,0,0
370449,1,1,0,0,8,0,0,0,0,0,0,7
370449,2,1,0,0,0,0,0,0,0,0,0,0
370450,1,1,2,2,2,2,2,2,2,2,2,2
370450,2,1,0,0,0,0,0,0,0,0,0,0
370451,1,1,0,0,0,0,0,0,0,0,0,0
370452,1,1,0,0,0,0,0,0,0,0,0,0
370453,1,1,0,0,0,0,0,0,0,0,0,0
370453,2,1,0,0,0,0,0,0,0,0,0,0
370453,3,1,0,0,0,0,0,0,0,0,14,0
370454,1,1,0,0,0,0,0,0,0,0,0,0
370454,2,1,0,0,0,0,0,0,0,0,0,0
370455,1,1,0,0,0,0,0,0,0,0,0,0
370455,2,1,0,0,0,0,0,0,0,0,0,0
370456,1,1,0,0,0,0,0,0,0,0,0,0
370456,2,1,0,0,0,24,0,8,0,0,0,0
370457,1,1,0,0,0,0,0,16,0,0,0,0
370458,1,1,0,0,0,0,0,0,0,0,0,0
370458,2,1,0,0,0,0,0,0,0,0,0,0
370459,1,1,29,29,29,29,29,29,29,29,29,29
370460,1,1,0,0,0,0,0,0,0,0,0,0
370460,2,1,0,0,0,0,0,0,0,0,0,0
370460,3,1,0,0,0,0,20,0,0,0,0,0
370460,4,1,0,0,0,0,0,0,0,0,0,0
370462,1,1,0,8,0,0,0,0,0,0,0,0
370462,2,1,0,0,0,0,0,0,0,0,0,0
370462,3,1,0,0,0,0,0,0,0,0,0,0
370462,4,1,0,0,0,0,0,0,0,0,0,0
370463,1,1,22,22,22,22,22,22,22,22,22,22
370464,0,1,0,0,0,0,0,0,0,0,0,0
370464,1,1,0,0,0,0,0,0,0,0,0,0
370465,0,1,8,0,8,0,0,6,38,57,20,21
370465,1,1,0,0,0,0,0,0,0,0,0,0
370466,2,1,0,0,0,0,0,0,0,0,0,0
370467,0,1,13,13,13,13,13,13,13,13,13,13
370467,1,1,0,0,0,0,0,0,0,0,7,0
370468,1,1,17,17,17,17,17,17,17,17,17,17
370468,2,1,0,0,0,0,0,0,0,0,0,0
370469,1,1,22,22,22,22,22,22,22,22,22,22
370469,2,1,0,0,0,0,0,0,0,16,0,11
370470,1,1,0,0,0,0,0,0,0,0,0,0
370470,2,1,0,0,0,0,0,0,0,0,0,0
370471,1,1,0,0,0,0,0,0,0,0,0,0
370472,1,1,0,0,0,0,0,0,0,0,0,0
370472,2,1,0,0,0,0,0,0,0,0,0,16
370473,1,1,0,0,0,13,0,7,0,0,0,0
370473,2,1,0,0,0,0,0,0,0,0,0,0
370474,0,1,0,0,0,0,0,0,0,0,0,0
370474,1,1,6,6,6,6,6,6,6,6,6,6
370475,0,1,0,0,0,0,0,0,0,0,0,0
370475,1,1,0,0,0,0,0,0,0,0,0,0
370476,1,1,28,28,28,28,28,28,28,28,28,28
370477,1,1,0,0,0,0,0,0,0,0,0,0
370477,2,1,0,0,0,0,0,0,0,0,0,0
370478,1,1,0,0,0,0,0,0,0,0,0,0
370479,1,1,0,0,0,0,0,0,0,0,0,0
370479,2,1,0,0,0,0,0,0,0,0,0,0
370480,1,1,0,0,0,0,0,0,0,0,0,0
370480,2,1,0,0,0,0,0,0,0,0,0,0
370481,1,1,0,0,0,0,0,0,0,0,0,0
370482,1,1,0,0,0,0,0,0,0,0,0,0
370482,2,1,0,0,0,0,0,0,0,0,0,0
370483,1,1,22,22,22,22,22,22,22,22,22,22
370484,0,1,0,0,0,0,0,0,0,0,0,0
370484,1,1,4,0,0,0,0,23,0,0,0,0
370485,1,1,0,0,0,0,0,0,0,0,0,0
370486,1,1,0,0,0,0,0,0,0,0,0,0
370486,2,1,0,0,0,0,0,0,0,0,0,0
370486,3,1,0,0,0,0,0,0,0,0,0,0
370486,4,1,0,0,0,0,0,0,0,0,0,0
370486,5,1,0,0,0,0,0,0,0,0,0,0
370486,6,1,0,0,0,0,0,0,0,0,0,0
370487,1,1,0,10,0,3,0,15,0,0,0,0
370488,0,1,0,0,0,0,0,0,0,0,0,0
370488,1,1,0,0,0,0,0,0,0,0,0,0
370489,0,1,0,0,0,0,0,0,0,0,0,0
370489,1,1,13,0,0,22,0,0,0,0,0,0
370490,1,1,13,13,13,13,13,13,13,13,13,13
370491,1,1,0,0,0,0,0,0,0,0,0,0
370491,2,1,0,0,0,0,0,0,0,0,0,0
370491,3,1,0,0,0,0,0,0,0,0,0,0
370492,1,1,0,0,0,0,0,0,0,0,0,0
370492,2,1,0,0,0,0,0,0,0,0,0,0
370492,3,1,0,0,0,0,0,0,0,0,0,0
370493,1,1,0,0,23,0,0,0,0,0,22,25
370494,1,1,0,0,0,0,0,0,0,0,0,0
370495,1,1,0,0,0,0,0,0,0,0,0,0
370495,2,1,0,0,0,11,0,0,0,0,0,0
370496,1,1,22,0,0,0,0,28,13,0,0,0
370497,0,1,6,6,6,6,6,6,6,6,6,6
370497,1,1,0,0,0,0,0,0,0,0,0,0
370498,1,1,26,37,16,18,24,10,13,13,42,17
370499,1,1,21,0,21,0,0,13,0,0,22,0
370500,1,1,25,25,25,25,25,25,25,25,25,25
370501,1,1,0,0,0,0,0,0,0,0,0,0
370501,2,1,2,2,2,2,2,2,2,2,2,2
370502,1,1,0,0,18,0,0,0,0,0,0,8
370503,1,1,4,4,4,4,4,4,4,4,4,4
370504,1,1,0,0,0,0,0,0,0,0,0,0
370505,0,1,0,0,0,0,0,0,0,0,0,0
370505,1,1,0,0,0,0,0,0,0,0,0,0
370506,0,1,0,0,0,0,0,15,0,0,0,0
370506,1,1,0,0,0,0,5,0,0,0,0,0
370507,1,1,0,11,0,0,0,0,0,0,0,0
370508,1,1,0,0,0,0,0,0,0,0,0,0
370508,2,1,0,0,0,0,0,0,0,0,0,0
370509,1,1,0,0,34,0,10,17,0,0,0,0
370510,1,1,0,0,0,0,0,0,0,0,0,0
370511,1,1,0,0,0,0,0,0,0,0,0,0
370511,2,1,0,0,0,0,0,0,0,0,0,0
370512,1,1,0,0,0,0,0,0,0,0,0,0
370512,2,1,0,0,0,0,0,0,0,0,0,0
370513,1,1,0,0,0,0,0,0,0,0,0,0
370514,1,1,0,0,0,0,0,0,0,0,0,0
370514,2,1,0,0,0,0,0,0,0,0,0,0
370515,1,1,0,0,0,0,0,0,0,0,0,0
370516,1,1,11,11,11,11,11,11,11,11,11,11
370517,1,1,0,0,0,0,0,0,0,0,0,0
370518,1,1,8,8,8,8,8,8,8,8,8,8
370518,2,1,0,0,7,0,0,14,0,0,0,0
370519,0,1,0,0,0,0,0,0,0,0,0,0
370519,1,1,0,0,0,0,0,0,0,0,0,0
370520,1,1,13,13,13,13,13,13,13,13,13,13
370520,2,1,5,0,0,0,0,4,0,0,0,0
370520,3,1,0,13,0,0,0,0,0,0,0,0
370523,0,1,0,0,0,21,0,0,0,0,27,0
370523,1,1,0,0,0,0,0,0,0,0,0,0
370524,1,1,0,0,0,0,0,0,0,0,0,0
370525,1,1,0,0,0,0,0,0,0,0,0,0
370526,1,1,0,0,0,0,0,0,0,0,0,0
370526,2,1,0,0,0,0,0,0,13,0,0,0
370527,1,1,0,0,0,0,0,0,0,0,0,0
370528,1,1,0,0,0,0,0,0,0,0,0,0
370529,1,1,0,0,0,0,0,0,0,0,0,0
370530,1,1,0,0,0,0,0,0,0,0,0,0
370530,2,1,0,0,0,0,0,0,0,0,0,0
370531,1,1,0,0,0,0,0,0,0,0,0,0
370531,2,1,0,0,0,0,0,0,0,0,0,0
370532,1,1,0,0,0,0,0,0,0,0,0,0
370532,2,1,0,0,0,0,0,0,0,0,0,0
370533,1,1,20,20,20,20,20,20,20,20,20,20
370534,1,1,0,0,0,0,0,0,0,0,0,0
370534,2,1,0,0,0,0,0,0,0,0,0,0
370535,1,1,0,0,0,0,0,0,0,0,0,0
370535,2,1,0,0,0,0,0,0,0,0,0,0
370535,3,1,0,0,0,0,0,0,0,0,0,0
370536,1,1,21,30,10,30,20,21,26,15,0,4
370536,2,1,0,0,0,0,0,0,0,0,0,0
370537,1,1,0,0,0,0,0,0,0,0,0,0
370537,2,1,0,0,0,0,0,0,0,0,0,0
370538,1,1,0,16,0,0,16,0,0,0,0,0
370538,2,1,0,0,0,0,0,0,0,0,0,0
370539,1,1,0,28,0,0,0,0,0,41,20,0
370540,1,1,10,10,10,10,10,10,10,10,10,10
370541,1,1,0,0,0,0,0,0,0,0,13,0
370541,2,1,0,0,0,0,0,0,0,0,0,0
370542,1,1,0,0,0,0,0,0,0,0,0,0
370543,1,1,0,0,0,0,0,0,0,0,0,0
370544,1,1,26,0,0,15,0,0,0,16,13,10
370545,1,1,0,0,0,0,0,0,0,0,0,0
370545,2,1,0,0,0,0,0,0,0,0,0,0
370545,3,1,0,0,0,0,0,0,0,0,0,0
370546,0,1,0,0,0,33,0,0,0,12,0,0
370546,1,1,0,0,8,0,0,0,0,0,0,0
370547,1,1,11,11,11,11,11,11,11,11,11,11
370547,2,1,0,0,0,0,0,0,0,0,0,0
370548,1,1,0,0,0,0,0,0,0,0,0,0
370548,2,1,0,0,0,0,0,0,0,0,0,0
370549,1,1,0,0,0,0,0,0,0,0,0,0
370550,1,1,0,0,0,0,0,0,0,0,0,0
370551,1,1,0,0,0,0,0,0,0,0,0,0
370552,1,1,0,0,0,0,0,0,0,0,0,0
370552,2,1,0,0,0,0,0,0,0,0,0,0
370553,1,1,25,0,16,30,0,0,0,0,0,0
370553,2,1,0,0,0,0,0,0,0,19,0,0
370554,1,1,0,0,0,0,0,0,0,0,0,0
370555,1,1,17,17,17,17,17,17,17,17,17,17
370556,0,1,0,0,0,0,0,0,0,0,0,0
370556,2,1,0,0,0,0,0,0,0,0,0,0
370557,1,1,0,0,0,0,0,0,0,0,0,0
370558,1,1,0,0,0,0,17,24,0,0,0,27
370558,2,1,12,0,0,0,0,0,0,0,0,0
370559,1,1,0,0,0,0,0,0,0,0,0,0
370560,0,1,17,17,17,17,17,17,17,17,17,17
370560,1,1,32,0,0,0,0,0,0,0,0,0
370561,0,1,24,24,24,24,24,24,24,24,24,24
370561,1,1,4,4,4,4,4,4,4,4,4,4
370562,1,1,0,0,0,0,0,0,0,0,0,0
370562,2,1,0,0,0,0,0,0,0,0,0,0
370563,1,1,0,0,0,0,0,0,0,0,0,0
370564,1,1,0,0,27,3,0,0,0,6,0,0
370565,1,1,0,0,0,0,0,0,0,0,0,0
370566,1,1,15,15,15,15,15,15,15,15,15,15
370567,1,1,0,0,0,0,0,0,0,0,0,0
370568,1,1,0,0,0,0,0,0,0,0,0,0
370568,2,1,0,0,0,0,0,0,0,0,0,0
370569,1,1,0,0,0,0,0,0,0,0,0,0
370569,2,1,0,0,0,0,0,0,0,0,0,0
370570,1,1,0,0,0,0,0,0,0,0,0,0
370570,2,1,4,0,0,0,0,0,0,0,0,0
370571,1,1,0,0,0,0,0,0,0,0,0,0
370571,2,1,0,0,0,0,0,0,0,0,0,0
370572,1,1,16,16,16,16,16,16,16,16,16,16
370573,0,1,17,17,17,17,17,17,17,17,17,17
370573,1,1,0,0,0,0,0,0,0,0,0,0
370574,0,1,3,3,3,3,3,3,3,3,3,3
370574,1,1,0,0,0,0,42,0,0,0,0,0
370575,1,1,0,0,0,21,0,0,22,0,0,0
370575,2,1,0,0,0,0,0,0,0,0,0,0
370576,1,1,0,0,0,0,0,0,0,0,0,0
370577,1,1,0,0,0,0,0,0,0,0,0,0
370578,2,1,0,0,0,0,0,0,0,0,0,0
370579,1,1,0,0,0,0,0,0,0,0,0,0
370579,2,1,0,0,0,0,0,0,0,16,0,0
370580,0,1,3,14,10,7,7,16,23,14,15,29
370580,1,1,0,0,0,0,0,0,0,0,0,0
370581,1,1,18,18,18,18,18,18,18,18,18,18
370581,2,1,0,0,0,0,0,0,0,0,0,0
370582,1,1,0,0,0,0,0,0,0,0,0,0
370582,2,1,0,0,0,0,0,0,0,0,0,0
370583,1,1,20,20,20,20,20,20,20,20,20,20
370584,1,1,0,0,0,0,0,0,0,0,0,0
370584,2,1,0,0,0,0,0,0,0,0,0,0
370585,1,1,0,0,0,0,0,0,0,0,0,0
370585,2,1,0,0,0,0,0,0,0,0,0,0
370586,1,1,0,0,0,0,0,0,22,0,0,0
370587,1,1,12,12,12,12,12,12,12,12,12,12
370588,1,1,20,20,20,20,20,20,20,20,20,20
370588,2,1,0,0,0,0,0,0,0,0,0,0
370588,3,1,10,0,0,0,0,0,0,10,0,0
370588,4,1,0,0,0,0,0,0,0,0,0,0
370589,1,1,0,0,0,0,0,0,0,0,0,0
370589,2,1,0,0,0,0,0,0,0,0,0,0
370590,1,1,0,0,0,0,0,0,0,0,0,0
370591,1,1,0,0,0,0,0,0,0,0,0,0
370591,2,1,0,0,0,0,0,0,0,0,0,0
370591,3,1,0,0,0,0,0,0,0,0,0,0
370591,4,1,0,0,0,5,0,0,9,0,0,0
370592,1,1,5,5,5,5,5,5,5,5,5,5
370593,1,1,21,0,0,0,0,0,0,0,0,0
370593,2,1,0,0,0,0,0,0,0,0,0,0
370593,3,1,0,0,0,0,0,0,0,0,0,0
370594,1,1,0,0,0,0,0,0,0,0,0,0
370594,2,1,0,0,0,0,0,0,0,0,0,0
370595,1,1,0,0,0,0,0,0,0,0,0,0
370595,2,1,0,0,0,0,0,0,0,0,0,0
370596,1,1,5,27,30,8,9,22,8,11,17,14
370596,2,1,0,0,0,0,0,0,0,0,0,0
370597,1,1,0,34,0,0,0,0,0,0,0,0
370597,2,1,0,0,20,0,0,0,0,0,0,0
370598,0,1,0,0,0,0,15,10,0,0,0,0
370598,0,2,0,0,0,0,0,0,0,0,0,0
370598,1,1,0,0,0,0,0,0,0,0,0,0
370599,0,1,0,0,0,0,0,0,0,0,0,0
370599,1,1,0,16,12,17,0,0,0,0,10,9
370600,1,1,0,0,0,0,0,0,0,0,0,0
370600,2,1,0,0,0,0,0,0,0,0,0,0
370601,0,1,32,32,32,32,32,32,32,32,32,32
370601,1,1,0,0,0,0,7,0,0,0,34,0
370602,1,1,0,0,0,0,0,0,0,0,0,0
370602,2,1,0,0,0,0,0,0,0,0,0,0
370603,1,1,0,0,0,17,15,11,0,0,0,0
370603,2,1,0,0,0,0,0,0,0,0,0,0
370604,1,1,22,22,22,22,22,22,22,22,22,22
370605,0,1,20,20,20,20,20,20,20,20,20,20
370605,1,1,0,11,8,0,15,4,7,14,39,6
370606,1,1,13,13,13,13,13,13,13,13,13,13
370607,1,1,0,0,0,0,0,0,0,0,0,0
370608,0,1,0,0,0,0,0,0,0,0,0,0
370608,1,1,0,0,0,24,0,0,0,0,0,0
370609,0,1,0,0,0,0,0,0,4,0,0,0
370609,2,1,0,0,0,0,0,0,0,0,0,0
370610,1,1,7,7,7,7,7,7,7,7,7,7
370610,2,1,0,0,0,0,0,0,0,0,0,0
370611,1,1,15,15,15,15,15,15,15,15,15,15
370611,2,1,0,0,0,0,0,0,0,0,0,0
370612,1,1,0,0,0,0,0,0,0,0,0,0
370613,0,1,0,0,0,0,0,0,0,0,0,0
370613,1,1,24,12,12,16,12,18,9,30,14,5
370614,1,1,0,12,21,0,0,0,0,0,0,0
370614,2,1,9,0,0,0,0,0,0,0,0,0
370615,1,1,28,28,28,28,28,28,28,28,28,28
370616,1,1,0,0,0,0,0,0,0,0,0,0
370616,2,1,0,0,0,17,0,0,0,0,0,0
370617,1,1,0,0,0,35,22,0,0,19,5,12
370618,1,1,0,0,19,0,0,0,0,0,11,0
370618,2,1,0,0,0,0,0,0,0,0,0,0
370619,1,1,0,0,0,10,0,0,0,0,0,0
370620,1,1,0,0,0,0,0,0,0,0,0,0
370621,1,1,0,0,0,0,0,0,0,0,0,0
370621,2,1,0,0,0,0,0,0,0,0,0,0
370622,1,1,0,0,0,0,0,0,0,0,0,0
370622,2,1,0,0,0,0,0,0,0,0,0,0
370623,1,1,16,16,16,16,16,16,16,16,16,16
370624,1,1,0,0,0,0,0,0,0,0,0,0
370625,1,1,0,0,0,0,0,0,11,0,0,0
370626,1,1,0,0,0,0,0,0,0,0,0,0
370627,0,1,32,32,32,32,32,32,32,32,32,32
370627,1,1,37,26,0,22,27,0,25,7,0,0
370628,1,1,42,0,0,0,0,0,10,0,0,21
370629,1,1,0,0,0,0,0,0,0,0,0,0
370629,2,1,0,0,0,0,0,0,0,0,0,0
370629,3,1,0,0,0,0,0,0,0,0,0,0
370630,0,1,6,6,6,6,6,6,6,6,6,6
370630,1,1,0,0,0,0,0,0,0,0,0,12
370631,1,1,8,0,4,14,24,33,7,19,16,30
370631,2,1,0,0,0,0,0,0,0,0,0,0
370632,1,1,10,10,10,10,10,10,10,10,10,10
370633,1,1,4,17,16,0,15,0,20,0,24,0
370634,1,1,0,0,0,0,0,0,0,0,0,0
370634,2,1,0,0,0,0,0,0,0,0,0,0
370635,1,1,0,15,0,0,0,0,0,0,0,0
370635,2,1,0,0,0,0,0,0,0,0,0,0
370636,1,1,0,0,0,0,0,23,0,0,0,9
370637,1,1,0,0,0,0,0,0,0,0,0,0
370638,1,1,0,0,0,0,0,0,0,0,0,0
370639,1,1,0,0,0,0,0,0,0,0,0,0
370640,1,1,0,0,0,0,0,0,0,0,0,0
370641,1,1,14,14,14,14,14,14,14,14,14,14
370641,2,1,0,0,0,0,0,0,0,0,0,0
370642,1,1,0,0,0,0,0,0,0,0,0,0
370643,1,1,21,9,4,10,12,14,12,18,26,7
370643,2,1,0,0,0,0,0,0,0,0,0,0
370644,1,1,0,0,0,0,0,0,0,0,0,0
370645,0,1,0,0,0,0,0,0,0,0,0,0
370645,1,1,14,0,0,0,0,0,0,16,0,0
370646,1,1,0,0,0,0,0,0,0,0,0,0
370647,1,1,0,0,0,0,0,0,10,0,0,0
370648,1,1,13,13,13,13,13,13,13,13,13,13
370648,2,1,0,32,0,0,0,0,0,0,0,0
370649,1,1,0,0,0,0,0,0,0,0,0,0
370649,2,1,0,0,0,0,0,0,0,0,0,0
370650,1,1,0,0,0,0,0,0,0,0,0,0
370651,0,1,17,17,17,17,17,17,17,17,17,17
370651,1,1,0,0,0,0,0,0,0,0,0,0
370652,0,1,0,0,0,0,0,0,0,0,0,0
370652,1,1,0,17,0,0,0,0,0,0,0,0
370653,1,1,0,0,0,0,0,0,0,0,0,0
370654,1,1,0,0,0,0,0,0,0,0,0,0
370654,2,1,19,19,19,19,19,19,19,19,19,19
370655,1,1,0,0,0,0,0,0,0,0,0,0
370656,1,1,26,21,11,4,2,19,28,14,2,5
370656,2,1,14,14,14,14,14,14,14,14,14,14
370657,0,1,15,15,15,15,15,15,15,15,15,15
370657,1,1,0,0,0,14,0,13,0,0,0,0
370658,1,1,26,26,26,26,26,26,26,26,26,26
370658,2,1,0,0,0,0,0,0,0,0,0,0
370659,1,1,0,0,0,0,0,0,0,0,0,0
370660,1,1,0,0,0,0,0,0,0,0,0,0
370660,2,1,0,0,0,0,0,0,0,26,0,14
370661,1,1,0,0,0,0,0,0,0,6,0,0
370661,2,1,0,0,0,0,0,0,0,0,0,0
370662,1,1,0,0,0,0,0,0,0,0,0,0
370663,0,1,0,0,0,0,0,26,14,0,18,0
370663,1,1,0,0,0,0,0,0,0,0,0,18
370664,1,1,0,0,0,0,0,20,0,0,0,0
370664,2,1,0,0,0,0,0,0,0,0,0,0
370664,3,1,0,0,0,0,0,23,0,0,0,0
370665,1,1,0,0,0,0,0,0,0,0,0,0
370665,2,1,0,0,0,0,0,0,0,0,0,0
370666,1,1,12,12,12,12,12,12,12,12,12,12
370667,1,1,0,0,0,0,0,0,0,0,0,0
370667,2,1,0,0,0,0,0,0,0,0,0,0
370667,3,1,0,0,0,0,0,0,0,0,0,0
370668,1,1,31,4,10,5,0,18,0,0,16,0
370668,2,1,0,0,0,0,0,0,0,0,0,0
370668,3,1,0,0,0,0,0,0,0,0,0,0
370669,1,1,0,0,0,0,0,0,0,0,0,0
370670,1,1,0,0,0,0,0,0,0,0,0,0
370671,0,1,0,0,0,0,0,0,0,0,0,0
370671,1,1,0,0,0,0,0,0,0,0,0,33
370672,0,1,0,0,0,0,0,0,0,0,0,0
370672,1,1,16,0,0,9,0,0,0,7,24,0
370673,1,1,8,0,0,0,0,0,0,0,0,0
370674,1,1,0,0,0,0,0,0,0,0,0,0
370675,1,1,8,23,26,12,14,13,5,38,10,22
370676,1,1,7,13,0,16,33,23,30,14,26,17
370677,1,1,0,0,0,0,0,0,0,0,0,0
370677,2,1,0,0,0,0,0,0,0,0,0,0
370678,1,1,0,0,0,0,0,0,0,0,0,0
370678,2,1,0,0,0,0,0,0,11,0,34,0
370679,0,1,0,0,0,0,0,0,0,0,0,0
370679,1,1,0,0,0,0,0,0,0,0,0,0
370680,0,1,21,23,28,0,16,0,0,0,3,32
370680,1,1,0,0,0,16,0,16,10,0,18,0
370681,1,1,0,0,0,0,0,0,0,0,0,0
370681,2,1,0,0,0,0,0,0,0,0,0,0
370682,1,1,4,4,4,4,4,4,4,4,4,4
370683,1,1,12,17,11,23,0,0,13,0,20,25
370683,2,1,0,0,0,0,0,0,0,0,0,0
370684,1,1,0,0,0,0,0,0,0,0,0,0
370684,2,1,0,0,0,0,0,0,0,0,0,0
370685,1,1,0,0,0,0,0,0,0,0,0,0
370685,2,1,0,0,0,0,0,12,0,0,0,0
370686,0,1,7,20,5,13,11,12,18,20,27,14
370686,1,1,0,0,10,0,0,0,0,0,0,0
370687,1,1,24,28,20,12,20,20,14,20,7,17
370687,2,1,0,0,0,0,0,0,0,0,0,0
370688,0,1,24,24,24,24,24,24,24,24,24,24
370688,1,1,0,0,0,0,0,0,0,0,15,0
370689,1,1,0,0,0,0,0,0,0,0,0,0
370689,2,1,0,0,0,0,0,0,0,0,0,0
370690,1,1,6,6,6,6,6,6,6,6,6,6
370691,1,1,0,0,0,0,0,0,0,0,0,0
370692,1,1,19,19,19,19,19,19,19,19,19,19
370693,1,1,20,20,20,20,20,20,20,20,20,20
370694,1,1,0,0,0,0,0,0,0,0,0,0
370695,0,1,9,9,9,9,9,9,9,9,9,9
370695,1,1,0,0,0,0,0,25,0,0,4,0
370696,0,1,0,0,0,0,0,0,0,0,0,0
370696,1,1,0,0,0,0,0,0,0,0,0,0
370697,1,1,0,0,0,0,0,0,0,0,0,0
370698,1,1,0,0,0,0,0,0,0,0,0,0
370698,2,1,0,0,0,0,0,0,0,0,0,0
370699,1,1,0,0,0,0,0,0,0,0,0,0
370699,2,1,0,0,0,0,0,0,0,0,0,0
370700,0,1,0,0,0,0,0,0,0,0,0,0
370700,1,1,0,0,0,0,0,0,0,0,0,0
370701,1,1,0,0,0,0,0,0,0,0,0,0
370702,0,1,0,0,0,0,0,0,0,0,0,0
370702,1,1,0,0,0,0,0,0,0,0,0,0
370703,0,1,0,0,0,0,0,0,0,0,0,0
370703,1,1,0,0,0,0,0,0,0,0,0,0
370704,1,1,0,0,0,0,0,0,0,0,0,0
370704,2,1,0,0,0,0,8,0,0,0,0,6
370705,1,1,9,9,9,9,9,9,9,9,9,9
370706,1,1,0,0,0,0,0,0,0,0,0,0
370706,2,1,0,0,0,0,0,0,0,0,0,0
370707,1,1,0,0,0,0,0,0,0,0,0,0
370708,1,1,0,0,0,0,0,0,0,19,0,0
370709,1,1,24,24,24,24,24,24,24,24,24,24
370710,1,1,0,0,0,0,0,0,0,0,0,0
370711,1,1,20,20,20,20,20,20,20,20,20,20
370712,1,1,0,0,0,0,0,0,0,0,0,0
370712,2,1,0,0,0,0,0,0,0,0,0,0
370712,3,1,0,0,0,0,0,0,0,0,0,0
370713,1,1,5,5,5,5,5,5,5,5,5,5
370714,1,1,0,0,0,0,0,0,0,0,0,0
370715,1,1,0,0,0,0,0,0,0,0,0,0