ST_CASE,VEH_NO,PER_NO,P1,P2,P3,P4,P5,P6,P7,P8,P9,P10
371007,2,1,12,25,18,21,19,16,9,16,22,26
371008,1,1,0,0,0,0,0,0,0,0,0,0
371008,2,1,0,16,0,0,0,0,0,0,0,0
371009,1,1,0,0,0,0,0,0,0,0,0,0
371010,0,1,0,0,22,9,0,0,0,0,0,0
371010,1,1,0,0,0,0,0,0,0,0,0,0
371011,0,1,0,0,0,0,0,0,0,0,0,0
371011,1,1,0,0,0,0,0,0,0,0,0,0
371012,1,1,0,0,0,0,0,0,0,0,0,0
371012,2,1,0,0,0,0,0,0,0,0,0,0
371012,3,1,0,0,0,0,20,0,0,0,25,0
371013,1,1,17,17,17,17,17,17,17,17,17,17
371013,2,1,17,0,0,7,0,18,0,0,0,0
371014,1,1,24,24,24,24,24,24,24,24,24,24
371015,1,1,0,0,0,0,0,0,0,0,0,0
371015,2,1,0,0,0,0,0,0,0,0,0,0
371016,1,1,0,0,0,0,0,0,0,0,0,0
371017,1,1,14,22,7,24,21,14,11,7,15,11
371017,2,1,0,0,0,0,0,0,0,0,0,0
371018,1,1,0,0,0,0,0,0,0,0,0,0
371019,1,1,21,21,21,21,21,21,21,21,21,21
371020,1,1,0,0,0,0,0,0,0,0,0,0
371020,2,1,0,0,0,0,0,0,0,0,0,0
371021,1,1,0,0,0,0,0,0,0,0,0,0
371021,2,1,0,0,0,0,0,0,0,0,0,0
371022,1,1,0,0,0,31,0,0,29,0,0,0
371023,1,1,20,20,20,20,20,20,20,20,20,20
371024,1,1,0,0,0,0,23,0,0,0,0,0
371024,2,1,31,31,31,31,31,31,31,31,31,31
371025,1,1,0,0,0,0,0,0,0,0,0,0
371025,2,1,0,0,0,0,0,0,0,0,0,0
371025,3,1,0,0,0,0,0,0,0,0,0,0
371026,1,1,0,0,0,0,0,0,0,0,0,0
371027,1,1,8,8,8,8,8,8,8,8,8,8
371028,1,1,0,0,0,0,0,0,0,0,0,0
371028,2,1,0,0,0,0,0,0,0,21,0,0
371029,1,1,0,0,0,0,0,0,0,0,0,0
371030,1,1,0,0,0,0,0,0,0,0,0,0
371030,2,1,0,0,0,0,0,0,0,0,0,0
371031,1,1,16,16,16,16,16,16,16,16,16,16
371032,1,1,0,0,0,0,0,0,0,0,0,0
371033,0,1,31,31,31,31,31,31,31,31,31,31
371033,1,1,0,0,0,0,0,0,12,0,0,0
371034,0,1,0,0,0,0,0,0,0,0,0,0
371034,1,1,0,0,0,0,0,0,0,0,0,0
371035,0,1,0,0,0,0,0,0,0,0,0,16
371035,1,1,0,0,0,0,0,0,0,0,0,0
371036,1,1,0,0,0,0,0,0,0,0,0,0
371036,2,1,0,0,0,0,0,0,0,0,0,0
371037,0,1,9,9,9,9,9,9,9,9,9,9
371037,1,1,0,0,0,0,0,0,0,0,0,0
371038,1,1,21,21,21,21,21,21,21,21,21,21
371039,0,1,0,0,0,0,0,0,0,0,0,0
371039,1,1,7,17,13,10,14,18,13,30,26,0
371039,2,1,0,0,0,10,32,0,0,0,11,0
371039,3,1,0,0,0,0,0,16,0,0,33,0
371040,0,1,0,0,0,0,25,0,26,27,0,18
371040,1,1,18,0,23,0,32,28,0,12,12,0
371041,1,1,17,17,17,17,17,17,17,17,17,17
371042,1,1,0,0,0,0,0,0,0,0,0,0
371042,2,1,0,0,0,0,0,0,0,0,0,0
371043,0,1,18,18,18,18,18,18,18,18,18,18
371043,1,1,16,10,0,0,0,0,0,0,0,0
371044,1,1,0,0,0,0,0,0,0,0,0,0
371045,1,1,0,0,0,0,0,0,0,0,0,0
371045,2,1,0,0,0,0,0,0,0,0,0,0
371046,1,1,0,0,0,0,0,0,0,0,0,0
371047,1,1,0,0,0,0,0,0,0,0,0,0
371048,1,1,13,13,13,13,13,13,13,13,13,13
371049,1,1,0,0,0,0,0,0,0,0,0,0
371049,2,1,0,0,0,0,14,0,0,0,0,0
371050,1,1,0,0,0,0,0,0,0,0,0,0
371051,1,1,0,0,0,0,0,0,0,0,0,0
371052,1,1,0,0,0,0,0,0,0,0,0,29
371053,0,1,14,14,14,14,14,14,14,14,14,14
371053,1,1,0,0,0,20,29,0,0,19,0,0
371054,1,1,0,0,0,0,0,0,0,0,0,0
371054,2,1,12,12,25,20,30,10,16,0,16,27
371055,1,1,11,0,0,0,0,0,0,0,0,0
371056,1,1,19,19,19,19,19,19,19,19,19,19
371057,1,1,0,0,0,0,0,0,0,0,0,0
371057,2,1,0,0,0,0,0,0,0,0,0,0
371058,1,1,0,0,0,0,0,0,0,0,0,0
371059,1,1,0,0,0,0,0,0,0,0,0,0
371059,2,1,0,0,0,0,0,0,0,0,0,0
371060,1,1,13,13,13,13,13,13,13,13,13,13
371061,0,1,0,0,0,0,0,0,23,0,0,0
371061,1,1,0,0,0,0,0,0,0,0,5,0
371062,1,1,0,0,0,0,0,0,0,0,0,0
371063,1,1,0,0,0,0,0,0,0,0,0,0
371063,2,1,0,0,0,0,0,0,0,0,17,30
371064,1,1,9,0,0,0,0,0,0,0,0,0
371064,2,1,0,0,0,0,13,0,0,0,0,0
371065,1,1,0,0,0,0,0,0,0,0,0,0
371065,2,1,0,0,0,0,0,0,0,0,0,0
371066,1,1,0,0,0,0,0,0,0,0,0,0
371067,1,1,26,26,26,26,26,26,26,26,26,26
371068,1,1,11,11,11,11,11,11,11,11,11,11
371068,2,1,0,0,0,0,0,15,0,0,0,0
371069,1,1,0,0,0,0,0,0,0,0,0,0
371069,2,1,0,0,0,0,0,0,0,0,0,0
371070,0,1,49,26,30,0,33,22,23,28,15,22
371070,1,1,0,0,0,0,0,0,0,0,0,0
371071,1,1,22,22,22,22,22,22,22,22,22,22
371072,0,1,0,0,0,0,0,0,0,0,0,0
371072,1,1,0,0,0,0,0,0,0,0,0,0
371073,1,1,0,0,0,0,0,0,0,0,0,0
371074,0,1,0,0,0,0,0,0,0,0,0,0
371074,1,1,0,0,0,0,0,0,0,0,0,0
371075,1,1,0,0,0,0,0,0,13,0,15,0
371075,2,1,0,0,0,0,0,0,0,0,0,0
371075,3,1,0,0,0,0,10,0,0,0,0,0
371076,1,1,15,15,15,15,15,15,15,15,15,15
371077,1,1,0,0,0,0,0,0,0,0,0,0
371077,2,1,0,0,0,0,0,0,0,0,0,0
371078,0,1,0,0,0,0,0,0,0,0,0,0
371078,0,2,0,0,0,0,0,0,0,0,0,0
371078,0,3,0,0,0,15,0,0,0,0,0,0
371078,1,1,0,0,0,0,0,0,0,0,0,0
371078,2,1,0,0,0,0,0,0,0,0,0,0
371079,0,1,0,0,0,13,13,0,16,0,0,0
371079,1,1,0,0,14,19,0,6,21,0,0,0
371080,1,1,20,20,20,20,20,20,20,20,20,20
371081,1,1,34,0,0,0,0,0,24,0,0,0
371082,0,1,15,15,15,15,15,15,15,15,15,15
371082,1,1,0,6,0,0,0,0,9,17,0,0
371083,1,1,0,0,0,0,0,0,0,0,0,0
371083,2,1,0,0,0,0,0,0,0,0,0,0
371084,1,1,0,0,0,0,0,0,0,0,0,0
371084,2,1,0,0,0,0,0,0,0,0,0,0
371085,1,1,0,0,0,0,0,0,0,0,0,0
371086,0,1,33,33,33,33,33,33,33,33,33,33
371086,1,1,0,0,0,0,0,0,0,0,0,8
371087,1,1,0,0,0,0,0,0,0,4,0,0
371088,1,1,0,0,0,0,0,0,0,0,0,0
371089,1,1,1,1,1,1,1,1,1,1,1,1
371090,1,1,0,0,0,0,0,0,0,0,0,0
371090,2,1,0,0,0,0,0,0,0,0,0,0
371091,1,1,0,0,0,0,0,0,0,0,0,0
371091,2,1,0,0,0,0,0,0,0,0,0,0
371092,1,1,0,0,0,0,0,0,0,0,0,0
371092,2,1,0,22,0,0,0,5,0,0,0,0
371092,3,1,0,0,0,0,0,0,0,0,0,0
371092,4,1,0,0,0,0,0,0,0,0,0,0
371093,1,1,0,0,0,0,0,0,0,0,0,0
371094,0,1,0,0,0,0,0,0,0,0,0,0
371094,1,1,0,8,0,0,0,0,0,0,0,0
371095,1,1,0,0,0,0,0,0,0,0,0,0
371096,1,1,0,0,0,0,0,0,0,23,0,0
371096,2,1,0,0,0,0,0,0,5,0,0,0
371096,3,1,0,0,0,0,0,0,0,16,0,0
371096,4,1,0,0,0,0,0,0,0,0,0,0
371096,5,1,0,22,0,0,24,0,0,0,10,0
371097,1,1,15,15,15,15,15,15,15,15,15,15
371098,1,1,0,0,0,0,0,0,0,0,0,0
371098,2,1,0,0,0,0,0,0,0,0,0,0
371098,3,1,0,0,0,8,0,0,0,0,0,0
371099,1,1,0,0,25,2,0,29,15,16,13,0
371100,1,1,14,14,14,14,14,14,14,14,14,14
371101,1,1,0,0,0,0,0,0,19,0,0,0
371101,2,1,0,0,9,0,0,0,5,0,0,0
371102,1,1,0,0,0,0,0,0,0,0,0,0
371103,1,1,0,18,0,0,0,0,0,0,0,0
371105,1,1,20,0,25,19,15,28,12,15,0,12
371106,1,1,0,0,0,0,0,0,0,0,0,0
371106,2,1,0,0,0,0,0,0,0,0,0,0
371107,1,1,0,0,8,0,0,0,0,0,0,0
371107,2,1,0,0,0,0,0,0,0,0,0,0
371108,1,1,16,0,0,0,0,0,0,0,0,0
371109,1,1,0,0,0,0,0,0,0,0,0,0
371109,2,1,0,0,0,13,0,0,0,0,0,0
371109,3,1,0,0,0,0,0,0,0,10,0,0
371110,0,1,0,0,0,0,0,0,0,0,0,0
371110,1,1,0,0,0,0,0,0,0,0,0,0
371112,1,1,19,19,19,19,19,19,19,19,19,19
371113,1,1,17,17,17,17,17,17,17,17,17,17
371114,1,1,17,17,17,17,17,17,17,17,17,17
371115,1,1,0,0,0,0,0,0,0,0,0,0
371115,2,1,0,0,0,0,0,0,0,0,0,0
371116,1,1,0,0,0,0,0,0,0,0,0,0
371117,0,1,0,0,0,0,0,0,0,0,0,0
371117,2,1,0,0,0,0,0,5,0,0,0,0
371118,1,1,0,0,0,0,0,0,0,0,0,0
371119,1,1,11,20,0,0,0,0,0,0,0,0
371120,0,1,0,0,0,0,0,0,0,0,0,0
371120,1,1,0,0,0,5,0,0,0,0,0,0
371121,1,1,0,0,0,0,0,0,0,0,0,0
371122,1,1,23,23,23,23,23,23,23,23,23,23
371122,2,1,0,0,0,17,15,0,0,0,0,0
371123,1,1,0,0,0,0,0,0,0,0,0,0
371123,2,1,0,0,0,0,0,0,0,0,0,0
371123,3,1,0,0,0,0,26,0,0,0,0,0
371123,4,1,0,0,0,0,2,0,0,0,0,0
371124,1,1,0,0,0,0,0,0,0,0,0,0
371125,1,1,0,0,0,0,0,5,8,0,38,0
371125,2,1,0,0,22,0,0,0,0,0,0,0
371126,1,1,0,0,0,0,0,0,0,0,0,0
371126,2,1,0,0,0,0,0,0,0,0,0,0
371127,1,1,0,0,0,0,0,0,0,0,0,0
371127,2,1,0,0,0,0,0,0,0,0,0,0
371128,1,1,0,0,0,0,0,0,0,0,0,0
371129,1,1,0,0,0,0,0,0,0,0,0,0
371129,2,1,0,0,0,0,0,0,0,0,0,0
371129,3,1,0,0,0,0,0,0,0,0,0,0
371130,1,1,0,0,0,0,0,0,0,0,0,0
371131,1,1,0,0,9,0,0,0,0,0,0,0
371131,2,1,0,0,0,0,0,0,0,0,0,0
371132,1,1,16,16,16,16,16,16,16,16,16,16
371133,1,1,15,15,15,15,15,15,15,15,15,15
371133,2,1,0,0,0,0,0,0,0,0,0,0
371133,3,1,0,0,0,0,0,0,0,0,0,0
371134,1,1,0,0,10,0,0,0,0,0,0,0
371134,2,1,0,0,0,0,0,0,0,0,0,0
371135,1,1,13,13,13,13,13,13,13,13,13,13
371136,1,1,0,0,0,0,0,0,0,0,0,0
371136,2,1,0,0,0,0,0,0,0,0,0,0
371137,0,1,28,28,28,28,28,28,28,28,28,28
371137,1,1,0,0,0,0,0,0,0,0,0,0
371138,1,1,0,0,0,0,0,0,0,0,0,0
371138,2,1,0,0,0,0,0,0,0,0,0,0
371139,1,1,0,0,0,0,0,0,0,0,0,0
371139,2,1,0,0,0,0,0,0,0,0,0,0
371140,1,1,18,18,18,18,18,18,18,18,18,18
371141,1,1,0,0,0,0,0,0,0,0,0,0
371142,1,1,20,20,20,20,20,20,20,20,20,20
371142,2,1,0,0,0,0,0,0,0,0,0,0
371143,0,1,0,0,0,0,0,0,0,0,0,0
371143,1,1,0,0,0,0,0,0,0,0,0,0
371144,1,1,25,11,25,27,16,5,8,26,0,12
371145,1,1,0,0,0,0,0,0,0,0,0,0
371145,2,1,0,0,0,0,0,0,0,0,0,0
371146,1,1,0,0,0,0,0,0,0,0,0,0
371146,2,1,0,9,0,0,0,0,0,0,0,0
371147,0,1,0,0,0,0,0,0,0,26,0,0
371147,0,2,0,0,0,0,0,0,0,0,0,0
371147,0,3,0,0,0,0,0,0,46,0,0,0
371147,1,1,12,12,12,12,12,12,12,12,12,12
371148,0,1,0,0,0,0,0,0,32,42,0,0
371148,1,1,0,0,0,0,0,0,0,0,0,0
371149,1,1,0,0,0,0,0,0,0,0,0,0
371150,0,1,0,0,0,0,0,0,15,0,0,0
371150,1,1,0,0,0,0,0,0,0,0,0,0
371151,0,1,0,0,0,0,0,0,0,0,0,0
371151,1,1,0,4,0,10,0,0,0,0,0,0
371152,1,1,0,0,0,0,0,0,0,0,0,0
371153,1,1,0,12,0,0,0,0,0,0,8,0
371154,1,1,0,0,0,0,0,0,0,0,0,0
371154,2,1,0,0,0,0,0,0,0,0,0,0
371155,1,1,0,0,0,0,0,0,0,0,0,0
371156,1,1,0,0,0,0,0,0,0,0,0,0
371157,1,1,0,0,0,0,0,0,0,0,0,0
371158,1,1,0,0,0,0,0,0,0,0,0,24
371158,2,1,0,0,0,0,0,0,0,0,0,0
371159,2,1,0,0,0,0,0,0,0,0,0,0
371160,1,1,0,0,0,0,0,0,0,0,23,0
371160,2,1,0,0,0,0,0,0,0,0,0,0
371161,1,1,0,0,0,0,0,0,0,0,0,0
371161,2,1,0,0,0,0,29,0,0,0,0,0
371162,1,1,0,0,0,0,0,0,0,0,0,0
371162,2,1,0,0,0,0,0,0,0,0,0,0
371163,0,1,20,20,20,20,20,20,20,20,20,20
371163,1,1,0,0,12,2,0,0,0,0,0,0
371164,1,1,18,18,18,18,18,18,18,18,18,18
371165,1,1,0,0,0,0,0,0,0,0,0,0
371166,1,1,0,0,0,0,0,0,0,0,0,0
371167,1,1,25,25,25,25,25,25,25,25,25,25
371168,1,1,0,0,0,0,0,0,0,0,0,0
371168,2,1,0,0,0,0,0,0,0,0,0,0
371169,1,1,0,0,0,0,0,0,0,0,0,0
371169,2,1,0,0,0,0,0,0,0,0,0,0
371170,0,1,9,9,9,9,9,9,9,9,9,9
371170,1,1,11,0,3,12,17,8,24,21,16,29
371171,1,1,20,20,20,20,20,20,20,20,20,20
371172,1,1,0,0,0,0,0,18,0,0,0,0
371172,2,1,0,0,0,0,0,0,0,0,0,0
371173,0,1,0,0,0,0,0,0,0,0,0,0
371173,1,1,0,0,0,0,0,0,0,0,0,0
371174,1,1,44,11,9,8,22,16,21,23,8,8
371175,0,1,0,0,0,0,0,0,0,0,0,0
371175,1,1,25,12,14,24,6,13,9,0,15,0
371176,1,1,0,0,0,10,0,38,18,0,0,19
371177,1,1,0,0,0,0,0,0,0,0,0,0
371178,1,1,0,0,0,0,0,0,0,0,0,0
371179,1,1,0,0,0,0,0,0,0,0,0,0
371179,2,1,0,0,0,0,0,0,0,0,0,0
371179,3,1,0,0,0,0,0,0,0,0,0,0
371180,1,1,0,0,0,0,0,0,0,0,0,0
371181,1,1,29,29,29,29,29,29,29,29,29,29
371181,2,1,0,0,0,0,0,0,0,0,0,11
371181,3,1,0,0,0,0,0,0,0,0,0,0
371182,1,1,0,0,0,0,0,0,0,0,0,0
371182,2,1,5,5,5,5,5,5,5,5,5,5
371183,0,1,27,27,27,27,27,27,27,27,27,27
371183,1,1,9,9,9,9,9,9,9,9,9,9
371184,1,1,0,0,0,0,0,0,0,0,0,0
371184,2,1,0,12,0,0,0,0,0,0,0,0
371185,1,1,0,0,30,0,0,0,0,0,0,0
371186,1,1,0,0,0,14,0,0,6,30,0,15
371186,2,1,0,0,0,0,0,0,0,0,0,0
371187,1,1,0,0,2,0,0,0,0,0,0,0
371187,2,1,0,0,0,16,0,0,0,0,0,0
371187,3,1,0,0,23,0,0,0,0,0,0,0
371187,4,1,0,0,0,0,0,0,0,0,0,0
371188,1,1,0,15,0,0,0,0,0,0,0,0
371188,2,1,0,0,0,32,15,0,0,0,0,14
371189,1,1,0,0,0,0,0,0,0,0,0,20
371189,2,1,0,0,0,12,0,0,0,0,0,0
371190,1,1,0,0,0,0,0,0,0,0,0,0
371191,1,1,0,15,0,0,0,0,0,0,0,0
371191,2,1,0,0,0,0,0,26,4,0,0,0
371192,1,1,0,0,0,0,0,0,0,0,0,0
371192,2,1,0,0,0,0,0,0,0,0,0,0
371193,1,1,0,34,0,0,0,0,0,3,34,0
371193,2,1,0,0,0,0,0,0,0,0,0,0
371194,1,1,0,0,0,0,0,0,0,0,0,0
371194,2,1,0,0,0,20,0,0,0,0,0,0
371195,1,1,33,9,24,3,21,18,13,0,13,20
371196,0,1,15,15,15,15,15,15,15,15,15,15
371196,1,1,0,0,0,0,0,0,0,0,0,0
371197,1,1,0,23,0,0,0,0,12,0,0,0
371198,1,1,0,22,0,0,0,0,0,0,0,0
371198,2,1,0,0,0,0,0,0,0,0,0,0
371199,1,1,0,0,0,0,0,0,0,0,0,0
371199,2,1,0,0,0,0,0,0,0,0,0,0
371199,3,1,0,0,0,0,0,0,0,0,0,0
371200,1,1,21,0,20,18,20,17,7,22,0,26
371201,1,1,0,17,0,0,0,0,0,0,0,0
371201,2,1,0,0,0,0,0,0,0,0,0,0
371202,1,1,0,0,0,0,0,0,0,0,0,0
371203,1,1,0,0,0,0,0,0,0,0,0,0
371204,1,1,0,0,0,0,0,0,0,0,0,0
371204,2,1,0,0,0,0,0,0,0,0,0,0
371205,1,1,0,0,0,0,4,0,0,0,0,0
371205,2,1,0,0,8,0,0,0,0,0,0,0
371206,0,1,0,0,0,0,0,0,14,0,0,0
371206,1,1,0,0,0,0,0,0,0,0,0,0
371207,1,1,12,0,0,0,0,0,0,0,0,0
371208,1,1,0,0,0,0,6,0,0,0,0,0
371209,0,1,0,0,0,0,0,0,0,0,0,0
371209,1,1,0,0,0,0,0,0,0,30,0,33
371210,1,1,0,0,0,0,0,0,0,0,0,0
371210,2,1,0,0,0,0,0,0,0,0,18,0
371211,1,1,0,0,0,0,0,0,0,0,0,0
371211,2,1,0,0,0,0,0,0,0,0,0,0
371211,3,1,0,0,0,0,0,0,0,0,0,0
371212,0,1,0,0,0,0,0,0,0,0,0,0
371212,1,1,0,0,0,0,0,0,0,0,0,0
371213,1,1,0,0,0,0,0,0,0,0,0,0
371214,1,1,0,0,32,0,0,0,0,0,0,0
371215,1,1,0,9,0,0,0,0,0,0,0,0
371216,1,1,0,0,0,0,0,0,23,0,0,0
371216,2,1,0,0,0,0,0,0,0,0,0,0
371217,1,1,0,0,0,0,0,0,0,0,0,0
371217,2,1,0,0,0,0,0,0,0,0,0,0
371217,3,1,0,0,0,0,0,0,0,0,0,0
371218,1,1,22,22,22,22,22,22,22,22,22,22
371218,2,1,0,0,0,0,0,0,0,0,0,0
371219,0,1,19,19,19,19,19,19,19,19,19,19
371219,1,1,0,0,0,0,0,0,0,0,0,0
371220,1,1,0,0,0,0,0,0,0,0,0,0
371220,2,1,0,0,0,0,0,0,0,0,0,0
371221,1,1,0,0,0,0,0,0,0,0,0,0
371221,2,1,0,0,0,0,0,0,0,0,0,0
371221,3,1,13,0,0,0,0,7,0,0,0,0
371222,1,1,0,0,0,0,0,0,0,0,0,0
371222,2,1,3,0,0,0,0,0,0,0,0,0
371223,1,1,40,40,40,40,40,40,40,40,40,40
371224,1,1,0,0,0,0,0,0,0,0,0,0
371224,2,1,0,0,0,0,0,0,0,0,0,0
371224,3,1,0,18,0,0,0,0,0,21,0,0
371224,4,1,0,0,0,0,0,0,0,0,0,0
371225,0,1,13,13,13,13,13,13,13,13,13,13
371225,1,1,0,0,0,0,0,0,0,0,0,0
371226,1,1,0,0,0,0,0,0,0,0,0,0
371226,2,1,0,0,0,0,0,0,0,0,0,0
371227,0,1,12,10,0,19,37,0,0,0,7,0
371227,1,1,0,0,0,0,0,0,0,0,0,0
371228,1,1,0,0,0,0,0,0,0,0,0,0
371229,1,1,0,0,0,0,0,0,0,0,0,0
371230,1,1,0,0,0,0,0,0,0,0,0,0
371230,2,1,0,0,0,0,0,0,0,0,0,0
371231,1,1,0,0,0,0,0,0,0,0,0,0
371231,2,1,0,0,0,0,0,0,0,0,0,0
371231,3,1,0,0,0,0,0,0,0,0,0,0
371232,1,1,0,0,0,0,0,0,0,0,0,0
371232,2,1,0,0,0,0,0,0,0,0,0,0
371233,1,1,0,0,0,0,0,0,0,0,0,0
371233,2,1,0,0,0,0,0,0,0,0,0,0
371233,3,1,0,0,0,0,12,0,0,0,0,0
371234,1,1,0,0,0,0,0,0,0,0,0,0
371235,1,1,35,35,35,35,35,35,35,35,35,35
371236,0,1,23,23,23,23,23,23,23,23,23,23
371236,0,2,0,0,10,0,0,0,0,0,0,0
371236,1,1,0,0,0,0,0,0,0,0,0,0
371237,1,1,0,0,0,0,0,0,0,0,0,0
371238,1,1,0,0,0,0,0,0,0,0,0,0
371238,2,1,0,0,0,0,0,0,0,0,0,0
371239,0,1,21,21,21,21,21,21,21,21,21,21
371239,1,1,0,0,0,0,0,0,0,0,0,0
371240,1,1,0,0,0,0,0,0,0,0,0,0
371241,1,1,0,0,0,0,0,0,0,0,0,11
371242,1,1,0,0,0,0,20,0,16,0,25,0
371243,0,1,0,0,0,0,0,0,0,0,0,0
371243,1,1,0,0,0,25,0,0,0,0,0,0
371244,1,1,0,0,0,0,31,0,15,13,0,0
371244,2,1,0,0,0,0,0,0,0,0,0,0
371245,0,1,9,9,9,9,9,9,9,9,9,9
371245,1,1,0,0,0,0,0,17,0,0,0,0
371246,1,1,25,0,0,16,0,0,0,0,0,0
371247,0,1,14,14,14,14,14,14,14,14,14,14
371247,1,1,0,0,0,0,0,0,0,26,0,0
371247,2,1,0,0,0,0,0,0,0,0,0,0
371247,3,1,16,0,10,36,0,0,0,23,0,0
371248,1,1,13,13,13,13,13,13,13,13,13,13
371249,1,1,0,0,0,0,0,0,0,0,0,0
371249,2,1,0,0,0,0,0,0,0,0,0,0
371250,1,1,16,16,16,16,16,16,16,16,16,16
371250,2,1,24,17,21,36,22,12,19,11,23,2
371251,0,1,0,0,0,0,0,0,0,0,0,0
371251,1,1,0,0,0,0,0,0,0,8,0,0
371252,1,1,0,0,0,0,0,0,0,0,0,0
371252,2,1,0,0,13,0,0,0,0,0,0,0
371253,1,1,0,0,0,0,0,0,0,0,0,0
371253,2,1,0,0,0,0,0,0,0,0,0,0
371253,3,1,0,0,0,0,0,0,0,0,0,0
371254,1,1,27,15,0,9,9,11,0,32,13,0
371254,2,1,0,0,0,0,0,0,0,0,0,0
371255,1,1,0,0,0,0,0,0,0,0,0,0
371255,2,1,0,0,0,0,0,0,0,0,0,0
371256,1,1,25,0,8,7,27,0,0,17,0,0
371257,0,1,0,0,19,0,0,0,0,0,0,0
371257,0,2,0,41,0,0,0,0,0,0,0,0
371257,1,1,0,10,15,12,19,0,0,0,0,0
371258,0,1,0,0,0,0,0,0,0,0,0,0
371258,1,1,0,0,0,0,0,0,0,0,0,0
371259,1,1,12,24,23,18,10,6,9,6,14,25
371260,1,1,0,0,0,0,23,12,0,0,0,0
371261,1,1,0,0,0,0,0,0,0,0,0,0
371262,0,1,0,0,0,0,0,0,0,0,0,0
371262,1,1,0,0,0,0,0,0,0,0,0,0
371263,1,1,0,0,0,0,0,0,0,0,0,0
371264,1,1,19,19,19,19,19,19,19,19,19,19
371265,1,1,0,0,0,0,0,8,0,0,0,0
371266,0,1,0,0,0,0,0,0,0,0,0,0
371266,1,1,0,0,0,0,0,0,0,0,0,0
371267,1,1,0,0,0,0,0,0,0,0,0,0
371268,1,1,21,21,21,21,21,21,21,21,21,21
371269,1,1,0,0,0,21,0,0,0,0,0,0
371269,2,1,0,0,0,0,0,0,0,0,0,9
371270,1,1,21,32,17,25,11,18,3,0,28,29
371271,1,1,8,13,18,17,7,22,14,0,0,0
371272,1,1,8,8,8,8,8,8,8,8,8,8
371273,1,1,0,0,0,0,0,0,0,0,0,0
371273,2,1,14,14,14,14,14,14,14,14,14,14
371274,0,1,40,40,40,40,40,40,40,40,40,40
371274,1,1,0,0,0,0,28,0,0,0,0,18
371275,1,1,0,0,0,0,0,0,0,0,0,0
371276,0,1,0,0,0,0,0,0,0,0,0,0
371276,1,1,0,0,0,0,0,0,0,0,0,0
371277,1,1,16,17,8,18,23,0,17,26,18,35
371277,2,1,42,10,2,7,0,0,0,0,22,12
371277,3,1,0,0,0,0,0,0,0,0,0,0
371277,4,1,0,0,0,0,0,0,0,0,0,12
371278,1,1,0,0,9,17,11,44,0,0,0,0
371278,2,1,0,0,0,10,11,0,0,0,0,0
371278,3,1,3,3,3,3,3,3,3,3,3,3
371279,1,1,2,2,2,2,2,2,2,2,2,2
371279,2,1,0,0,0,0,0,0,0,0,0,0
371279,3,1,0,0,0,0,10,0,0,0,0,0
371279,4,1,0,0,0,0,0,0,0,0,0,0
371280,1,1,0,0,0,0,0,0,0,0,19,0
371280,2,1,0,0,0,0,0,0,0,0,0,0
371281,0,1,0,0,0,0,0,0,0,0,0,0
371281,1,1,0,0,0,0,0,0,0,0,0,0
371282,1,1,0,0,0,0,0,0,0,0,0,0
371282,2,1,0,0,0,0,0,0,0,0,0,0
371283,1,1,14,14,14,14,14,14,14,14,14,14
371284,1,1,23,23,23,23,23,23,23,23,23,23
371285,1,1,0,0,0,0,0,0,0,0,0,0
371285,2,1,0,0,0,0,0,0,0,0,0,0
371286,0,1,28,28,28,28,28,28,28,28,28,28
371286,1,1,0,0,0,0,0,0,0,0,0,0
371286,2,1,0,0,0,0,0,0,0,0,0,0
371286,3,1,0,0,0,0,0,0,0,0,0,0
371286,4,1,0,0,19,0,7,0,0,0,0,0
371286,5,1,0,0,0,0,0,0,0,0,0,0
371287,1,1,17,17,17,17,17,17,17,17,17,17
371288,0,1,0,0,0,0,0,0,0,0,0,0
371288,1,1,0,0,0,0,0,0,0,0,0,0
371289,1,1,0,0,0,0,0,0,0,0,0,0
371289,2,1,0,0,0,0,0,0,0,0,0,0
371290,1,1,17,17,17,17,17,17,17,17,17,17
371291,0,1,0,0,0,0,0,0,0,0,0,0
371291,1,1,0,0,0,0,0,0,0,0,0,0
371292,1,1,0,0,0,0,0,0,0,0,0,0
371292,2,1,0,19,0,0,0,11,0,0,0,0
371293,1,1,0,0,0,0,0,0,0,0,0,0
371293,2,1,0,0,0,0,0,0,39,0,0,0
371294,0,1,0,0,0,0,0,0,0,0,0,0
371294,1,1,0,0,0,0,0,0,0,0,5,0
371295,1,1,0,0,0,0,0,0,0,0,0,0
371295,2,1,0,0,0,0,0,13,0,0,0,0
371295,3,1,0,0,0,0,0,0,0,0,0,0
371296,1,1,26,26,26,26,26,26,26,26,26,26
371297,1,1,21,21,21,21,21,21,21,21,21,21
371298,1,1,0,0,0,0,0,0,0,0,0,0
371298,2,1,0,0,0,0,0,0,0,0,0,0
371299,1,1,22,22,22,22,22,22,22,22,22,22
371300,1,1,0,0,0,0,0,0,0,0,0,0
371300,2,1,0,0,0,0,0,0,0,0,0,0
371301,1,1,0,0,25,0,0,0,0,0,0,0
371301,2,1,0,0,0,0,0,15,0,9,0,20