ST_CASE,VEH_NO,PER_NO,P1,P2,P3,P4,P5,P6,P7,P8,P9,P10
410006,1,1,0,0,0,0,0,0,0,0,0,0
410008,0,1,0,0,0,0,0,0,0,0,0,0
410008,1,1,0,0,0,0,0,0,0,0,0,0
410009,0,1,16,0,0,12,0,34,25,0,30,0
410009,1,1,0,0,0,0,0,0,0,0,0,0
410010,0,1,0,0,0,0,0,0,0,0,0,0
410010,1,1,0,0,0,0,0,0,0,0,1,0
410011,1,1,0,0,0,0,0,0,0,0,0,0
410012,1,1,0,0,0,0,0,0,0,0,0,0
410012,2,1,0,0,0,0,0,0,0,0,0,0
410013,1,1,0,0,0,0,0,0,0,0,0,0
410013,2,1,0,0,0,0,0,0,0,0,0,0
410014,0,1,1,1,1,1,1,1,1,1,1,1
410014,1,1,0,0,0,0,0,0,0,0,0,0
410015,1,1,0,0,0,0,0,0,0,0,0,0
410017,0,1,26,26,26,26,26,26,26,26,26,26
410017,1,1,0,0,0,0,0,0,0,0,0,0
410018,1,1,2,2,2,2,2,2,2,2,2,2
410019,1,1,0,0,0,0,0,0,0,11,0,0
410019,2,1,0,0,0,0,0,0,0,0,0,0
410020,1,1,0,0,0,0,0,0,0,0,0,0
410021,0,1,1,1,1,1,1,1,1,1,1,1
410021,1,1,0,0,0,0,0,23,0,0,19,0
410022,1,1,0,0,0,0,0,0,0,0,0,0
410022,2,1,0,0,0,0,16,0,0,0,0,0
410022,3,1,11,0,0,0,0,0,0,0,0,0
410023,1,1,0,0,0,0,0,0,0,0,0,0
410023,2,1,0,0,0,0,0,0,0,0,0,0
410024,0,1,0,0,0,0,0,0,0,0,0,0
410024,1,1,0,0,0,0,0,0,0,0,0,0
410025,1,1,20,20,20,20,20,20,20,20,20,20
410026,0,1,24,24,24,24,24,24,24,24,24,24
410026,1,1,0,0,20,0,0,0,0,0,0,0
410027,0,1,0,0,0,0,0,0,0,0,0,0
410027,1,1,0,0,0,0,0,0,0,0,0,0
410028,1,1,17,17,17,17,17,17,17,17,17,17
410029,1,1,0,0,0,0,0,0,0,0,0,0
410029,2,1,0,0,0,0,0,0,0,0,0,0
410029,3,1,0,11,0,0,0,0,0,0,0,0
410029,4,1,0,14,0,0,0,9,7,0,0,9
410030,1,1,0,0,0,0,0,0,0,0,0,6
410030,2,1,0,0,0,0,0,0,0,0,0,0
410031,1,1,0,0,0,17,0,0,0,0,0,19
410032,1,1,0,0,0,0,0,0,0,0,0,0
410032,2,1,0,0,0,0,0,0,0,0,0,27
410033,1,1,0,0,0,0,0,0,0,0,0,0
410034,0,1,35,35,35,35,35,35,35,35,35,35
410034,1,1,0,0,0,0,17,0,0,0,0,0
410035,0,1,7,7,7,7,7,7,7,7,7,7
410035,1,1,0,0,0,0,0,0,0,0,0,0
410036,1,1,19,0,5,18,8,15,11,7,10,15
410037,1,1,6,6,6,6,6,6,6,6,6,6
410037,2,1,0,12,0,0,0,0,0,16,0,0
410038,0,1,0,0,0,0,0,0,0,0,0,0
410038,1,1,0,0,0,0,0,0,0,0,0,0
410039,0,1,0,0,0,0,0,0,0,0,0,0
410039,1,1,0,29,23,0,0,0,21,0,0,0
410040,1,1,21,21,21,21,21,21,21,21,21,21
410040,2,1,0,0,0,0,0,0,0,0,0,0
410041,1,1,0,0,0,0,0,0,0,0,0,0
410042,0,1,0,0,0,0,0,0,0,0,0,0
410042,1,1,0,0,0,0,0,0,0,0,0,0
410043,1,1,0,0,0,0,0,0,0,0,0,0
410043,2,1,0,0,0,0,0,0,0,0,0,2
410044,1,1,10,10,10,10,10,10,10,10,10,10
410044,2,1,0,0,0,0,0,0,0,0,0,0
410045,1,1,0,0,0,0,0,0,0,0,0,0
410046,1,1,0,0,0,0,0,0,0,0,0,0
410047,0,1,0,0,0,0,0,0,0,0,0,0
410047,1,1,0,0,0,0,0,0,0,0,0,0
410048,1,1,24,24,24,24,24,24,24,24,24,24
410049,1,1,0,17,14,0,0,0,0,0,0,0
410050,1,1,0,0,19,0,0,0,0,0,0,0
410051,0,1,0,0,0,0,0,0,0,0,0,0
410051,1,1,0,0,0,0,0,0,0,0,0,0
410052,1,1,0,0,0,0,0,0,0,0,0,0
410052,2,1,0,0,0,0,0,0,0,0,0,0
410053,0,1,1,1,1,1,1,1,1,1,1,1
410053,1,1,20,20,20,20,20,20,20,20,20,20
410054,1,1,0,0,0,12,0,0,0,19,0,0
410054,2,1,0,0,0,0,0,0,0,0,0,0
410055,1,1,20,20,20,20,20,20,20,20,20,20
410055,2,1,0,0,0,0,0,0,0,0,0,0
410056,1,1,13,13,13,13,13,13,13,13,13,13
410056,2,1,0,0,0,0,0,0,0,0,0,0
410057,0,1,1,1,1,1,1,1,1,1,1,1
410057,1,1,0,0,0,0,0,0,0,0,0,0
410058,1,1,15,15,15,15,15,15,15,15,15,15
410059,1,1,0,0,0,0,0,0,0,0,0,0
410059,2,1,5,5,5,5,5,5,5,5,5,5
410060,1,1,0,0,0,0,0,0,0,0,0,0
410060,2,1,0,0,0,0,0,0,0,0,0,0
410060,3,1,0,0,0,0,0,0,0,0,0,0
410060,4,1,0,0,0,0,0,0,0,0,0,0
410060,5,1,0,0,0,0,0,0,0,0,0,0
410061,0,1,0,0,0,0,0,0,0,0,0,0
410061,1,1,0,0,0,0,0,0,0,0,0,0
410062,1,1,0,0,0,0,0,0,0,0,0,0
410062,2,1,0,0,0,0,0,0,0,0,0,0
410063,1,1,0,0,0,0,0,0,0,0,0,0
410063,2,1,0,0,0,0,0,0,0,0,0,0
410063,3,1,0,0,0,0,0,0,0,0,0,0
410064,1,1,8,8,8,8,8,8,8,8,8,8
410065,1,1,0,0,0,0,0,0,0,0,0,0
410065,2,1,0,0,0,0,0,0,0,0,0,0
410066,1,1,17,17,17,17,17,17,17,17,17,17
410067,1,1,0,0,0,0,0,0,0,0,0,0
410068,1,1,0,0,0,0,0,0,0,0,0,0
410069,1,1,21,21,21,21,21,21,21,21,21,21
410070,1,1,39,39,39,39,39,39,39,39,39,39
410070,2,1,0,0,0,0,0,0,0,0,0,0
410071,1,1,0,0,0,0,0,0,0,0,0,0
410071,2,1,2,0,0,0,0,0,0,0,0,0
410072,1,1,19,34,0,9,0,0,0,30,0,0
410072,2,1,0,0,0,0,0,0,0,0,0,0
410073,1,1,0,14,13,0,0,0,0,22,0,19
410073,2,1,0,0,0,0,0,0,0,0,0,0
410074,1,1,0,0,0,0,0,0,0,0,0,0
410074,2,1,0,0,0,0,0,0,0,0,0,0
410075,1,1,0,0,0,0,0,0,0,0,0,0
410075,2,1,0,0,0,0,0,0,0,0,0,0
410075,3,1,0,0,0,0,0,0,0,0,0,0
410076,0,1,0,0,0,0,0,0,0,0,0,0
410076,1,1,0,0,0,0,0,0,0,0,0,0
410077,1,1,15,0,0,0,0,0,10,0,15,19
410078,1,1,10,10,10,10,10,10,10,10,10,10
410079,1,1,0,0,0,0,0,0,0,0,0,0
410080,1,1,0,0,0,0,0,0,0,0,0,0
410080,2,1,0,0,0,0,0,0,0,0,0,0
410081,1,1,0,0,0,0,0,0,0,0,0,0
410082,1,1,0,0,0,0,0,0,0,0,0,0
410082,2,1,0,5,0,0,0,0,0,0,0,0
410083,0,1,0,0,0,0,0,0,0,0,0,0
410083,1,1,0,5,22,0,0,0,23,22,25,14
410084,1,1,8,8,8,8,8,8,8,8,8,8
410084,2,1,0,0,0,0,0,0,0,0,0,0
410085,1,1,23,23,23,23,23,23,23,23,23,23
410086,0,1,9,9,9,9,9,9,9,9,9,9
410086,1,1,14,0,25,12,0,17,0,0,31,0
410087,1,1,0,0,0,0,0,0,0,0,0,0
410087,2,1,0,0,0,0,0,0,0,0,0,0
410087,3,1,0,0,0,0,0,0,0,0,0,0
410088,1,1,0,0,0,0,0,0,0,0,0,0
410088,2,1,0,0,0,0,0,0,0,0,0,0
410089,1,1,19,0,4,0,0,17,0,0,20,0
410090,1,1,9,9,9,9,9,9,9,9,9,9
410090,2,1,0,0,0,0,0,0,0,0,0,0
410091,1,1,0,0,16,0,0,0,24,0,26,0
410092,1,1,0,0,0,0,0,0,0,0,0,0
410093,0,1,0,0,0,0,0,0,0,0,0,0
410093,1,1,0,0,13,0,0,22,0,0,0,0
410094,1,1,1,1,1,1,1,1,1,1,1,1
410095,0,1,0,0,0,0,0,0,0,0,0,0
410095,1,1,0,0,0,0,0,0,0,0,7,0
410096,1,1,30,30,30,30,30,30,30,30,30,30
410097,1,1,9,0,0,0,0,0,0,0,0,0
410097,2,1,0,0,0,0,0,0,0,0,0,0
410097,3,1,0,0,0,0,0,0,0,0,27,0
410098,1,1,0,0,0,0,0,0,0,0,0,0
410098,2,1,0,0,0,0,0,0,0,0,0,0
410099,1,1,0,0,0,0,0,0,0,0,0,0
410100,1,1,0,0,0,0,0,0,0,0,0,0
410101,1,1,10,10,10,10,10,10,10,10,10,10
410101,2,1,0,0,0,0,0,0,0,0,0,0
410102,1,1,17,17,17,17,17,17,17,17,17,17
410103,0,1,0,0,0,0,0,0,0,0,0,0
410103,1,1,0,0,0,0,0,0,0,0,25,0
410104,1,1,0,0,0,0,0,0,0,0,0,0
410104,2,1,0,0,0,0,0,0,0,0,0,0
410105,1,1,0,0,0,8,0,0,0,0,0,0
410105,2,1,0,0,0,0,0,0,24,15,0,0
410106,1,1,0,0,0,0,0,8,0,0,0,0
410106,2,1,0,0,0,0,0,0,0,0,0,0
410106,3,1,0,0,0,0,0,0,0,0,0,0
410107,0,1,16,7,0,0,0,4,0,18,17,0
410107,1,1,2,2,2,2,2,2,2,2,2,2
410108,1,1,18,18,18,18,18,18,18,18,18,18
410109,1,1,0,0,0,0,0,0,0,0,0,0
410109,2,1,0,0,0,0,0,0,0,0,0,0
410110,1,1,0,0,0,0,0,0,0,0,0,0
410110,2,1,0,0,0,0,0,0,0,0,0,0
410111,1,1,0,0,0,0,0,0,0,0,0,0
410112,1,1,0,0,0,0,0,0,0,0,0,0
410113,1,1,0,0,0,0,0,0,0,0,0,0
410114,1,1,34,34,34,34,34,34,34,34,34,34
410115,0,1,0,0,0,0,0,0,0,0,0,0
410115,0,2,0,0,0,0,0,0,0,0,0,0
410115,1,1,0,0,0,0,0,0,0,0,0,0
410116,1,1,8,18,0,0,0,8,5,0,0,0
410116,2,1,0,0,0,0,0,0,0,0,0,0
410117,1,1,0,0,0,0,0,0,0,0,0,0
410117,2,1,0,0,0,0,0,0,0,0,0,0
410118,0,1,0,0,0,0,0,0,0,0,0,0
410118,0,2,0,0,0,0,0,22,0,13,0,0
410118,0,3,0,0,0,0,0,0,0,0,0,0
410118,1,1,25,25,25,25,25,25,25,25,25,25
410120,1,1,13,13,13,13,13,13,13,13,13,13
410121,1,1,6,0,0,0,0,12,0,16,0,11
410121,2,1,0,0,0,0,0,0,0,0,0,0
410122,1,1,0,0,0,0,0,0,0,0,0,0
410122,2,1,0,0,0,0,0,0,0,0,0,0
410122,3,1,0,0,0,0,0,0,0,0,0,0
410122,4,1,0,24,0,0,0,0,0,0,27,0
410123,1,1,0,0,0,0,0,0,0,0,0,0
410124,1,1,0,0,0,0,0,0,0,0,0,0
410125,0,1,0,0,0,0,0,0,0,0,0,0
410125,1,1,0,0,0,0,0,0,0,0,0,0
410126,1,1,0,0,0,0,0,0,0,0,0,0
410127,1,1,0,0,0,0,0,0,0,0,0,0
410127,2,1,0,0,0,0,0,10,0,0,0,0
410128,1,1,18,18,18,18,18,18,18,18,18,18
410129,1,1,0,0,0,0,0,0,0,0,0,0
410130,1,1,12,12,12,12,12,12,12,12,12,12
410130,2,1,0,0,0,0,0,0,0,0,0,0
410131,1,1,0,0,0,0,0,0,0,0,0,0
410132,1,1,6,6,6,6,6,6,6,6,6,6
410133,0,1,0,0,0,0,0,0,0,0,0,0
410133,1,1,0,0,0,0,0,0,0,0,0,0
410134,1,1,0,0,0,0,0,0,0,0,0,0
410134,2,1,0,0,0,0,0,17,0,0,0,0
410134,3,1,0,0,0,8,40,0,0,0,0,0
410135,1,1,13,25,27,16,30,0,13,19,15,0
410136,1,1,0,0,0,0,0,0,0,0,0,0
410137,1,1,16,16,16,16,16,16,16,16,16,16
410138,0,1,0,0,0,0,0,0,0,0,0,0
410138,1,1,0,0,0,0,0,0,0,0,19,6
410139,1,1,0,0,0,0,0,0,0,0,0,0
410140,1,1,0,0,21,0,6,0,0,0,0,0
410140,2,1,0,0,0,13,0,10,0,0,10,0
410141,1,1,64,64,64,64,64,64,64,64,64,64
410142,1,1,0,0,0,0,0,0,0,0,0,0
410142,2,1,18,18,18,18,18,18,18,18,18,18
410143,1,1,0,16,15,0,23,0,24,12,17,0
410144,1,1,0,0,0,0,0,0,0,0,0,0
410144,2,1,0,0,0,14,0,19,0,0,0,21
410145,1,1,0,0,0,0,0,0,0,0,0,0
410146,1,1,21,0,0,0,0,0,0,19,18,0
410147,0,1,0,0,0,0,0,0,0,0,0,0
410147,1,1,0,0,0,0,0,0,9,0,0,0
410148,1,1,10,10,10,10,10,10,10,10,10,10
410149,1,1,0,0,0,0,0,0,0,0,0,0
410149,2,1,0,0,0,0,0,0,0,0,0,0
410150,1,1,2,2,2,2,2,2,2,2,2,2
410151,1,1,0,0,0,0,0,0,0,0,0,0
410152,1,1,0,19,0,0,0,0,0,0,14,0
410153,1,1,0,0,0,0,0,0,0,0,0,0
410153,2,1,0,0,0,0,0,0,0,0,0,0
410153,3,1,0,0,0,0,0,0,16,0,0,11
410153,4,1,15,15,15,15,15,15,15,15,15,15
410154,1,1,42,42,42,42,42,42,42,42,42,42
410155,1,1,0,0,0,0,0,0,0,0,0,0
410155,2,1,0,0,0,0,0,0,0,0,0,0
410156,1,1,0,0,0,0,0,0,0,0,0,0
410157,1,1,0,0,0,0,0,0,0,0,0,0
410157,2,1,22,0,0,21,0,0,0,0,0,0
410157,3,1,3,0,0,0,21,0,0,0,0,0
410158,1,1,0,0,0,0,0,0,0,0,0,0
410158,2,1,0,0,0,0,0,0,0,0,0,0
410159,1,1,14,14,14,14,14,14,14,14,14,14
410159,2,1,0,0,22,0,9,0,0,0,0,0
410160,0,1,0,0,0,0,0,0,0,0,0,0
410160,1,1,0,0,0,0,0,0,0,0,0,0
410161,1,1,0,0,0,0,0,0,0,0,0,0
410161,2,1,0,0,0,0,0,0,0,0,0,0
410162,1,1,3,3,3,3,3,3,3,3,3,3
410162,2,1,0,0,0,0,0,0,0,0,0,0
410162,3,1,0,0,0,0,0,0,0,0,0,0
410163,1,1,7,7,7,7,7,7,7,7,7,7
410163,2,1,0,0,0,0,0,0,0,0,0,15
410164,1,1,25,25,25,25,25,25,25,25,25,25
410164,2,1,0,0,0,0,0,0,0,0,0,0
410165,1,1,0,0,0,0,0,0,0,0,0,0
410166,1,1,17,17,17,17,17,17,17,17,17,17
410167,1,1,0,0,0,0,0,0,0,0,0,17
410168,0,1,3,3,3,3,3,3,3,3,3,3
410168,1,1,11,14,4,0,6,11,21,14,2,14
410169,1,1,27,0,0,0,0,0,0,0,0,0
410169,2,1,0,0,0,0,0,0,0,0,0,0
410170,1,1,0,0,0,0,0,0,0,0,0,0
410170,2,1,0,0,0,0,0,0,0,0,0,0
410171,1,1,0,0,0,0,0,0,0,0,0,0
410171,2,1,0,0,0,0,0,0,0,0,0,0
410172,1,1,3,3,3,3,3,3,3,3,3,3
410174,1,1,25,25,25,25,25,25,25,25,25,25
410175,1,1,21,21,21,21,21,21,21,21,21,21
410176,0,1,18,18,18,18,18,18,18,18,18,18
410176,1,1,0,0,0,0,0,0,0,0,0,0
410177,1,1,0,0,0,0,0,0,0,0,0,0
410177,2,1,0,0,0,0,0,0,0,0,0,0
410178,1,1,0,0,0,0,0,0,0,0,0,0
410178,2,1,0,13,0,0,0,0,0,0,0,0
410179,1,1,6,6,6,6,6,6,6,6,6,6
410180,1,1,0,0,0,0,0,0,0,0,0,0
410180,2,1,0,0,0,0,0,0,0,0,0,0
410181,1,1,24,0,10,9,0,0,20,0,0,5
410182,1,1,0,0,0,0,0,0,0,0,0,0
410183,1,1,0,2,18,0,0,7,0,0,19,0
410184,1,1,0,0,0,0,0,0,0,0,0,0
410185,1,1,28,28,28,28,28,28,28,28,28,28
410186,1,1,16,16,16,16,16,16,16,16,16,16
410186,2,1,0,0,0,0,0,0,21,0,0,0
410187,1,1,0,0,0,0,0,0,0,0,0,0
410188,1,1,0,0,0,0,0,0,0,0,0,0
410188,2,1,0,0,0,0,0,0,0,0,0,0
410189,1,1,0,0,0,0,0,0,0,0,0,0
410191,1,1,0,0,0,0,0,0,0,0,0,0
410192,1,1,35,35,35,35,35,35,35,35,35,35
410192,2,1,0,0,0,0,0,0,0,0,0,0
410193,1,1,0,0,0,0,0,0,0,0,0,0
410193,2,1,0,0,14,6,0,0,0,0,4,0
410193,3,1,2,7,8,0,0,0,0,7,0,5
410193,4,1,10,3,3,0,0,0,0,0,0,4
410193,5,1,2,0,0,9,0,0,0,0,0,19
410193,6,1,0,0,0,0,0,0,0,0,0,0
410193,7,1,0,0,0,0,0,0,0,0,0,0
410193,8,1,1,1,1,1,1,1,1,1,1,1
410193,9,1,1,0,0,11,23,11,0,0,0,0
410193,10,1,12,0,21,0,0,22,0,5,8,0
410194,1,1,0,0,0,0,0,0,0,0,0,0
410195,1,1,0,0,0,0,0,0,0,0,0,0
410196,0,1,20,0,13,0,21,0,25,22,18,14
410196,1,1,0,0,0,32,26,47,0,17,30,18
410197,1,1,33,0,0,0,0,0,0,7,0,0
410197,2,1,0,9,0,2,19,0,23,0,0,0
410198,1,1,16,16,16,16,16,16,16,16,16,16
410199,1,1,0,0,0,0,0,0,0,0,0,0
410200,1,1,0,0,0,0,0,0,0,0,0,0
410201,1,1,24,24,24,24,24,24,24,24,24,24
410202,1,1,11,0,0,0,19,0,5,11,0,0
410202,2,1,0,30,0,0,0,0,21,0,15,0
410203,1,1,0,0,0,0,0,0,0,0,0,0
410203,2,1,0,0,0,0,0,0,0,0,0,0
410204,1,1,10,10,10,10,10,10,10,10,10,10
410205,0,1,20,20,20,20,20,20,20,20,20,20
410205,1,1,0,0,0,0,0,0,0,0,0,0
410206,1,1,0,0,0,0,0,0,0,0,0,0
410206,2,1,0,0,0,0,0,0,0,0,0,0
410207,0,1,0,0,0,0,0,0,0,0,0,0
410207,1,1,11,0,10,35,41,0,0,0,0,41
410208,1,1,19,19,19,19,19,19,19,19,19,19
410209,1,1,0,0,0,0,0,14,10,0,0,20
410209,2,1,0,0,0,0,0,0,0,0,0,0
410210,1,1,10,10,10,10,10,10,10,10,10,10
410211,0,1,0,0,0,0,0,0,0,0,0,0
410211,1,1,0,0,0,0,0,0,0,0,0,0
410211,2,1,0,0,0,0,0,0,0,0,0,0
410211,3,1,0,0,0,0,0,0,0,0,0,0
410212,1,1,0,0,0,0,0,0,0,0,0,0
410212,2,1,13,13,13,13,13,13,13,13,13,13
410213,0,1,0,0,0,0,0,0,0,0,0,0
410213,1,1,24,24,24,24,24,24,24,24,24,24
410213,2,1,1,1,1,1,1,1,1,1,1,1
410214,1,1,0,0,0,0,0,0,0,0,0,0
410214,2,1,0,0,0,0,0,0,0,0,0,0
410215,1,1,21,21,21,21,21,21,21,21,21,21
410215,2,1,0,0,0,0,0,0,0,0,9,0
410216,1,1,0,0,0,0,0,0,0,0,0,0
410217,1,1,0,0,0,0,0,0,0,0,0,0
410218,1,1,0,0,0,0,16,0,0,0,0,0
410218,2,1,0,0,0,0,0,0,32,0,0,0
410218,3,1,0,0,0,0,0,0,0,0,0,0
410219,1,1,0,0,0,0,0,0,0,0,0,0
410220,1,1,0,0,11,0,0,0,0,17,0,0
410221,1,1,5,5,5,5,5,5,5,5,5,5
410222,1,1,0,0,0,0,0,0,0,0,0,0
410223,0,1,0,0,0,0,0,0,0,0,0,0
410223,1,1,0,0,0,0,0,0,0,0,0,0
410224,1,1,24,24,24,24,24,24,24,24,24,24
410225,1,1,0,0,0,0,0,0,0,0,0,0
410225,2,1,0,0,0,0,0,0,0,0,0,0
410226,0,1,0,24,16,0,0,0,0,0,0,0
410226,1,1,0,0,0,0,0,0,0,0,0,0
410227,1,1,0,0,0,0,0,0,0,0,0,0
410227,2,1,0,0,10,0,14,0,0,0,0,0
410227,3,1,0,0,0,0,0,0,0,0,0,0
410228,1,1,0,0,0,0,0,0,0,0,9,0
410229,1,1,0,0,0,0,0,0,0,0,0,0
410229,2,1,0,0,0,0,0,0,0,0,0,0
410230,1,1,0,0,0,0,0,0,0,0,0,0
410230,2,1,0,0,0,0,0,0,0,0,0,0
410231,1,1,21,21,21,21,21,21,21,21,21,21
410231,2,1,0,0,0,0,27,0,0,0,0,0
410232,0,1,12,12,12,12,12,12,12,12,12,12
410232,1,1,0,0,0,0,0,0,0,0,0,0
410233,1,1,32,32,32,32,32,32,32,32,32,32
410234,1,1,19,19,0,0,23,12,19,0,21,13
410234,2,1,0,0,0,0,0,0,0,0,0,0
410235,1,1,0,0,0,0,0,0,0,0,0,0
410235,2,1,0,0,0,0,0,0,26,0,0,0
410235,3,1,0,0,0,0,0,0,0,0,0,0
410236,1,1,0,7,0,0,0,0,0,0,13,0
410237,1,1,0,0,0,0,0,0,0,0,0,0
410238,1,1,0,0,0,0,0,0,0,0,0,0
410239,1,1,2,2,2,2,2,2,2,2,2,2
410240,1,1,0,0,0,0,0,0,0,0,0,0
410240,2,1,0,0,0,0,0,0,0,0,0,0
410241,1,1,20,20,20,20,20,20,20,20,20,20
410241,2,1,0,0,0,0,0,0,0,0,0,0
410242,1,1,24,24,24,24,24,24,24,24,24,24
410243,1,1,17,17,17,17,17,17,17,17,17,17
410244,1,1,15,15,15,15,15,15,15,15,15,15
410245,1,1,1,1,1,1,1,1,1,1,1,1
410245,2,1,0,0,0,0,0,0,0,0,0,0
410246,0,1,0,0,0,0,0,0,0,0,0,0
410246,1,1,0,21,11,0,0,0,0,18,0,0
410247,1,1,4,4,4,4,4,4,4,4,4,4
410247,2,1,0,0,0,0,0,0,0,0,0,0
410248,1,1,12,12,12,12,12,12,12,12,12,12
410249,1,1,25,25,25,25,25,25,25,25,25,25
410249,2,1,7,0,0,0,0,0,0,11,0,0
410250,1,1,0,0,0,0,0,0,0,0,0,0
410250,2,1,0,0,0,0,0,0,0,0,0,0
410251,1,1,24,24,24,24,24,24,24,24,24,24
410251,2,1,0,0,0,0,0,0,0,0,0,0
410252,0,1,0,0,12,11,23,0,0,22,0,0
410252,1,1,0,0,0,0,24,15,12,0,0,0
410253,1,1,22,22,22,22,22,22,22,22,22,22
410254,1,1,16,16,16,16,16,16,16,16,16,16
410255,0,1,6,6,6,6,6,6,6,6,6,6
410255,1,1,0,0,0,0,0,0,0,0,0,0
410256,1,1,22,22,22,22,22,22,22,22,22,22
410257,1,1,18,18,18,18,18,18,18,18,18,18
410258,1,1,0,0,0,0,0,0,0,0,0,0
410258,2,1,0,0,0,0,0,0,0,0,0,0
410259,1,1,0,0,0,0,0,0,0,0,0,0
410260,1,1,0,0,0,0,0,0,0,0,0,0
410261,1,1,8,8,8,8,8,8,8,8,8,8
410261,2,1,0,0,0,0,0,0,0,0,0,0
410262,1,1,16,16,16,16,16,16,16,16,16,16
410263,1,1,14,14,14,14,14,14,14,14,14,14
410264,1,1,0,0,0,0,0,0,0,0,0,0
410265,0,1,0,0,0,0,0,0,0,0,0,0
410265,1,1,0,0,0,0,24,0,0,0,20,0
410266,1,1,23,23,23,23,23,23,23,23,23,23
410267,1,1,2,2,2,2,2,2,2,2,2,2
410268,1,1,8,8,8,8,8,8,8,8,8,8
410269,0,1,0,0,0,0,0,0,0,0,0,0
410269,1,1,0,0,0,0,0,0,0,0,0,0
410270,1,1,18,18,18,18,18,18,18,18,18,18
410271,0,1,27,27,27,27,27,27,27,27,27,27
410271,1,1,20,0,0,0,0,23,0,0,0,0
410272,1,1,0,0,0,0,0,0,0,0,0,21
410272,2,1,0,0,0,0,0,0,0,0,0,0
410273,1,1,0,0,0,0,0,0,0,0,0,0
410273,2,1,0,0,0,0,0,0,0,0,0,0
410274,1,1,0,0,0,0,0,15,0,0,0,0
410274,2,1,0,0,0,0,0,0,0,0,0,0
410275,1,1,0,0,0,0,0,0,0,0,0,0
410275,2,1,0,0,0,0,0,0,0,0,0,0
410276,0,1,0,0,0,0,0,0,0,0,0,0
410276,1,1,10,0,0,30,0,0,13,0,0,0
410277,1,1,0,0,0,0,0,0,0,0,0,0
410277,2,1,0,0,0,0,0,0,0,0,0,0
410278,0,1,0,0,0,0,0,0,0,0,0,0
410278,1,1,0,0,0,0,0,0,0,0,0,0
410279,1,1,0,0,0,0,0,0,0,0,0,0
410279,2,1,0,0,0,0,0,0,0,0,0,0
410280,1,1,0,0,0,0,25,0,0,0,0,0
410280,2,1,0,0,0,0,0,0,0,0,0,0
410281,1,1,0,0,0,0,0,0,0,0,0,0
410281,2,1,0,0,0,0,0,0,0,0,0,0
410282,1,1,18,18,18,18,18,18,18,18,18,18
410283,1,1,30,30,30,30,30,30,30,30,30,30
410284,0,1,0,0,0,0,0,0,0,0,0,0
410284,1,1,0,0,9,15,0,0,0,0,0,0
410285,1,1,0,0,0,0,0,0,0,0,0,0
410285,2,1,0,0,0,0,0,0,0,0,22,0
410286,0,1,0,0,0,0,0,0,0,0,0,0
410286,1,1,0,0,0,0,15,19,0,0,0,0
410287,0,1,1,1,1,1,1,1,1,1,1,1
410287,1,1,23,0,0,25,6,32,15,0,0,0
410288,0,1,0,0,0,0,0,0,0,0,0,0
410288,1,1,0,0,0,0,0,0,15,0,0,0
410289,1,1,14,14,14,14,14,14,14,14,14,14
410290,1,1,0,0,0,0,0,4,0,0,0,0
410290,2,1,0,0,0,0,0,0,0,0,0,0
410291,1,1,23,23,23,23,23,23,23,23,23,23
410291,2,1,0,0,0,0,0,0,0,0,0,0
410292,1,1,0,0,0,0,0,0,0,0,0,0
410293,0,1,0,0,0,0,0,0,0,0,0,0
410293,1,1,0,0,0,0,0,0,0,0,0,0
410294,0,1,4,4,4,4,4,4,4,4,4,4
410294,1,1,0,0,0,0,0,0,0,0,0,0
410295,1,1,0,0,0,0,0,0,0,0,0,0
410295,2,1,0,0,0,0,0,0,0,0,0,0
410296,0,1,0,0,0,0,0,0,0,0,0,0
410296,1,1,0,0,0,0,0,0,0,19,0,0
410297,1,1,14,14,14,14,14,14,14,14,14,14
410298,1,1,0,0,0,0,0,0,0,0,0,0
410299,0,1,0,0,0,0,0,0,0,0,0,0
410299,1,1,0,0,0,0,0,0,0,0,0,0
410300,1,1,15,0,0,0,0,0,0,0,0,0
410300,2,1,0,0,0,0,0,0,0,0,0,0
410301,1,1,0,0,0,0,0,0,0,0,0,0
410302,1,1,3,3,3,3,3,3,3,3,3,3
410303,1,1,0,0,20,0,0,0,0,0,0,0
410303,2,1,0,0,0,0,0,0,0,0,0,0
410304,0,1,7,7,7,7,7,7,7,7,7,7
410304,1,1,0,0,0,0,0,0,0,0,0,0
410305,0,1,0,0,0,0,0,0,0,0,0,0
410305,1,1,0,0,0,0,0,0,0,0,0,0
410306,1,1,0,13,0,0,0,11,8,0,0,0
410307,1,1,0,0,0,0,0,0,0,0,0,0
410307,2,1,0,0,0,0,0,0,0,0,0,0
410308,1,1,0,0,0,0,0,0,0,0,0,0
410308,2,1,0,0,0,0,0,0,0,0,4,0
410309,1,1,13,13,13,13,13,13,13,13,13,13
410310,1,1,4,4,4,4,4,4,4,4,4,4
410311,0,1,0,0,0,0,0,0,0,0,0,0
410311,1,1,0,0,0,0,0,0,0,0,0,0