ST_CASE,VEH_NO,PER_NO,P1,P2,P3,P4,P5,P6,P7,P8,P9,P10
450235,2,1,17,17,17,17,17,17,17,17,17,17
450236,1,1,0,0,0,0,0,0,0,0,0,0
450236,2,1,0,0,0,0,0,0,0,0,0,0
450237,0,1,27,27,27,27,27,27,27,27,27,27
450237,1,1,0,0,0,0,0,0,0,0,0,0
450238,0,1,2,2,2,2,2,2,2,2,2,2
450238,1,1,0,0,21,0,0,6,0,0,0,0
450239,1,1,20,20,20,20,20,20,20,20,20,20
450240,1,1,0,0,0,0,0,0,0,0,0,0
450241,1,1,0,0,0,0,0,0,0,16,33,0
450241,2,1,0,0,0,0,0,0,0,0,9,0
450242,1,1,0,0,0,0,0,0,0,0,0,0
450243,0,1,0,0,0,0,0,0,0,0,0,0
450243,1,1,0,0,0,0,0,0,0,0,0,0
450244,1,1,10,5,30,10,11,16,33,18,14,18
450244,2,1,0,0,0,0,0,0,0,0,0,0
450244,3,1,0,0,0,15,0,0,0,0,0,0
450245,1,1,0,5,0,0,0,0,0,0,0,0
450245,2,1,0,0,0,0,0,18,0,0,0,0
450246,2,1,2,2,2,2,2,2,2,2,2,2
450247,1,1,27,27,27,27,27,27,27,27,27,27
450248,1,1,0,0,0,0,0,0,0,0,0,0
450249,1,1,0,0,0,0,0,0,0,0,0,0
450250,0,1,0,0,12,0,0,10,0,0,0,0
450250,1,1,0,0,0,0,0,0,0,0,0,0
450251,1,1,16,0,0,0,0,0,0,0,0,0
450251,2,1,10,10,27,9,18,10,9,26,16,24
450252,0,1,15,15,15,15,15,15,15,15,15,15
450252,1,1,0,0,0,0,0,0,0,0,0,0
450253,1,1,23,23,23,23,23,23,23,23,23,23
450254,1,1,0,0,0,0,0,0,0,0,0,10
450254,2,1,0,0,0,0,0,0,0,0,0,0
450254,3,1,0,0,0,0,0,0,0,0,0,0
450255,1,1,14,13,12,16,12,9,12,12,22,8
450255,2,1,5,14,8,0,13,17,30,17,6,4
450256,0,1,11,11,11,11,11,11,11,11,11,11
450256,1,1,11,0,0,0,0,0,0,0,0,0
450257,1,1,0,0,0,0,0,0,0,0,0,0
450257,2,1,0,0,0,0,0,0,0,0,0,12
450258,0,1,0,0,0,0,0,0,0,0,0,0
450258,1,1,0,0,0,0,0,0,0,0,0,0
450259,1,1,0,0,0,0,0,0,0,0,0,0
450259,2,1,0,0,0,0,0,0,0,0,0,0
450260,1,1,0,0,0,0,0,0,0,0,0,0
450261,0,1,34,34,34,34,34,34,34,34,34,34
450261,1,1,0,0,0,0,0,0,0,0,0,0
450262,1,1,14,14,14,14,14,14,14,14,14,14
450263,1,1,0,0,0,0,0,0,0,0,0,0
450264,1,1,0,0,0,0,0,0,0,0,0,0
450264,2,1,24,0,19,0,0,0,0,0,0,0
450265,0,1,7,7,7,7,7,7,7,7,7,7
450265,1,1,0,0,0,0,0,0,0,0,0,0
450266,1,1,0,0,0,0,0,0,0,0,0,0
450266,2,1,0,27,0,0,0,0,0,0,0,0
450266,3,1,0,0,0,0,0,0,0,0,0,0
450267,1,1,0,0,0,0,0,0,0,0,0,0
450267,2,1,9,9,9,9,9,9,9,9,9,9
450268,1,1,0,0,0,0,0,0,0,0,0,0
450268,2,1,0,0,0,0,0,0,0,0,0,0
450269,1,1,23,13,11,5,11,12,10,13,3,23
450269,2,1,27,27,27,27,27,27,27,27,27,27
450270,1,1,0,0,0,0,0,0,0,0,0,0
450270,2,1,0,0,0,0,0,0,0,0,0,0
450271,1,1,8,8,8,8,8,8,8,8,8,8
450272,1,1,0,0,0,0,0,0,0,0,0,0
450272,2,1,0,0,0,0,0,0,0,0,0,0
450272,3,1,0,0,0,0,0,0,0,29,0,0
450273,1,1,0,0,0,0,0,0,0,0,0,0
450273,2,1,0,0,0,0,0,0,0,0,0,0
450274,1,1,20,20,20,20,20,20,20,20,20,20
450275,1,1,0,0,0,0,0,0,0,0,0,0
450275,2,1,0,0,0,0,0,0,0,0,0,0
450275,3,1,0,0,0,0,0,0,0,0,0,0
450276,1,1,0,0,0,0,0,0,0,0,0,0
450276,2,1,0,0,0,0,0,0,0,0,0,0
450277,1,1,0,0,0,0,0,0,0,0,0,0
450277,2,1,15,0,0,0,0,0,17,0,0,0
450278,1,1,0,0,0,0,0,0,0,0,0,0
450278,2,1,0,0,0,0,0,0,0,0,0,0
450279,1,1,29,29,29,29,29,29,29,29,29,29
450280,1,1,0,28,0,0,0,11,0,26,24,24
450281,1,1,0,0,0,0,0,0,0,0,0,0
450281,2,1,0,0,0,0,0,0,0,0,0,0
450281,3,1,13,0,0,0,0,0,0,0,0,0
450281,4,1,0,0,0,0,0,0,0,0,0,0
450282,1,1,0,0,0,0,0,0,0,0,0,0
450283,1,1,0,0,0,0,0,0,0,34,0,19
450284,1,1,0,0,0,0,10,20,0,0,0,0
450285,1,1,0,0,0,0,0,0,0,0,0,0
450285,2,1,0,0,0,0,0,0,0,0,0,0
450286,1,1,0,0,0,0,0,0,0,0,0,19
450286,2,1,0,0,0,0,7,0,0,0,39,0
450287,1,1,0,0,0,0,0,0,0,0,20,0
450287,2,1,0,0,0,0,0,0,0,0,0,0
450288,1,1,0,0,0,0,0,0,0,0,0,0
450288,2,1,0,0,16,0,15,0,0,8,0,0
450289,0,1,0,0,0,0,0,0,0,0,0,0
450289,1,1,0,0,0,0,11,0,0,0,0,0
450290,0,1,0,8,0,0,0,0,0,0,0,0
450290,1,1,0,0,0,12,0,0,0,0,0,0
450291,0,1,0,0,0,0,0,0,0,0,0,0
450291,1,1,0,0,0,0,0,0,0,0,0,0
450292,1,1,11,11,11,11,11,11,11,11,11,11
450293,0,1,22,22,22,22,22,22,22,22,22,22
450293,1,1,0,0,0,0,0,0,0,0,0,0
450294,1,1,0,0,0,0,0,0,0,0,0,0
450295,1,1,0,0,0,0,0,0,0,0,0,0
450295,2,1,0,0,0,0,0,0,0,0,0,0
450296,1,1,0,0,0,0,0,0,0,0,15,0
450296,2,1,0,0,22,0,0,0,0,0,18,0
450296,3,1,0,0,0,0,0,0,0,0,0,0
450297,1,1,0,0,0,0,0,0,0,0,0,0
450297,2,1,0,0,0,0,0,0,0,0,0,0
450298,1,1,0,0,0,0,0,0,10,0,0,0
450298,2,1,22,22,22,22,22,22,22,22,22,22
450299,1,1,0,0,0,0,0,0,0,0,0,0
450299,2,1,0,0,0,0,0,0,0,0,0,0
450300,1,1,0,0,0,11,0,0,0,0,0,0
450300,2,1,0,0,0,0,0,0,0,0,0,0
450300,3,1,0,0,0,0,0,0,0,0,0,0
450301,1,1,0,0,0,0,0,0,0,0,0,0
450302,1,1,0,0,0,0,0,0,0,0,0,0
450302,2,1,0,0,0,0,0,0,0,0,0,0
450303,1,1,0,0,0,0,0,0,0,0,0,0
450303,2,1,19,19,19,19,19,19,19,19,19,19
450304,1,1,0,0,0,0,0,0,0,0,0,0
450305,1,1,0,0,0,0,0,0,0,0,0,0
450306,0,1,0,0,0,0,0,0,0,0,0,0
450306,1,1,0,0,0,0,0,0,0,0,0,0
450307,1,1,16,16,16,16,16,16,16,16,16,16
450308,1,1,0,0,0,0,0,0,0,0,0,0
450309,1,1,0,0,0,0,0,0,0,0,0,0
450310,1,1,0,0,0,0,0,0,0,0,0,0
450311,1,1,0,0,0,0,0,0,0,0,0,0
450311,2,1,0,0,0,0,0,0,0,0,0,0
450312,0,1,7,7,7,7,7,7,7,7,7,7
450312,1,1,0,0,0,0,0,0,0,0,0,0
450313,1,1,0,0,0,0,0,0,0,0,0,0
450314,1,1,8,8,8,8,8,8,8,8,8,8
450315,1,1,21,21,21,21,21,21,21,21,21,21
450315,2,1,23,0,0,0,0,24,0,0,28,0
450316,1,1,0,0,0,0,0,0,0,0,0,0
450316,2,1,0,19,0,0,0,0,0,0,0,0
450317,1,1,0,0,0,0,0,0,28,0,0,0
450317,2,1,0,0,0,0,0,0,0,0,0,0
450318,1,1,26,0,0,0,0,0,17,0,0,18
450319,1,1,0,0,0,0,0,0,0,0,0,0
450320,1,1,0,0,0,0,0,15,0,0,0,0
450320,2,1,0,0,0,0,0,0,0,0,0,0
450321,1,1,0,0,23,13,0,0,0,19,0,0
450322,1,1,0,0,11,4,0,0,0,0,0,0
450323,1,1,0,0,0,0,0,0,0,0,0,0
450323,2,1,0,0,0,0,0,0,0,0,0,0
450323,3,1,0,0,0,0,0,0,0,0,0,0
450324,1,1,14,14,14,14,14,14,14,14,14,14
450325,0,1,0,0,0,0,0,0,0,0,0,0
450325,1,1,0,21,0,0,0,0,0,19,12,8
450325,2,1,0,0,0,0,18,0,0,20,22,0
450326,1,1,28,28,28,28,28,28,28,28,28,28
450327,1,1,0,0,0,0,0,0,0,0,0,0
450327,2,1,0,0,0,0,0,0,0,0,0,0
450328,1,1,0,0,0,0,0,0,0,0,0,0
450329,1,1,24,12,11,11,13,23,6,15,27,7
450330,1,1,33,33,33,33,33,33,33,33,33,33
450330,2,1,0,0,0,0,0,0,0,0,0,0
450330,3,1,0,0,0,0,0,0,0,0,0,0
450331,1,1,0,0,17,0,7,11,0,0,0,0
450331,2,1,25,25,25,25,25,25,25,25,25,25
450332,1,1,0,0,0,0,0,0,0,0,0,0
450332,2,1,7,7,7,7,7,7,7,7,7,7
450333,1,1,20,20,20,20,20,20,20,20,20,20
450334,0,1,0,0,0,0,0,0,0,0,0,0
450334,1,1,4,0,0,0,0,0,0,0,0,0
450335,1,1,20,20,20,20,20,20,20,20,20,20
450336,1,1,0,0,0,0,0,0,0,0,0,0
450337,1,1,0,0,0,0,0,0,0,0,0,0
450337,2,1,0,0,0,0,0,0,0,0,0,0
450338,1,1,1,1,1,1,1,1,1,1,1,1
450339,1,1,0,0,0,0,0,0,0,0,0,0
450339,2,1,3,3,3,3,3,3,3,3,3,3
450340,1,1,23,23,23,23,23,23,23,23,23,23
450341,1,1,0,0,0,0,0,0,0,19,0,0
450341,2,1,0,0,0,0,0,15,0,0,20,0
450342,1,1,0,0,0,0,0,0,0,0,0,0
450343,1,1,0,0,0,0,0,0,0,0,0,0
450344,1,1,0,0,0,0,0,0,0,0,0,0
450344,2,1,0,0,0,0,0,0,0,0,0,0
450345,1,1,0,0,0,0,0,0,0,0,0,0
450345,2,1,6,6,6,6,6,6,6,6,6,6
450346,1,1,24,24,24,24,24,24,24,24,24,24
450347,1,1,0,0,0,0,0,0,0,0,0,0
450347,2,1,0,0,0,0,0,0,0,0,0,0
450348,1,1,0,0,0,0,0,0,0,0,0,0
450348,2,1,0,0,0,0,0,0,0,0,0,0
450349,1,1,30,30,30,30,30,30,30,30,30,30
450350,1,1,0,0,0,0,0,0,0,0,0,0
450350,2,1,30,30,30,30,30,30,30,30,30,30
450351,1,1,0,0,0,0,0,0,0,0,0,0
450351,2,1,0,0,0,0,0,0,0,0,0,0
450352,1,1,0,0,0,0,0,0,0,0,0,0
450352,2,1,0,0,0,0,0,0,0,0,0,0
450353,1,1,8,8,8,8,8,8,8,8,8,8
450354,1,1,0,0,0,0,0,0,0,0,0,0
450355,1,1,14,14,14,14,14,14,14,14,14,14
450356,1,1,0,0,0,0,0,0,0,0,0,0
450357,2,1,0,0,0,0,0,0,0,0,0,0
450358,1,1,0,0,0,10,0,0,0,0,10,0
450359,1,1,0,0,0,0,0,0,0,0,9,0
450359,2,1,27,27,27,27,27,27,27,27,27,27
450360,1,1,0,0,0,0,0,0,0,0,0,0
450361,1,1,0,0,0,0,0,0,0,0,0,0
450362,1,1,29,29,29,29,29,29,29,29,29,29
450363,0,1,34,34,34,34,34,34,34,34,34,34
450363,1,1,0,0,0,6,0,0,0,0,0,0
450364,1,1,10,10,10,10,10,10,10,10,10,10
450365,1,1,0,0,0,0,0,0,0,0,0,0
450366,1,1,0,0,0,0,0,0,0,0,0,0
450366,2,1,0,0,0,0,0,0,0,0,0,0
450367,1,1,25,25,25,25,25,25,25,25,25,25
450368,1,1,27,27,27,27,27,27,27,27,27,27
450369,1,1,10,10,10,10,10,10,10,10,10,10
450370,1,1,0,0,0,0,0,0,0,0,0,0
450370,2,1,5,5,5,5,5,5,5,5,5,5
450371,1,1,0,0,0,0,0,0,0,0,0,0
450371,2,1,0,0,0,0,0,0,0,0,0,0
450371,3,1,0,0,0,0,0,0,0,0,0,0
450372,1,1,0,0,0,0,0,0,0,0,0,0
450373,0,1,0,0,0,0,0,0,0,0,0,0
450373,1,1,0,0,0,0,0,0,0,0,0,0
450374,1,1,0,0,0,0,0,0,0,0,0,0
450375,1,1,0,0,0,0,0,0,0,0,0,0
450376,1,1,0,0,0,0,0,0,0,0,0,33
450376,2,1,0,8,0,0,0,0,0,7,0,0
450377,1,1,0,0,0,0,0,0,0,0,0,0
450377,2,1,0,0,0,0,0,0,0,0,0,0
450378,1,1,0,0,0,0,0,0,0,0,0,0
450378,2,1,3,3,3,3,3,3,3,3,3,3
450379,0,1,0,0,0,22,0,0,0,0,0,0
450379,1,1,0,0,0,0,0,0,0,19,0,0
450380,1,1,13,29,12,15,33,11,23,0,10,15
450381,1,1,0,0,0,0,0,0,0,0,0,0
450381,2,1,0,0,0,0,0,0,0,0,0,0
450381,3,1,0,0,0,0,0,0,0,0,0,0
450382,1,1,21,21,21,21,21,21,21,21,21,21
450383,1,1,0,0,0,0,0,0,0,0,0,0
450383,2,1,0,0,0,0,0,0,0,0,0,0
450383,3,1,0,0,0,0,0,0,0,0,0,0
450383,4,1,0,0,0,0,0,0,28,0,0,0
450384,1,1,19,19,19,19,19,19,19,19,19,19
450385,1,1,24,24,24,24,24,24,24,24,24,24
450386,1,1,13,13,13,13,13,13,13,13,13,13
450387,0,1,0,0,0,0,0,0,0,0,0,0
450387,1,1,0,0,0,0,0,0,0,0,0,0
450389,0,1,29,29,29,29,29,29,29,29,29,29
450389,1,1,0,0,0,0,0,0,0,0,0,0
450390,1,1,0,0,0,0,0,0,0,0,0,0
450391,1,1,0,0,0,0,0,0,0,12,0,0
450392,1,1,19,0,0,0,0,0,0,0,0,0
450392,2,1,0,0,0,0,0,0,0,0,0,0
450393,1,1,0,0,0,0,0,0,0,0,0,0
450393,2,1,0,0,0,0,0,0,0,0,0,0
450394,1,1,0,0,0,0,0,0,0,0,0,0
450394,2,1,0,0,0,0,0,0,0,0,0,0
450395,1,1,0,0,0,0,0,0,0,0,0,0
450395,2,1,0,0,0,0,0,0,0,0,0,0
450396,1,1,0,0,0,0,0,0,0,0,0,0
450396,2,1,0,0,6,0,0,0,0,0,0,0
450396,3,1,0,0,0,0,0,0,0,0,0,0
450397,1,1,0,0,0,0,0,0,0,0,0,0
450397,2,1,0,0,0,0,0,0,0,0,0,0
450397,3,1,0,0,0,0,0,0,0,0,0,0
450397,4,1,0,0,0,0,0,0,0,0,0,0
450398,1,1,0,0,0,0,0,0,0,0,0,0
450398,2,1,0,0,0,0,0,0,0,0,0,0
450398,3,1,0,0,0,12,0,0,0,0,0,0
450399,1,1,1,1,1,1,1,1,1,1,1,1
450399,2,1,0,0,0,0,0,0,0,0,0,0
450399,3,1,0,0,0,0,0,0,0,0,0,0
450399,4,1,0,0,0,0,0,0,0,0,0,0
450400,1,1,0,10,18,12,0,0,0,0,0,0
450401,1,1,0,0,0,0,0,0,0,0,2,0
450401,2,1,26,0,0,0,0,0,0,0,5,15
450401,3,1,0,0,0,0,0,0,0,0,0,0
450401,4,1,0,0,0,0,0,0,0,0,0,0
450402,1,1,23,23,23,23,23,23,23,23,23,23
450402,2,1,0,0,0,0,0,0,5,0,0,0
450403,1,1,20,20,20,20,20,20,20,20,20,20
450404,1,1,0,11,0,25,10,0,0,0,0,0
450405,1,1,0,0,0,0,0,0,0,0,0,0
450405,2,1,0,0,0,0,0,0,0,0,0,0
450406,0,1,0,0,0,0,0,0,0,0,0,0
450406,1,1,0,0,0,0,0,0,0,27,0,0
450407,1,1,0,0,0,0,0,0,0,0,0,0
450407,2,1,24,24,24,24,24,24,24,24,24,24
450408,1,1,0,0,0,0,0,0,0,0,0,0
450409,1,1,24,0,0,0,0,0,0,0,0,0
450409,2,1,0,0,0,0,0,0,0,0,0,0
450410,1,1,8,8,8,8,8,8,8,8,8,8
450411,1,1,23,23,23,23,23,23,23,23,23,23
450412,1,1,0,0,0,0,0,0,0,0,0,0
450412,2,1,0,0,0,0,0,0,0,0,0,0
450413,1,1,0,0,0,0,0,0,0,0,0,0
450413,2,1,0,0,0,0,0,0,0,0,0,0
450414,1,1,0,0,0,0,0,0,0,21,0,0
450415,1,1,0,0,0,0,0,0,0,0,0,0
450415,2,1,0,0,0,0,0,0,0,0,0,0
450416,1,1,0,0,0,0,0,0,0,0,0,0
450416,2,1,0,0,0,0,0,0,0,0,0,0
450417,0,1,0,0,0,0,0,0,0,0,0,0
450417,1,1,0,0,0,0,0,0,0,0,0,0
450418,1,1,0,0,0,0,0,0,0,0,0,0
450419,1,1,0,0,0,0,0,0,0,0,0,4
450419,2,1,30,30,30,30,30,30,30,30,30,30
450420,0,1,0,0,0,0,0,0,0,0,0,0
450420,1,1,0,0,6,0,0,23,0,0,0,0
450421,1,1,13,13,13,13,13,13,13,13,13,13
450422,0,1,49,49,49,49,49,49,49,49,49,49
450422,1,1,19,15,0,24,28,0,16,0,7,0
450423,0,1,33,33,33,33,33,33,33,33,33,33
450423,1,1,0,10,0,21,0,23,0,21,0,0
450424,1,1,0,0,0,0,0,0,0,0,0,0
450424,2,1,0,0,0,0,0,0,0,0,0,0
450425,1,1,0,0,0,0,0,0,0,0,0,0
450426,1,1,0,0,0,0,0,0,0,0,0,0
450426,2,1,0,0,0,0,0,0,0,0,0,0
450426,3,1,0,0,0,11,0,0,0,0,0,0
450427,0,1,7,7,7,7,7,7,7,7,7,7
450427,1,1,0,0,0,0,0,0,0,0,0,0
450428,1,1,0,0,0,0,0,0,0,0,0,0
450429,0,1,0,0,0,0,0,0,0,0,0,0
450429,1,1,0,0,0,0,0,0,7,0,0,0
450430,1,1,0,0,0,0,0,0,0,0,0,0
450430,2,1,0,0,0,0,0,0,0,0,0,0
450431,1,1,15,15,15,15,15,15,15,15,15,15
450432,1,1,30,0,0,0,6,34,12,0,20,0
450432,2,1,9,9,9,9,9,9,9,9,9,9
450433,1,1,6,6,6,6,6,6,6,6,6,6
450434,1,1,0,0,0,0,0,0,0,0,0,0
450434,2,1,0,0,0,0,0,0,0,0,0,0
450435,1,1,0,0,0,0,0,0,0,0,0,0
450435,2,1,0,0,0,0,0,0,0,0,0,0
450436,1,1,0,0,0,0,0,0,0,0,0,0
450437,1,1,23,23,23,23,23,23,23,23,23,23
450438,1,1,0,0,0,0,0,0,0,0,0,0
450438,2,1,0,0,0,0,0,0,0,0,0,0
450439,1,1,15,15,15,15,15,15,15,15,15,15
450440,1,1,0,0,0,0,0,0,0,0,0,0
450440,2,1,0,0,0,0,0,0,0,0,0,0
450441,1,1,0,0,0,0,0,0,0,0,0,0
450441,2,1,0,0,0,0,0,0,0,0,0,0
450442,1,1,10,10,10,10,10,10,10,10,10,10
450443,0,1,0,0,0,0,0,0,0,0,0,0
450443,1,1,0,0,0,0,0,0,0,16,0,24
450444,2,1,0,0,0,0,0,0,0,0,0,0
450445,1,1,33,33,33,33,33,33,33,33,33,33
450446,1,1,0,0,0,17,22,0,0,13,26,4
450447,1,1,30,30,30,30,30,30,30,30,30,30
450448,1,1,12,12,12,12,12,12,12,12,12,12
450449,1,1,0,0,0,0,0,0,0,0,0,0
450450,1,1,0,0,0,0,0,0,0,0,0,0
450451,1,1,0,0,0,0,0,0,0,0,0,0
450451,2,1,17,0,0,0,0,0,0,0,12,0
450452,1,1,20,20,20,20,20,20,20,20,20,20
450452,2,1,0,0,0,0,0,0,0,0,0,0
450453,1,1,0,0,29,0,0,0,0,6,0,15
450454,0,1,0,0,0,0,0,0,0,0,0,0
450454,1,1,0,0,0,0,0,0,0,0,0,0
450455,1,1,0,0,0,0,0,0,0,0,0,0
450455,2,1,0,0,0,0,0,0,0,0,0,0
450456,0,1,0,0,0,0,0,0,0,0,0,0
450456,1,1,7,21,13,16,14,29,6,21,21,37
450457,1,1,5,5,5,5,5,5,5,5,5,5
450458,1,1,16,16,16,16,16,16,16,16,16,16
450458,2,1,0,0,0,0,0,0,0,0,0,0
450458,3,1,0,0,0,0,0,0,0,0,0,0
450459,1,1,0,0,0,17,0,0,0,0,20,0
450460,1,1,0,6,8,0,11,16,0,0,12,0
450461,1,1,0,0,0,24,0,0,0,0,0,0
450463,1,1,19,0,0,0,20,14,11,3,0,11
450464,1,1,0,0,0,0,0,0,0,0,0,0
450464,2,1,0,0,0,0,0,0,0,0,0,0
450465,1,1,13,13,13,13,13,13,13,13,13,13
450466,1,1,0,0,11,0,0,0,0,0,0,0
450466,2,1,0,0,0,0,0,0,0,0,0,0
450466,3,1,0,0,0,0,0,0,0,0,0,0
450467,0,1,0,0,0,0,0,0,0,23,0,29
450467,1,1,0,10,0,0,0,35,0,0,0,0
450468,1,1,0,0,0,0,0,0,0,0,0,0
450469,0,1,0,0,0,0,0,0,0,0,10,0
450469,2,1,0,0,0,0,0,0,0,0,0,0
450470,0,1,20,20,20,20,20,20,20,20,20,20
450470,1,1,0,9,0,16,28,9,25,0,11,0
450471,1,1,0,0,0,0,0,0,0,0,0,0
450471,2,1,0,0,0,0,0,0,0,7,0,0
450471,3,1,0,0,0,0,0,0,0,0,0,0
450472,1,1,0,0,0,0,0,0,0,0,0,0
450472,2,1,0,0,0,0,0,0,0,0,0,0
450474,1,1,19,19,19,19,19,19,19,19,19,19
450475,1,1,0,0,0,0,0,15,0,0,0,0
450475,2,1,0,0,0,0,0,0,0,0,0,0
450476,1,1,22,22,22,22,22,22,22,22,22,22
450476,2,1,0,0,0,0,0,0,0,0,0,0
450477,1,1,0,0,0,0,0,0,0,0,0,0
450478,1,1,0,0,0,0,0,0,0,0,0,0
450479,2,1,0,0,0,0,0,0,0,0,0,0
450479,3,1,0,0,0,0,0,0,0,0,0,0
450480,1,1,0,0,0,0,0,0,0,0,0,0
450481,1,1,0,0,0,0,0,0,0,0,0,0
450482,0,1,0,0,0,0,0,0,0,0,0,0
450482,1,1,0,0,0,0,0,0,0,0,0,0
450483,1,1,0,0,0,0,0,0,0,0,0,0
450483,2,1,0,0,0,0,0,0,0,0,0,0
450484,1,1,0,0,0,0,0,0,0,0,0,0
450484,2,1,0,0,0,0,0,0,0,0,0,0
450485,0,1,0,0,0,0,0,0,0,0,0,0
450485,1,1,0,0,0,0,0,0,0,0,0,0
450486,1,1,15,15,15,15,15,15,15,15,15,15
450487,0,1,21,0,18,0,0,0,0,0,7,0
450487,1,1,0,0,0,0,0,0,0,0,0,0
450488,1,1,0,0,0,4,0,0,11,0,0,0
450488,2,1,0,0,0,0,0,0,8,0,0,0
450489,1,1,20,20,20,20,20,20,20,20,20,20
450490,1,1,0,0,0,0,0,0,0,0,0,0
450490,2,1,0,0,18,0,0,0,0,0,0,0
450491,1,1,17,10,0,0,0,3,0,0,0,0
450491,2,1,0,0,0,0,0,0,25,18,0,0
450492,1,1,0,24,17,0,0,7,29,22,15,0
450493,1,1,0,0,0,0,0,0,0,0,0,0
450493,2,1,0,0,0,0,0,0,0,0,0,0
450494,1,1,0,0,0,0,0,18,0,0,0,0
450495,1,1,14,14,14,14,14,14,14,14,14,14
450496,1,1,0,0,0,0,0,0,10,17,0,0
450497,0,1,41,41,41,41,41,41,41,41,41,41
450497,1,1,0,0,0,18,0,8,0,27,19,9
450498,1,1,0,0,0,0,0,0,0,0,0,0
450499,0,1,10,10,10,10,10,10,10,10,10,10
450499,1,1,0,0,0,0,0,11,0,0,0,0
450500,1,1,0,0,0,0,0,0,0,0,0,0
450501,1,1,0,0,0,0,0,0,0,0,0,0
450502,1,1,0,0,0,19,0,0,0,0,0,0
450502,2,1,0,0,0,0,0,0,0,0,0,0
450503,0,1,0,0,0,0,0,0,0,0,0,0
450503,1,1,0,6,0,0,0,0,0,0,0,0
450504,1,1,0,0,0,0,0,0,0,0,0,0
450504,2,1,0,0,0,0,0,0,0,0,0,0
450504,3,1,0,0,0,0,0,0,0,0,0,0
450505,1,1,0,0,0,0,0,0,0,0,0,0
450505,2,1,0,0,0,0,0,0,0,0,0,0
450506,1,1,0,0,0,0,0,0,0,0,0,0
450507,1,1,11,11,11,11,11,11,11,11,11,11
450508,1,1,14,14,14,14,14,14,14,14,14,14
450509,0,1,12,0,0,0,0,0,0,0,0,0
450509,1,1,0,0,0,0,0,17,0,0,0,0
450510,1,1,0,0,0,0,0,0,0,0,0,0
450510,2,1,0,0,0,0,0,0,0,0,0,0
450511,1,1,0,0,0,0,0,0,0,0,0,0
450511,2,1,0,9,0,0,21,0,0,0,0,0
450512,1,1,18,18,18,18,18,18,18,18,18,18
450513,1,1,0,0,0,14,0,0,0,0,0,0
450513,2,1,0,0,0,0,0,8,0,0,0,0
450514,1,1,0,0,0,0,0,0,0,0,0,0
450514,2,1,0,0,0,0,0,0,0,0,0,0
450515,1,1,0,0,0,0,0,0,12,0,0,0
450515,2,1,0,0,19,0,0,0,0,0,0,0
450515,3,1,0,0,0,0,0,0,0,0,0,0
450516,1,1,0,0,0,0,0,0,0,0,0,0
450516,2,1,0,0,0,0,0,0,0,0,0,0
450516,3,1,0,0,0,0,0,0,0,0,0,0
450517,1,1,7,7,7,7,7,7,7,7,7,7
450518,1,1,0,0,0,14,0,0,25,0,0,0
450518,2,1,0,0,0,0,0,0,0,0,0,0
450519,1,1,0,0,0,0,0,0,0,0,0,15
450519,2,1,22,22,22,22,22,22,22,22,22,22
450520,1,1,23,19,16,14,9,6,27,27,18,22
450521,1,1,0,36,0,0,0,0,0,12,0,0
450521,2,1,0,0,0,0,0,0,0,0,0,0
450522,1,1,0,0,0,0,0,0,0,0,0,0
450523,1,1,10,10,10,10,10,10,10,10,10,10
450524,1,1,5,5,5,5,5,5,5,5,5,5
450525,0,1,0,0,0,0,0,0,0,0,0,0
450525,1,1,0,0,0,0,0,0,0,0,0,0
450526,1,1,3,3,3,3,3,3,3,3,3,3
450527,0,1,0,0,0,0,0,0,0,0,0,0
450527,1,1,30,38,0,0,0,0,0,0,0,0
450528,0,1,0,0,0,0,0,0,0,0,0,0
450528,1,1,0,0,0,0,0,19,5,0,0,0
450529,1,1,0,0,0,0,0,0,0,0,0,0
450531,1,1,0,0,0,0,0,0,0,0,0,0
450531,2,1,16,16,16,16,16,16,16,16,16,16
450532,0,1,0,0,0,0,0,0,0,0,0,0
450532,0,2,0,0,0,15,0,0,0,0,19,0
450532,1,1,0,0,0,0,16,0,0,0,0,0
450533,0,1,15,15,15,15,15,15,15,15,15,15
450533,1,1,0,0,0,0,0,0,0,0,18,0
450534,1,1,0,0,0,0,0,0,0,0,0,0
450535,1,1,0,0,0,0,0,0,0,0,0,0
450535,2,1,0,0,0,0,0,0,0,0,0,0
450536,1,1,0,0,0,0,0,0,0,0,0,0
450537,1,1,3,3,3,3,3,3,3,3,3,3
450538,1,1,0,0,0,0,0,0,0,0,0,0
450538,2,1,0,0,0,0,0,0,0,0,0,0
450539,1,1,13,13,13,13,13,13,13,13,13,13
450540,1,1,0,0,0,0,0,0,0,0,0,0
450540,2,1,0,0,0,0,0,0,0,0,0,0
450541,1,1,0,0,0,0,0,0,0,0,0,0
450541,2,1,0,0,0,0,0,0,0,0,0,0
450542,1,1,0,0,0,0,0,0,0,0,0,0
450543,1,1,0,0,0,0,0,0,0,0,0,0
450544,1,1,18,18,18,18,18,18,18,18,18,18