ST_CASE,VEH_NO,PER_NO,P1,P2,P3,P4,P5,P6,P7,P8,P9,P10
480094,1,1,0,0,0,0,0,8,0,0,0,0
480095,1,1,13,13,13,13,13,13,13,13,13,13
480096,0,1,0,34,16,0,0,0,17,0,0,0
480096,1,1,26,0,0,0,0,0,0,20,12,16
480097,1,1,0,0,0,0,0,0,0,0,0,0
480097,2,1,0,0,0,0,0,0,0,0,0,0
480098,1,1,0,0,0,0,0,0,0,0,0,0
480098,2,1,0,0,0,0,0,0,0,0,0,0
480098,3,1,0,0,0,0,0,0,0,0,0,21
480099,1,1,0,0,0,0,0,0,0,0,0,0
480100,1,1,0,0,0,27,3,26,0,0,0,0
480101,0,1,0,0,0,0,0,0,0,0,0,0
480101,1,1,15,0,0,0,5,0,0,0,0,0
480102,1,1,20,0,0,0,0,0,0,0,0,12
480102,2,1,0,0,0,0,0,0,0,0,0,0
480104,1,1,0,0,0,0,0,0,0,0,0,0
480104,2,1,0,0,12,0,0,0,9,0,0,0
480105,1,1,5,5,5,5,5,5,5,5,5,5
480105,2,1,26,0,0,0,0,0,18,23,0,0
480106,1,1,0,0,0,0,0,0,0,0,0,35
480106,2,1,0,0,21,0,8,0,0,0,0,0
480107,1,1,22,22,22,22,22,22,22,22,22,22
480107,2,1,12,0,12,0,0,0,0,0,0,0
480108,1,1,12,12,12,12,12,12,12,12,12,12
480108,2,1,0,0,0,0,19,0,0,16,0,0
480108,3,1,15,11,0,13,0,0,12,0,0,4
480109,1,1,8,8,8,8,8,8,8,8,8,8
480109,2,1,0,0,0,0,4,6,0,13,27,10
480110,1,1,15,15,15,15,15,15,15,15,15,15
480110,2,1,0,8,13,0,0,9,0,0,8,0
480110,3,1,0,0,0,0,0,0,0,0,0,0
480110,4,1,0,0,9,0,0,0,0,0,0,9
480110,5,1,0,0,26,9,0,0,15,13,0,0
480111,1,1,0,0,17,0,0,0,14,0,0,0
480111,2,1,0,0,0,0,0,0,0,0,0,18
480112,1,1,21,21,21,21,21,21,21,21,21,21
480113,0,1,16,0,21,26,5,19,25,7,3,5
480113,1,1,0,0,19,0,0,0,0,0,0,18
480114,1,1,0,0,0,0,0,0,0,0,0,0
480114,2,1,0,0,0,0,0,0,0,0,0,0
480115,1,1,0,0,0,0,0,0,24,0,0,0
480115,2,1,5,0,37,14,33,0,0,0,0,0
480117,1,1,11,16,37,0,0,0,2,17,19,21
480118,1,1,0,0,0,0,15,0,0,0,2,0
480118,2,1,0,0,0,0,0,0,0,0,0,0
480119,1,1,0,0,0,0,0,0,17,0,24,0
480120,0,1,35,35,35,35,35,35,35,35,35,35
480120,1,1,19,24,33,18,12,0,0,8,0,0
480121,1,1,2,2,2,2,2,2,2,2,2,2
480122,1,1,0,6,0,0,10,0,0,0,0,0
480122,2,1,0,0,0,0,0,0,0,0,0,0
480123,1,1,0,0,0,0,0,0,0,0,0,0
480123,2,1,0,0,7,0,0,0,0,0,9,0
480124,1,1,0,0,0,0,0,0,0,0,0,0
480124,2,1,0,0,0,0,0,0,0,0,0,0
480125,0,1,0,0,0,0,0,0,0,0,0,0
480125,1,1,0,0,0,0,0,0,0,0,0,0
480125,3,1,23,0,9,0,12,0,16,0,17,0
480126,1,1,0,0,0,0,0,0,0,0,0,0
480126,2,1,0,0,0,0,0,0,0,0,24,0
480127,1,1,26,26,26,26,26,26,26,26,26,26
480128,1,1,18,18,18,18,18,18,18,18,18,18
480129,1,1,11,11,11,11,11,11,11,11,11,11
480130,1,1,0,14,0,0,0,0,0,0,0,0
480130,2,1,0,0,0,0,0,0,0,0,0,0
480130,3,1,0,0,0,0,0,0,0,0,0,0
480131,1,1,0,0,0,0,10,0,24,17,0,38
480132,0,1,3,3,3,3,3,3,3,3,3,3
480132,1,1,19,0,0,0,0,0,0,0,0,0
480132,2,1,0,34,0,0,0,0,0,0,0,0
480132,3,1,0,0,29,0,0,0,0,0,0,0
480133,1,1,0,0,0,0,0,0,0,0,0,0
480133,2,1,0,0,0,0,0,0,0,0,0,0
480134,1,1,0,0,17,0,0,0,6,0,0,0
480135,0,1,18,0,0,0,18,0,0,0,0,0
480135,1,1,9,0,0,0,12,17,0,0,0,0
480136,0,1,0,0,0,0,0,0,0,0,0,0
480136,1,1,0,8,0,0,0,0,0,0,0,0
480137,1,1,0,0,0,8,10,0,0,0,0,15
480138,1,1,0,0,0,0,0,0,0,0,0,0
480138,2,1,0,0,0,0,0,0,0,0,0,0
480139,1,1,15,15,15,15,15,15,15,15,15,15
480139,2,1,0,0,0,0,0,0,0,0,0,0
480140,0,1,21,5,25,0,0,21,0,0,0,0
480140,1,1,0,0,0,0,0,0,0,0,0,10
480141,1,1,16,16,16,16,16,16,16,16,16,16
480141,2,1,0,0,0,0,0,0,0,0,0,0
480142,1,1,25,25,25,25,25,25,25,25,25,25
480142,2,1,0,0,0,0,0,0,0,0,0,0
480143,1,1,8,8,8,8,8,8,8,8,8,8
480144,1,1,3,3,3,3,3,3,3,3,3,3
480145,1,1,0,0,0,0,0,0,0,0,0,0
480145,2,1,0,0,20,0,0,0,0,26,0,0
480146,1,1,0,0,0,0,23,0,0,0,0,0
480147,1,1,17,17,17,17,17,17,17,17,17,17
480148,0,1,0,0,0,0,0,0,0,0,0,0
480148,1,1,8,0,8,18,34,0,18,22,31,29
480149,1,1,0,0,0,0,0,0,22,0,0,13
480149,2,1,0,0,0,0,0,0,0,0,0,0
480150,1,1,0,12,4,0,0,0,0,11,0,21
480150,2,1,0,6,0,13,0,9,7,16,0,11
480151,0,1,0,0,0,0,0,0,0,0,0,0
480151,1,1,21,21,21,21,21,21,21,21,21,21
480152,1,1,0,0,0,0,0,0,0,0,0,0
480153,1,1,0,0,0,0,0,0,0,17,0,0
480153,2,1,0,0,0,0,0,12,0,0,19,0
480153,3,1,13,0,0,0,0,0,0,0,0,0
480153,4,1,0,24,0,0,0,0,0,19,0,12
480153,5,1,19,0,0,0,19,0,7,10,0,0
480154,1,1,0,0,0,10,0,7,0,0,0,0
480154,2,1,0,0,0,0,0,0,0,12,0,8
480155,0,1,23,0,29,5,27,20,45,0,49,15
480155,1,1,0,0,0,8,0,0,6,0,0,11
480156,1,1,28,18,0,15,0,19,0,0,0,0
480156,2,1,0,0,0,0,0,0,0,0,0,0
480156,3,1,0,0,0,0,0,0,0,20,7,0
480156,4,1,0,0,0,10,0,0,0,0,0,18
480157,0,1,0,0,0,0,0,0,0,0,0,0
480157,1,1,0,0,0,0,0,0,0,0,0,0
480158,0,1,0,0,0,0,0,0,0,0,0,0
480158,1,1,0,0,0,0,0,6,0,15,0,0
480159,1,1,15,19,0,18,28,14,7,0,0,0
480160,0,1,0,0,0,0,42,0,0,0,0,0
480160,1,1,0,0,16,0,0,0,0,0,13,0
480161,0,1,0,0,0,0,0,0,0,0,0,0
480161,1,1,22,2,0,23,0,13,0,12,0,29
480162,1,1,31,31,31,31,31,31,31,31,31,31
480162,2,1,0,0,0,0,0,0,0,0,0,0
480163,0,1,14,14,14,14,14,14,14,14,14,14
480163,1,1,0,0,9,0,0,0,0,25,0,0
480163,2,1,0,0,0,0,0,47,0,0,0,20
480164,1,1,12,12,12,12,12,12,12,12,12,12
480165,1,1,22,22,22,22,22,22,22,22,22,22
480166,0,1,0,0,0,0,0,0,0,0,0,0
480166,1,1,15,0,0,0,24,0,13,0,0,0
480167,1,1,26,0,0,0,0,9,0,0,3,0
480167,2,1,0,0,0,0,0,0,0,0,0,0
480168,0,1,0,0,0,0,0,0,0,0,0,0
480169,1,1,11,0,20,12,45,18,28,30,17,0
480170,0,1,0,0,0,0,0,0,0,0,0,0
480170,1,1,0,0,0,0,0,0,0,0,0,0
480170,2,1,0,0,0,0,0,0,0,0,0,0
480171,1,1,0,0,0,40,0,0,0,0,13,13
480171,2,1,0,22,8,0,0,0,12,0,7,0
480172,0,1,0,0,0,0,0,0,0,0,0,0
480172,1,1,0,0,0,0,0,0,0,0,0,0
480173,1,1,0,14,11,19,0,0,0,0,0,0
480173,2,1,0,11,0,5,0,0,0,14,0,13
480174,0,1,23,23,23,23,23,23,23,23,23,23
480174,1,1,0,7,0,0,14,0,0,0,0,0
480175,1,1,0,0,0,0,0,0,0,0,0,0
480176,1,1,23,23,23,23,23,23,23,23,23,23
480177,0,1,26,26,0,23,0,18,23,24,0,26
480177,1,1,9,0,40,0,19,0,0,0,44,28
480178,1,1,0,0,0,0,0,0,0,0,0,0
480178,2,1,0,0,0,0,0,0,0,0,0,0
480178,3,1,0,0,0,0,0,0,29,0,0,0
480179,0,1,0,0,0,0,0,0,0,0,0,0
480179,1,1,0,0,0,0,0,0,0,0,0,0
480180,1,1,0,0,0,0,0,9,0,0,0,0
480180,2,1,17,0,0,0,0,0,0,10,0,0
480181,1,1,0,0,0,0,0,0,0,0,0,0
480181,2,1,0,0,0,0,0,0,0,0,0,0
480182,1,1,0,0,0,0,0,0,0,0,0,0
480182,2,1,0,0,0,0,0,0,0,0,0,0
480183,0,1,0,0,0,28,0,3,0,8,0,9
480183,1,1,0,0,0,0,0,0,11,14,0,0
480184,1,1,0,0,0,0,0,0,0,0,0,0
480185,1,1,0,0,0,0,0,0,0,0,0,0
480185,2,1,0,0,0,0,0,0,0,0,0,0
480186,1,1,0,0,0,0,0,0,19,16,0,7
480186,2,1,0,0,0,0,0,0,0,0,0,0
480186,3,1,0,0,18,0,5,0,0,9,20,12
480187,1,1,0,0,0,0,0,0,0,0,0,0
480187,2,1,0,16,0,0,0,0,27,24,25,26
480188,1,1,0,0,0,0,0,0,0,0,0,0
480188,2,1,0,0,0,0,0,0,0,0,0,0
480190,1,1,0,0,0,0,0,0,0,0,0,0
480190,2,1,0,0,0,0,0,0,0,0,0,0
480191,1,1,0,0,0,0,0,0,0,0,0,0
480192,1,1,4,0,7,17,17,3,5,12,0,14
480193,1,1,18,18,18,18,18,18,18,18,18,18
480194,1,1,0,17,0,17,25,20,30,18,8,0
480195,0,1,27,20,0,21,0,0,0,36,0,13
480195,1,1,0,0,0,0,0,0,0,0,0,0
480196,1,1,24,24,24,24,24,24,24,24,24,24
480196,2,1,0,0,0,0,0,0,0,0,0,0
480197,0,1,32,32,32,32,32,32,32,32,32,32
480197,1,1,0,0,0,0,0,0,0,0,0,0
480198,1,1,31,32,0,0,0,0,26,0,0,22
480198,2,1,11,11,11,11,11,11,11,11,11,11
480199,1,1,22,22,22,22,22,22,22,22,22,22
480200,1,1,10,10,10,10,10,10,10,10,10,10
480200,2,1,0,0,0,0,0,0,0,0,6,0
480201,1,1,0,22,33,0,11,16,13,25,23,14
480202,1,1,0,0,0,0,0,0,0,0,0,0
480202,2,1,0,5,13,15,32,0,0,23,0,18
480203,1,1,0,0,0,0,0,0,0,0,0,0
480204,1,1,15,19,3,21,22,28,23,26,29,20
480204,2,1,0,0,19,0,0,0,0,0,19,0
480205,1,1,38,0,0,28,0,0,0,0,0,0
480206,1,1,24,24,24,24,24,24,24,24,24,24
480207,0,1,0,0,0,0,0,0,0,0,0,0
480207,1,1,5,0,0,6,0,0,0,0,0,0
480208,1,1,18,18,18,18,18,18,18,18,18,18
480209,1,1,0,0,5,0,0,0,0,0,25,7
480210,1,1,0,0,0,0,0,0,0,0,26,0
480210,2,1,0,0,0,0,0,0,0,21,0,0
480211,1,1,0,0,0,0,0,0,0,0,0,0
480211,2,1,0,0,0,0,0,0,0,0,0,0
480212,0,1,0,0,0,0,0,0,0,0,0,0
480212,1,1,0,0,0,0,0,0,0,0,0,0
480213,1,1,19,6,9,20,19,25,38,22,8,7
480213,2,1,0,0,0,0,0,0,0,0,0,0
480213,3,1,0,0,17,0,0,0,0,0,7,15
480214,0,1,0,0,0,13,0,0,0,0,17,0
480214,1,1,0,0,0,0,0,0,0,0,0,0
480215,1,1,0,0,0,0,0,0,0,0,0,0
480215,2,1,0,0,0,0,0,0,0,0,5,0
480216,1,1,0,17,9,24,0,23,0,32,0,0
480216,2,1,16,5,25,0,3,9,6,18,14,7
480217,1,1,0,0,0,0,0,0,0,0,0,0
480217,2,1,0,0,0,0,0,0,0,0,0,0
480218,1,1,0,0,0,0,0,0,0,0,0,0
480218,2,1,0,0,0,0,0,0,0,0,0,0
480219,1,1,0,0,0,0,0,0,0,0,0,0
480219,2,1,0,0,0,0,0,0,0,0,0,0
480219,3,1,0,0,0,0,17,0,0,0,0,0
480220,1,1,18,18,18,18,18,18,18,18,18,18
480221,1,1,0,0,0,0,0,0,0,0,0,0
480221,2,1,0,0,0,0,0,0,0,0,0,0
480222,1,1,0,0,0,0,0,0,0,0,0,0
480222,2,1,0,0,0,0,0,0,0,0,0,0
480223,0,1,0,0,0,0,0,0,13,5,27,14
480223,1,1,0,13,24,0,32,16,0,0,36,0
480224,0,1,0,0,0,0,0,0,0,0,0,0
480224,1,1,0,0,6,0,0,0,0,0,0,18
480225,1,1,32,0,0,0,18,16,20,0,0,0
480226,0,1,41,0,27,13,29,20,27,0,0,0
480226,1,1,0,0,0,0,0,16,11,0,0,0
480227,1,1,3,3,3,3,3,3,3,3,3,3
480228,1,1,26,0,0,0,12,0,0,0,0,0
480229,1,1,0,0,0,0,0,0,0,0,0,0
480230,0,1,0,0,0,6,3,24,0,0,0,6
480230,1,1,0,0,0,0,0,0,25,0,14,0
480230,2,1,25,0,0,0,0,0,9,15,0,19
480230,3,1,15,0,0,0,0,0,0,0,0,0
480231,0,1,19,19,19,19,19,19,19,19,19,19
480231,1,1,0,4,0,0,0,29,0,17,22,0
480232,1,1,0,0,0,0,0,0,0,0,0,0
480233,1,1,0,0,0,0,0,0,0,0,0,0
480233,2,1,12,0,0,0,0,0,27,0,0,21
480234,1,1,0,0,25,18,0,16,0,16,18,19
480235,1,1,12,12,12,12,12,12,12,12,12,12
480236,1,1,0,0,0,0,0,0,0,0,0,0
480237,1,1,7,7,7,7,7,7,7,7,7,7
480237,2,1,0,0,0,8,0,0,14,0,0,0
480238,1,1,0,0,0,26,0,0,0,0,0,0
480238,2,1,24,22,0,0,0,0,0,6,12,25
480239,0,1,0,21,0,0,0,0,24,0,34,0
480239,1,1,0,57,0,0,0,0,0,0,0,10
480240,1,1,0,0,0,0,0,0,0,0,0,0
480241,0,1,15,7,24,21,20,0,28,0,0,21
480241,1,1,0,0,0,22,14,0,0,0,4,0
480242,1,1,0,2,0,0,30,0,0,16,0,32
480242,2,1,0,0,0,0,0,5,12,24,0,12
480243,0,1,14,14,14,14,14,14,14,14,14,14
480243,1,1,0,0,0,0,0,0,0,0,0,0
480244,1,1,21,21,21,21,21,21,21,21,21,21
480244,2,1,0,0,0,0,0,0,0,0,0,0
480245,1,1,0,0,0,0,0,0,0,0,0,0
480245,2,1,0,0,0,0,0,0,0,0,0,0
480246,1,1,0,0,0,0,0,0,0,0,0,0
480246,2,1,0,0,0,0,0,0,0,0,0,0
480247,1,1,0,0,0,0,0,0,0,0,0,0
480247,2,1,0,0,0,0,0,0,0,0,0,0
480247,3,1,0,0,0,0,0,0,0,0,0,0
480248,1,1,44,20,0,0,0,17,0,0,0,0
480249,1,1,0,0,0,0,0,0,0,0,0,0
480250,1,1,24,24,24,24,24,24,24,24,24,24
480252,1,1,5,5,5,6,7,15,11,19,18,24
480253,1,1,5,5,5,5,5,5,5,5,5,5
480253,2,1,18,0,0,10,18,0,13,0,0,0
480254,1,1,10,10,10,10,10,10,10,10,10,10
480255,1,1,16,16,16,16,16,16,16,16,16,16
480255,2,1,0,0,0,0,9,0,15,0,0,0
480256,1,1,0,0,0,0,0,0,0,0,0,0
480256,2,1,0,0,0,0,0,0,0,0,0,0
480256,3,1,0,0,0,0,0,0,0,9,0,29
480256,4,1,0,0,0,0,0,0,0,0,0,0
480256,5,1,0,0,0,0,0,0,0,0,0,0
480257,1,1,7,0,0,21,0,0,10,19,0,27
480257,2,1,7,0,0,0,14,0,0,0,0,8
480258,1,1,22,22,22,22,22,22,22,22,22,22
480258,2,1,0,0,0,22,0,0,0,14,0,14
480259,1,1,0,0,0,0,0,0,0,0,0,0
480259,2,1,0,0,0,0,0,0,0,0,0,0
480260,1,1,0,0,0,0,0,0,0,0,0,0
480260,2,1,0,0,0,0,10,9,0,0,0,0
480261,0,1,0,0,0,0,0,0,0,0,0,0
480261,1,1,0,17,0,0,28,0,0,0,12,0
480261,2,1,0,0,0,0,0,0,0,22,0,0
480262,1,1,0,15,0,39,0,0,0,0,15,0
480263,1,1,0,0,0,0,0,0,11,0,0,0
480263,2,1,0,0,0,0,21,0,0,0,13,0
480264,1,1,0,0,0,0,0,0,0,0,0,0
480265,1,1,4,4,4,4,4,4,4,4,4,4
480266,1,1,7,7,7,7,7,7,7,7,7,7
480266,2,1,0,14,0,0,28,31,22,0,0,22
480267,1,1,0,6,29,19,11,0,0,0,0,0
480267,2,1,0,0,24,0,0,0,0,14,0,0
480268,1,1,0,12,0,0,0,0,21,12,0,0
480268,2,1,0,0,17,0,0,0,0,21,0,17
480269,1,1,2,2,2,2,2,2,2,2,2,2
480270,1,1,16,16,16,16,16,16,16,16,16,16
480271,1,1,10,10,10,10,10,10,10,10,10,10
480271,2,1,17,0,0,0,4,0,0,0,25,0
480272,1,1,20,20,20,20,20,20,20,20,20,20
480273,1,1,8,8,8,8,8,8,8,8,8,8
480274,1,1,0,0,0,0,6,0,19,15,0,0
480274,2,1,0,0,0,0,0,0,0,0,0,0
480275,1,1,38,38,38,38,38,38,38,38,38,38
480276,1,1,23,23,23,23,23,23,23,23,23,23
480277,1,1,7,20,36,6,8,12,11,24,0,20
480278,1,1,0,0,0,0,0,0,0,0,0,20
480279,1,1,18,18,18,18,18,18,18,18,18,18
480280,0,1,0,0,0,0,0,0,0,0,0,0
480280,1,1,0,0,0,0,0,0,0,0,0,0
480281,1,1,0,19,4,0,0,0,0,0,0,17
480281,2,1,15,17,0,7,0,0,0,32,0,0
480282,1,1,25,20,18,0,0,0,0,11,0,0
480282,2,1,0,0,0,0,0,0,0,0,0,0
480283,1,1,0,0,0,0,0,0,0,0,0,0
480283,2,1,0,0,0,0,0,13,0,0,11,0
480284,1,1,9,9,9,9,9,9,9,9,9,9
480285,1,1,0,0,31,0,0,0,0,0,0,27
480286,1,1,0,0,0,0,0,0,0,2,0,23
480286,2,1,0,0,0,0,0,0,0,0,0,0
480287,1,1,0,0,0,0,0,0,0,0,0,0
480288,0,1,0,0,0,0,0,0,0,0,0,0
480288,1,1,0,0,0,0,34,0,0,0,11,0
480289,1,1,13,16,16,10,10,18,8,9,20,16
480289,2,1,0,0,0,0,0,0,0,0,0,0
480291,1,1,25,25,25,25,25,25,25,25,25,25
480292,1,1,18,18,18,18,18,18,18,18,18,18
480293,1,1,32,32,32,32,32,32,32,32,32,32
480294,0,1,18,22,0,0,5,0,0,0,12,18
480294,1,1,16,0,11,18,16,0,0,0,0,8
480295,0,1,17,13,0,0,0,0,16,37,0,28
480295,1,1,0,0,0,14,0,0,0,26,0,21
480296,1,1,0,0,0,0,0,0,0,0,0,0
480296,2,1,0,0,0,0,0,0,0,0,0,0
480297,1,1,0,0,0,0,0,0,0,0,0,0
480297,2,1,0,0,0,0,0,0,0,0,0,0
480298,1,1,0,0,0,0,0,0,0,0,0,0
480299,1,1,18,18,18,18,18,18,18,18,18,18
480299,2,1,0,0,0,0,10,0,12,0,0,0
480300,1,1,7,18,17,0,0,0,0,0,22,0
480301,1,1,20,4,13,0,8,13,0,15,0,0
480301,2,1,0,21,0,0,0,10,0,0,24,0
480301,3,1,0,0,18,0,0,0,0,0,0,0
480302,1,1,14,14,14,14,14,14,14,14,14,14
480303,1,1,27,27,27,27,27,27,27,27,27,27
480304,1,1,0,0,11,0,0,0,0,0,0,0
480304,2,1,0,0,4,0,12,6,0,0,15,0
480305,1,1,16,16,16,16,16,16,16,16,16,16
480306,1,1,0,0,0,0,0,0,0,0,3,0
480306,2,1,0,0,0,0,0,0,0,0,0,0
480307,0,1,0,0,0,0,0,0,0,0,0,31
480307,1,1,0,0,0,0,0,0,0,0,0,0
480308,1,1,20,24,0,20,15,0,11,0,20,0
480309,1,1,0,0,17,17,0,21,21,0,22,0
480310,1,1,0,0,0,0,0,0,0,0,0,0
480310,2,1,0,0,0,0,0,0,0,0,0,0
480310,3,1,0,0,0,0,0,0,0,0,0,0
480311,1,1,0,0,0,0,0,0,0,0,0,0
480312,1,1,0,0,0,9,0,0,0,0,0,0
480312,2,1,0,0,0,0,0,0,0,0,0,0
480313,1,1,15,15,15,15,15,15,15,15,15,15
480314,1,1,0,0,0,0,0,0,0,0,0,0
480314,2,1,20,0,9,2,0,14,0,0,0,0
480315,0,1,13,13,13,13,13,13,13,13,13,13
480315,1,1,0,13,0,0,9,0,0,0,0,8
480315,2,1,9,29,0,0,0,20,8,0,7,0
480316,1,1,11,0,0,0,9,14,18,21,0,12
480317,1,1,2,2,2,2,2,2,2,2,2,2
480318,1,1,0,0,0,0,0,0,0,0,0,0
480319,1,1,0,0,0,0,0,0,0,0,0,0
480320,0,1,30,30,30,30,30,30,30,30,30,30
480320,1,1,12,10,0,6,0,10,10,0,14,0
480321,0,1,11,0,33,30,28,0,0,13,0,23
480321,1,1,0,0,0,0,0,0,0,34,0,13
480322,0,1,0,0,28,22,18,20,0,59,11,19
480322,1,1,0,0,10,25,0,26,0,11,16,0
480323,1,1,2,2,2,2,2,2,2,2,2,2
480323,2,1,0,0,0,0,0,0,0,0,0,0
480324,1,1,4,4,4,4,4,4,4,4,4,4
480324,2,1,0,0,11,2,0,0,0,0,0,17
480324,3,1,0,12,0,0,0,0,0,0,0,0
480324,4,1,0,0,0,0,9,0,0,0,0,0
480325,1,1,0,0,0,0,0,24,0,3,0,0
480326,1,1,13,13,13,13,13,13,13,13,13,13
480326,2,1,0,0,13,0,0,0,0,12,17,0
480327,1,1,0,0,21,15,12,24,0,7,0,0
480328,1,1,17,17,17,17,17,17,17,17,17,17
480329,1,1,0,0,0,0,0,0,0,0,0,0
480329,2,1,0,0,0,0,0,0,0,0,0,0
480330,1,1,10,10,10,10,10,10,10,10,10,10
480331,1,1,8,0,0,0,6,0,0,0,0,11
480331,2,1,18,18,18,18,18,18,18,18,18,18
480332,1,1,0,0,0,0,0,0,0,0,0,0
480332,2,1,0,0,0,0,0,0,0,0,0,0
480333,1,1,0,9,17,0,0,18,0,0,6,14
480333,2,1,0,0,0,0,0,0,0,0,0,0
480333,3,1,0,0,0,0,0,0,0,0,0,0
480334,1,1,0,0,0,0,0,0,0,0,0,20
480335,1,1,0,0,0,0,0,0,0,0,0,0
480335,2,1,0,0,0,0,0,0,0,0,0,0
480335,3,1,0,0,0,0,0,0,0,11,0,0
480336,0,1,14,14,14,14,14,14,14,14,14,14
480336,1,1,0,0,0,0,0,0,0,0,0,3
480337,1,1,0,0,0,0,0,0,0,0,0,0
480337,2,1,0,0,0,0,0,0,0,0,0,0
480338,1,1,0,0,0,0,0,0,0,0,0,0
480340,1,1,17,17,17,17,17,17,17,17,17,17
480340,2,1,0,0,0,0,0,0,0,0,0,0
480341,1,1,0,0,0,0,0,0,0,0,0,0
480341,2,1,0,0,20,0,28,0,0,13,0,19
480342,0,1,0,0,0,49,23,0,0,26,0,0
480342,1,1,0,0,8,2,12,0,6,0,0,22
480343,1,1,16,0,0,0,0,0,4,0,12,0
480343,2,1,14,0,0,0,0,0,0,0,0,0
480344,1,1,0,0,0,0,0,0,0,0,0,0
480344,2,1,26,0,0,0,0,0,0,0,0,0
480345,1,1,0,0,0,0,0,0,0,0,0,0
480345,2,1,0,0,0,0,0,0,0,0,0,0
480346,1,1,0,35,0,0,0,0,0,0,0,0
480346,2,1,0,0,0,0,0,0,6,13,0,0
480347,1,1,0,0,0,0,0,0,0,0,0,0
480347,2,1,0,0,0,0,0,0,0,0,0,0
480348,1,1,0,0,0,0,0,0,14,0,0,0
480348,2,1,0,0,0,0,0,0,0,0,0,0
480349,1,1,0,0,0,0,0,0,0,0,0,0
480349,2,1,0,0,0,0,0,0,0,0,0,0
480349,3,1,0,0,12,0,0,0,0,0,0,0
480349,4,1,2,0,0,0,0,0,0,0,0,0
480350,1,1,0,0,0,0,0,0,0,0,0,0
480350,2,1,0,0,0,0,0,25,0,0,0,0
480351,1,1,0,0,0,0,0,0,0,7,0,0
480351,2,1,0,0,0,0,0,0,15,0,0,0
480352,1,1,18,18,18,18,18,18,18,18,18,18
480354,1,1,22,22,22,22,22,22,22,22,22,22
480355,1,1,15,7,11,11,9,22,13,0,14,4
480355,2,1,20,20,20,20,20,20,20,20,20,20
480357,1,1,28,0,0,0,17,13,28,0,8,0
480357,2,1,14,9,0,0,0,0,0,14,0,0
480357,3,1,0,0,9,0,17,0,0,0,0,12
480357,4,1,0,0,0,13,0,0,0,0,0,0
480358,1,1,26,26,26,26,26,26,26,26,26,26
480359,0,1,27,27,27,27,27,27,27,27,27,27
480359,1,1,14,0,0,16,24,28,22,0,0,0
480360,0,1,0,0,0,0,0,0,0,0,0,0
480360,1,1,28,10,18,0,15,0,0,0,0,0
480361,0,1,0,18,18,0,14,29,0,27,0,0
480361,1,1,0,0,0,0,0,0,0,0,0,0
480362,1,1,30,30,30,30,30,30,30,30,30,30
480363,1,1,0,28,0,0,0,0,0,0,0,0
480363,2,1,0,0,0,19,0,0,5,0,6,0
480363,3,1,0,28,0,6,13,0,19,0,14,0
480363,4,1,13,0,0,0,0,0,0,0,0,0
480363,5,1,0,0,0,0,0,0,0,0,31,0
480364,1,1,0,0,5,0,0,0,0,0,0,0
480364,2,1,6,6,6,6,6,6,6,6,6,6
480365,1,1,0,0,0,0,0,0,0,0,0,0
480366,1,1,0,0,0,0,0,0,0,0,0,0
480366,2,1,0,0,0,0,0,0,0,0,0,0
480367,0,1,24,0,0,0,0,0,0,0,0,0
480367,1,1,0,0,0,14,19,0,0,0,0,0
480368,0,1,0,0,0,0,0,0,0,0,0,0
480368,1,1,19,0,0,0,0,0,0,14,0,0
480369,1,1,0,9,0,0,0,0,0,12,0,0
480370,1,1,22,0,0,24,17,25,17,6,0,0
480371,1,1,0,0,0,0,0,0,0,0,0,0
480371,2,1,0,0,0,0,0,0,13,0,0,0
480372,1,1,0,0,0,0,0,0,0,0,0,0
480373,0,1,26,23,0,0,0,0,0,32,0,0
480373,1,1,0,0,0,0,0,0,0,0,0,0
480374,1,1,19,31,0,0,8,0,19,0,22,0
480375,1,1,14,14,14,14,14,14,14,14,14,14
480376,1,1,0,0,0,0,0,0,0,0,0,0
480378,0,1,0,0,0,0,20,0,0,0,8,0
480378,1,1,0,0,0,0,0,0,6,0,0,0
480379,1,1,0,0,0,0,0,0,0,0,0,0
480379,2,1,0,0,0,0,0,0,0,0,0,0
480380,1,1,0,0,0,0,0,0,0,0,0,0
480380,2,1,0,0,0,0,0,11,0,19,0,0
480381,0,1,0,0,0,22,0,0,23,0,0,0
480381,1,1,0,0,0,0,0,0,0,0,0,0
480382,1,1,0,0,0,0,0,0,0,0,0,0
480382,2,1,0,0,0,0,0,0,0,0,0,0
480383,1,1,15,0,0,0,0,0,0,0,0,0