ST_CASE,VEH_NO,PER_NO,P1,P2,P3,P4,P5,P6,P7,P8,P9,P10
480668,2,1,0,0,4,0,0,0,0,9,0,0
480669,1,1,26,26,26,26,26,26,26,26,26,26
480670,1,1,0,0,0,0,0,0,0,0,0,0
480670,2,1,0,0,16,0,39,15,0,27,13,0
480671,1,1,0,0,0,0,0,0,0,0,0,0
480672,0,1,0,0,0,0,0,0,0,0,0,23
480672,1,1,20,0,16,34,23,16,26,17,29,7
480673,1,1,0,0,0,0,0,0,0,0,0,0
480673,2,1,33,0,0,9,0,0,3,0,0,0
480674,1,1,20,20,20,20,20,20,20,20,20,20
480675,1,1,25,25,25,25,25,25,25,25,25,25
480676,0,1,0,0,0,0,0,0,0,0,0,0
480676,1,1,6,0,0,0,0,0,32,0,0,0
480677,1,1,16,16,16,16,16,16,16,16,16,16
480678,1,1,16,16,16,16,16,16,16,16,16,16
480679,0,1,0,0,0,0,18,0,0,0,0,0
480679,1,1,0,0,0,0,0,0,0,0,0,0
480680,1,1,21,16,13,25,8,22,18,13,12,11
480681,1,1,0,8,21,0,13,0,0,11,20,22
480682,0,1,0,0,0,0,0,0,0,0,0,0
480682,1,1,0,0,0,0,0,0,22,0,0,0
480683,1,1,0,0,34,14,23,0,0,26,10,29
480684,1,1,11,9,31,20,21,0,0,0,17,11
480685,1,1,0,0,0,0,0,0,0,0,0,0
480685,2,1,21,0,0,0,0,8,0,0,0,0
480686,1,1,0,0,0,0,0,0,0,0,0,0
480686,2,1,0,0,0,0,0,0,0,0,0,0
480687,0,1,12,0,14,0,38,0,7,0,0,0
480687,1,1,22,28,0,0,0,0,0,0,0,0
480688,1,1,0,0,12,0,0,0,0,0,0,0
480688,2,1,0,0,0,0,0,0,0,0,0,0
480689,1,1,0,0,0,0,0,20,0,0,0,11
480690,1,1,19,11,10,27,18,19,20,10,0,16
480691,0,1,4,0,0,27,3,14,0,18,26,0
480691,1,1,0,27,0,3,22,0,26,0,0,0
480691,2,1,20,16,20,6,7,21,0,14,15,11
480692,1,1,5,5,5,5,5,5,5,5,5,5
480692,2,1,0,0,0,0,0,0,0,0,0,0
480693,1,1,0,50,0,0,0,0,0,0,0,0
480693,2,1,0,0,0,0,0,0,0,0,0,0
480694,1,1,0,0,0,0,0,0,0,0,0,0
480695,1,1,0,0,14,11,23,0,0,0,14,0
480695,2,1,0,0,0,0,0,0,0,17,0,0
480696,1,1,0,0,0,0,0,0,0,0,0,0
480697,1,1,0,0,0,0,0,0,0,0,0,0
480697,2,1,0,0,0,0,0,0,21,30,0,0
480697,3,1,0,0,0,0,0,0,0,16,0,5
480698,1,1,9,9,9,9,9,9,9,9,9,9
480699,1,1,0,0,0,0,0,0,0,0,0,0
480699,2,1,17,0,0,0,0,0,0,16,0,0
480700,0,1,0,0,0,0,0,0,0,0,0,0
480700,1,1,6,0,0,1,0,0,0,0,0,0
480701,1,1,0,0,20,4,0,0,0,0,0,0
480701,2,1,6,0,0,0,0,0,12,0,0,0
480702,1,1,16,16,16,16,16,16,16,16,16,16
480702,2,1,0,0,0,29,0,0,0,0,0,0
480703,1,1,21,21,21,21,21,21,21,21,21,21
480704,1,1,0,0,12,0,0,0,0,0,4,0
480704,2,1,6,0,22,10,15,22,0,0,16,0
480705,0,1,31,31,31,31,31,31,31,31,31,31
480705,1,1,21,0,28,0,0,0,29,0,0,0
480706,0,1,0,0,0,0,43,15,15,0,0,0
480706,1,1,0,0,36,0,0,0,0,0,14,30
480707,0,1,18,18,18,18,18,18,18,18,18,18
480707,1,1,0,0,0,0,20,0,0,12,0,0
480708,1,1,0,0,0,0,0,0,0,0,0,0
480708,2,1,0,0,0,0,0,0,0,0,0,0
480709,0,1,14,0,19,16,20,2,8,11,23,29
480709,1,1,23,0,0,19,0,0,0,25,0,0
480710,0,1,17,17,17,17,17,17,17,17,17,17
480710,1,1,0,0,28,15,8,0,0,18,0,0
480711,1,1,0,11,0,14,0,0,23,19,24,23
480712,1,1,0,0,0,0,0,0,0,0,0,0
480712,2,1,0,6,21,0,0,0,0,0,0,0
480713,1,1,0,0,0,29,7,10,0,0,0,21
480714,1,1,0,0,0,0,0,0,0,0,0,0
480714,2,1,0,0,0,0,0,0,0,0,0,0
480715,1,1,0,0,0,0,0,0,0,0,0,0
480715,2,1,0,16,43,0,3,26,9,0,16,0
480716,1,1,7,7,7,7,7,7,7,7,7,7
480717,1,1,0,0,0,0,0,0,0,0,0,0
480718,1,1,4,4,4,4,4,4,4,4,4,4
480718,2,1,0,0,0,0,0,0,0,0,0,0
480718,3,1,0,0,10,0,0,0,0,0,0,0
480719,1,1,20,0,0,0,0,0,0,0,0,0
480719,2,1,0,0,0,0,0,0,0,0,0,0
480720,1,1,0,0,0,0,0,0,0,0,0,0
480720,2,1,0,0,9,0,0,0,0,0,0,0
480721,1,1,0,0,0,0,0,0,0,0,0,0
480721,2,1,2,2,2,2,2,2,2,2,2,2
480722,1,1,0,0,0,0,0,0,0,0,0,0
480723,1,1,8,8,8,8,8,8,8,8,8,8
480724,0,1,16,0,9,0,0,0,0,0,0,0
480724,0,2,0,0,0,0,0,0,0,0,0,0
480724,1,1,0,0,0,0,0,0,0,0,0,0
480725,1,1,0,0,0,0,0,0,0,0,0,0
480725,2,1,0,0,0,0,0,0,0,0,0,0
480726,1,1,5,5,5,5,5,5,5,5,5,5
480727,1,1,0,0,0,0,0,0,0,0,0,0
480728,1,1,0,0,0,0,0,0,0,0,0,0
480729,0,1,11,11,11,11,11,11,11,11,11,11
480729,1,1,0,0,12,0,0,0,20,18,0,0
480730,1,1,0,2,0,0,0,0,0,0,0,0
480730,2,1,16,0,0,0,0,0,27,0,0,0
480731,0,1,0,27,17,0,25,21,19,24,31,14
480731,1,1,20,0,0,34,0,0,22,0,13,0
480733,1,1,23,23,23,23,23,23,23,23,23,23
480734,0,1,22,22,22,22,22,22,22,22,22,22
480734,1,1,0,0,0,31,0,0,11,0,0,17
480735,0,1,0,0,0,0,0,0,0,0,0,0
480735,0,2,0,0,0,12,9,0,0,13,27,0
480735,1,1,5,5,5,5,5,5,5,5,5,5
480736,1,1,0,0,0,0,0,0,0,0,0,0
480737,1,1,7,7,7,7,7,7,7,7,7,7
480737,2,1,0,0,0,0,0,0,0,0,0,0
480738,1,1,0,0,0,0,0,0,0,0,0,0
480738,2,1,0,6,0,0,0,0,0,2,5,0
480739,1,1,0,0,0,0,0,0,0,0,0,0
480740,1,1,0,0,0,0,0,0,0,0,0,0
480741,1,1,0,0,0,0,0,0,0,0,0,0
480741,2,1,0,0,0,6,0,0,10,0,0,0
480742,1,1,17,17,17,17,17,17,17,17,17,17
480743,1,1,12,13,0,17,10,0,0,0,0,8
480744,0,1,0,0,0,11,0,0,0,0,0,12
480744,1,1,20,7,27,21,0,6,26,32,19,0
480745,1,1,14,14,14,14,14,14,14,14,14,14
480745,2,1,0,0,0,0,0,0,0,0,0,0
480746,1,1,12,12,12,12,12,12,12,12,12,12
480747,1,1,0,0,0,0,0,0,0,0,0,0
480747,2,1,0,0,0,0,0,0,0,0,0,0
480747,3,1,19,0,0,0,0,0,0,0,0,21
480747,4,1,0,7,0,0,0,0,0,13,0,0
480748,0,1,0,12,0,9,0,20,0,0,0,39
480748,1,1,36,19,15,21,0,0,0,0,18,17
480749,1,1,0,0,0,0,0,0,0,0,0,0
480750,0,1,24,0,0,0,0,23,11,0,0,13
480750,1,1,23,23,23,23,23,23,23,23,23,23
480751,1,1,0,19,7,10,0,23,0,6,15,4
480752,1,1,0,0,0,0,0,0,0,0,0,0
480753,1,1,0,0,0,0,0,0,0,0,0,0
480753,2,1,0,0,0,0,0,0,0,6,0,28
480754,1,1,15,15,15,15,15,15,15,15,15,15
480754,2,1,38,0,0,15,0,0,4,21,0,27
480755,1,1,0,0,0,0,0,0,0,0,0,0
480755,2,1,6,6,6,6,6,6,6,6,6,6
480755,3,1,11,0,0,4,14,0,0,5,7,0
480756,1,1,5,5,5,5,5,5,5,5,5,5
480757,1,1,20,20,20,20,20,20,20,20,20,20
480757,2,1,0,0,0,0,0,0,0,0,0,0
480758,1,1,0,0,0,0,0,0,0,0,0,0
480758,2,1,0,0,17,0,0,0,0,0,0,0
480759,0,1,0,0,0,0,0,0,0,0,0,0
480759,0,2,8,0,8,0,9,17,0,27,0,0
480759,1,1,0,0,25,18,0,0,0,0,0,0
480760,0,1,15,15,0,0,0,5,22,16,10,0
480760,1,1,0,0,0,0,0,0,0,0,0,0
480760,2,1,2,2,2,2,2,2,2,2,2,2
480760,3,1,22,0,0,0,0,0,0,0,0,15
480761,1,1,24,24,24,24,24,24,24,24,24,24
480762,1,1,0,0,0,0,0,0,16,0,0,0
480763,0,1,19,19,19,19,19,19,19,19,19,19
480763,1,1,0,12,0,0,0,21,12,0,0,16
480764,1,1,0,0,0,0,0,0,0,0,0,0
480765,1,1,0,0,0,12,9,0,0,11,0,0
480766,1,1,11,12,27,31,27,0,13,0,0,24
480767,0,1,0,0,15,12,0,0,0,0,0,19
480767,1,1,31,12,0,0,0,26,4,0,0,0
480768,1,1,20,0,0,0,0,0,14,0,11,5
480769,1,1,14,10,11,10,32,25,10,10,9,4
480770,0,1,0,0,0,0,0,0,4,0,13,7
480770,1,1,0,0,0,0,0,0,0,0,0,16
480771,1,1,0,0,8,0,0,0,0,24,0,0
480771,2,1,0,15,0,11,10,0,0,0,0,0
480772,0,1,0,0,0,0,14,0,0,0,0,6
480772,0,2,0,0,0,0,0,0,0,0,0,0
480772,0,3,16,0,0,0,0,0,0,0,0,15
480772,1,1,0,0,0,0,0,0,0,0,0,0
480773,1,1,0,0,0,0,0,0,0,0,0,0
480773,2,1,0,0,0,13,0,0,0,0,24,0
480774,0,1,26,26,26,26,26,26,26,26,26,26
480774,1,1,22,7,0,0,0,0,0,17,0,0
480775,1,1,9,9,9,9,9,9,9,9,9,9
480776,1,1,30,30,30,30,30,30,30,30,30,30
480777,1,1,0,0,0,0,0,0,0,0,0,0
480777,2,1,12,0,0,0,0,0,0,0,15,0
480778,1,1,0,18,30,0,0,0,5,4,0,10
480778,2,1,0,0,0,0,18,0,0,0,0,0
480779,1,1,14,14,14,14,14,14,14,14,14,14
480780,1,1,1,1,1,1,1,1,1,1,1,1
480782,1,1,19,19,19,19,19,19,19,19,19,19
480782,2,1,3,3,3,3,3,3,3,3,3,3
480783,1,1,16,17,28,0,0,0,0,0,0,0
480785,0,1,17,29,19,0,21,21,0,15,0,9
480785,1,1,0,0,0,31,0,0,0,0,12,0
480786,1,1,15,15,15,15,15,15,15,15,15,15
480787,1,1,0,0,0,0,0,0,0,0,0,0
480787,2,1,0,0,0,0,0,0,0,0,0,0
480788,1,1,0,0,0,0,0,0,0,0,0,0
480789,1,1,0,0,0,0,0,0,0,0,0,0
480790,0,1,0,0,0,0,0,0,0,0,0,0
480790,0,2,0,23,0,23,13,0,29,0,0,20
480790,1,1,11,11,11,11,11,11,11,11,11,11
480791,1,1,0,0,0,0,18,0,0,0,23,38
480792,1,1,20,20,20,20,20,20,20,20,20,20
480793,1,1,0,0,0,0,0,0,0,0,0,0
480794,1,1,7,7,7,7,7,7,7,7,7,7
480795,1,1,0,0,0,0,15,35,0,0,0,0
480795,2,1,0,0,0,0,0,0,0,0,0,0
480796,1,1,10,8,0,0,0,0,0,0,0,0
480796,2,1,0,26,0,0,0,0,0,0,0,0
480796,3,1,0,0,40,0,0,0,0,0,0,0
480797,1,1,0,0,0,0,0,0,0,6,0,0
480797,3,1,0,0,0,8,24,0,0,4,0,0
480798,1,1,8,8,8,8,8,8,8,8,8,8
480798,2,1,21,21,21,21,21,21,21,21,21,21
480799,1,1,36,36,36,36,36,36,36,36,36,36
480800,1,1,16,16,16,16,16,16,16,16,16,16
480801,1,1,15,15,15,15,15,15,15,15,15,15
480801,2,1,0,14,0,0,9,20,15,18,0,0
480802,1,1,18,18,18,18,18,18,18,18,18,18
480802,2,1,0,4,0,0,0,0,0,0,0,0
480803,1,1,0,0,0,0,0,0,0,0,0,0
480803,2,1,0,0,0,0,0,17,0,15,0,7
480803,3,1,0,0,0,14,0,13,0,0,0,15
480803,4,1,14,0,0,0,0,0,0,0,0,13
480804,1,1,0,0,19,0,0,0,0,0,0,0
480804,2,1,0,34,26,23,0,3,23,8,18,30
480805,1,1,0,0,0,0,0,0,0,0,0,0
480805,2,1,17,0,0,15,0,0,0,0,0,18
480806,1,1,35,0,0,0,15,9,0,16,19,36
480807,1,1,26,26,26,26,26,26,26,26,26,26
480807,2,1,0,0,0,0,0,0,0,0,0,5
480808,1,1,7,7,7,7,7,7,7,7,7,7
480808,2,1,0,0,0,0,0,0,0,0,0,0
480809,0,1,14,0,0,0,15,0,0,13,0,0
480809,0,2,0,26,20,0,14,12,24,9,0,0
480809,1,1,14,14,14,14,14,14,14,14,14,14
480810,1,1,0,0,0,16,0,0,0,0,0,17
480810,2,1,6,6,17,0,0,0,0,0,20,0
480810,3,1,16,0,0,0,0,21,0,0,0,0
480810,4,1,0,0,0,0,0,0,29,0,0,0
480811,1,1,16,16,16,16,16,16,16,16,16,16
480812,1,1,0,0,0,0,0,0,0,0,0,0
480812,2,1,0,0,0,0,0,0,0,0,0,0
480813,1,1,0,0,0,0,0,0,0,0,0,0
480813,2,1,0,0,0,0,0,0,0,0,0,0
480814,1,1,0,0,0,0,0,0,0,0,0,0
480814,2,1,0,0,0,0,0,0,0,0,0,0
480815,1,1,0,0,0,0,0,0,0,0,0,0
480815,2,1,12,0,17,42,0,0,0,0,0,8
480816,1,1,21,21,0,7,12,0,23,22,16,11
480817,0,1,0,0,7,0,0,0,0,0,0,0
480817,1,1,0,0,0,0,0,28,0,0,0,0
480818,1,1,17,17,17,17,17,17,17,17,17,17
480819,0,1,14,14,14,14,14,14,14,14,14,14
480819,1,1,0,31,20,0,0,0,0,0,0,0
480820,1,1,10,0,0,0,26,0,19,0,0,0
480820,2,1,0,0,0,15,3,0,3,0,0,27
480820,3,1,0,0,15,0,27,0,18,0,18,0
480821,1,1,19,19,19,19,19,19,19,19,19,19
480822,1,1,0,0,0,0,0,7,0,0,0,0
480824,1,1,19,19,19,19,19,19,19,19,19,19
480824,2,1,7,0,6,9,12,0,0,0,0,4
480825,0,1,0,0,0,0,0,0,0,0,0,0
480825,1,1,0,0,0,0,0,0,0,0,0,0
480826,1,1,19,19,19,19,19,19,19,19,19,19
480826,2,1,0,0,12,0,0,0,0,0,0,0
480827,1,1,0,0,0,0,0,16,0,0,0,0
480827,2,1,0,0,0,0,0,0,0,0,0,0
480828,1,1,0,0,0,0,0,0,0,0,0,0
480828,2,1,0,0,0,0,0,0,0,0,0,0
480829,1,1,0,0,0,0,0,0,0,0,0,0
480829,2,1,0,0,0,0,0,0,0,0,0,0
480830,1,1,0,0,0,0,0,0,0,0,0,0
480830,2,1,0,0,0,0,0,0,0,0,0,0
480830,3,1,0,0,0,0,0,0,0,0,0,0
480831,1,1,13,0,11,35,0,0,13,19,15,0
480832,1,1,19,19,19,19,19,19,19,19,19,19
480832,2,1,0,0,0,20,9,0,0,0,0,29
480833,0,1,13,13,13,13,13,13,13,13,13,13
480833,0,2,6,6,6,6,6,6,6,6,6,6
480833,1,1,0,0,0,0,0,4,0,0,0,0
480834,1,1,0,0,0,0,0,0,0,0,0,0
480834,2,1,3,0,0,0,0,0,0,0,0,0
480835,1,1,0,0,0,0,0,22,0,7,19,0
480836,1,1,21,19,33,7,8,0,0,0,9,0
480837,0,1,0,15,0,0,0,0,26,0,0,35
480837,1,1,0,0,8,17,6,10,13,7,15,0
480838,1,1,0,0,0,0,0,0,0,0,0,0
480838,2,1,0,0,0,0,0,0,0,0,0,0
480839,1,1,0,0,0,0,0,0,0,0,0,0
480839,2,1,0,0,0,0,0,0,0,0,0,0
480840,1,1,17,17,17,17,17,17,17,17,17,17
480840,2,1,4,0,0,0,0,24,23,0,0,0
480841,1,1,0,0,0,0,0,0,0,0,0,0
480842,1,1,0,0,0,0,0,0,0,0,0,0
480842,2,1,0,0,0,0,0,0,0,0,0,0
480843,1,1,0,0,0,0,0,0,0,0,0,0
480843,2,1,0,0,0,0,0,0,0,0,0,0
480843,3,1,0,6,0,22,0,13,0,0,0,0
480844,0,1,31,31,31,31,31,31,31,31,31,31
480844,1,1,0,0,0,0,0,12,0,0,0,0
480845,0,1,26,26,26,26,26,26,26,26,26,26
480845,1,1,15,7,15,0,0,0,10,16,0,0
480846,0,1,35,35,35,35,35,35,35,35,35,35
480846,1,1,0,12,4,0,24,0,0,0,0,0
480847,1,1,0,0,0,0,0,5,0,0,0,0
480848,1,1,14,14,14,14,14,14,14,14,14,14
480848,2,1,0,0,0,0,0,9,0,0,0,11
480849,1,1,17,17,17,17,17,17,17,17,17,17
480849,2,1,22,0,11,0,0,0,0,0,0,16
480850,1,1,0,0,0,0,0,0,0,0,0,0
480852,1,1,0,0,0,0,0,0,0,0,0,20
480853,0,1,0,0,0,8,0,20,28,0,0,0
480853,1,1,0,0,0,0,0,7,15,0,0,0
480853,2,1,0,0,17,0,0,0,0,0,0,16
480853,3,1,0,0,0,8,0,0,0,0,0,0
480853,4,1,25,0,0,0,0,0,0,0,0,0
480853,5,1,0,21,0,0,0,0,0,0,21,5
480853,6,1,0,0,9,0,0,0,0,0,0,0
480853,7,1,0,0,0,0,0,0,0,0,0,22
480853,8,1,11,0,0,0,0,4,0,0,0,0
480854,1,1,8,0,0,0,15,6,0,0,0,0
480854,2,1,4,18,0,0,0,0,0,0,0,0
480855,0,1,0,0,0,0,0,0,0,0,0,0
480855,1,1,0,0,0,0,28,0,0,20,0,11
480856,1,1,0,0,0,5,0,0,0,16,0,0
480856,2,1,0,0,0,0,0,0,0,0,0,0
480857,0,1,33,33,33,33,33,33,33,33,33,33
480857,1,1,0,0,0,6,14,17,30,32,22,0
480858,1,1,16,16,16,16,16,16,16,16,16,16
480859,1,1,0,0,0,0,0,6,0,0,0,0
480859,2,1,0,0,0,0,0,0,0,0,0,0
480860,1,1,0,25,0,0,0,0,0,0,4,0
480860,2,1,0,0,0,0,0,23,0,0,0,0
480861,1,1,12,12,12,12,12,12,12,12,12,12
480862,1,1,11,11,11,11,11,11,11,11,11,11
480863,1,1,0,0,30,0,0,0,0,0,31,13
480863,2,1,0,0,5,0,0,12,0,12,39,0
480863,3,1,0,0,0,0,12,0,5,0,0,10
480863,4,1,10,0,13,0,0,0,0,0,0,26
480864,1,1,0,0,0,0,0,9,23,0,0,0
480864,2,1,0,0,0,0,0,0,30,0,0,0
480865,1,1,20,20,20,20,20,20,20,20,20,20
480866,0,1,13,0,0,23,0,0,19,0,0,21
480866,1,1,0,0,0,7,0,19,0,0,0,0
480867,1,1,25,25,25,25,25,25,25,25,25,25
480868,1,1,0,0,31,0,0,23,0,16,0,0
480868,2,1,0,0,0,0,0,0,0,0,0,0
480869,0,1,31,31,31,31,31,31,31,31,31,31
480869,1,1,0,15,0,0,0,0,19,12,21,0
480870,1,1,36,36,36,36,36,36,36,36,36,36
480870,2,1,0,0,0,0,0,0,0,0,0,0
480871,0,1,0,0,0,0,0,0,0,0,0,0
480871,1,1,0,0,0,0,0,0,0,0,0,0
480872,0,1,18,15,0,0,0,0,0,23,0,24
480872,1,1,0,0,0,0,0,0,0,0,0,0
480873,1,1,19,0,2,0,0,0,0,22,0,23
480874,1,1,5,5,5,5,5,5,5,5,5,5
480874,2,1,0,0,0,0,0,0,0,0,0,0
480875,1,1,15,15,15,15,15,15,15,15,15,15
480876,1,1,0,0,0,0,0,0,0,0,0,0
480876,2,1,0,0,0,0,0,0,0,0,0,0
480877,1,1,8,8,8,8,8,8,8,8,8,8
480878,1,1,0,0,0,22,0,10,0,0,35,0
480878,2,1,0,0,0,43,0,0,0,0,0,0
480879,0,1,24,24,24,24,24,24,24,24,24,24
480879,1,1,0,0,0,0,0,0,0,0,0,0
480880,1,1,0,0,0,0,0,0,11,0,0,0
480880,2,1,0,0,0,16,0,0,0,0,0,0
480880,3,1,7,0,0,0,0,0,0,0,0,0
480881,1,1,2,2,2,2,2,2,2,2,2,2
480881,2,1,3,0,0,0,0,0,0,0,0,15
480882,0,1,0,0,14,0,0,0,0,0,0,0
480882,1,1,0,0,9,0,0,20,13,14,15,23
480883,1,1,0,0,0,0,0,0,0,0,0,0
480884,1,1,0,0,0,0,0,0,0,0,0,0
480884,2,1,0,0,0,0,0,18,0,0,0,0
480884,3,1,0,0,0,0,0,0,0,0,0,0
480885,1,1,0,0,0,0,0,0,0,0,0,0
480885,3,1,0,0,0,0,16,0,0,0,0,0
480886,1,1,0,0,0,0,0,0,0,0,0,0
480886,2,1,7,18,0,18,4,5,0,0,6,0
480886,3,1,20,17,28,15,0,17,8,0,0,0
480887,0,1,35,35,35,35,35,35,35,35,35,35
480887,1,1,0,0,0,0,16,21,0,0,0,25
480888,0,1,0,0,18,27,0,0,31,0,22,16
480888,1,1,0,23,20,0,0,0,5,0,4,23
480889,1,1,0,0,0,0,0,0,0,7,19,15
480890,1,1,18,18,18,18,18,18,18,18,18,18
480891,1,1,0,0,0,0,0,0,0,0,0,0
480891,2,1,3,3,3,3,3,3,3,3,3,3
480892,1,1,0,10,22,0,0,18,0,34,0,0
480892,2,1,0,0,0,0,0,13,28,0,0,0
480893,1,1,0,0,0,0,0,0,0,0,0,0
480893,2,1,0,0,0,0,0,0,0,0,0,0
480894,0,1,0,0,0,0,0,0,0,0,0,0
480894,1,1,22,0,0,0,0,0,0,0,0,0
480895,1,1,14,14,14,14,14,14,14,14,14,14
480896,1,1,0,8,0,0,33,16,0,0,5,0
480896,2,1,0,0,0,0,0,5,0,0,0,0
480896,3,1,0,0,0,0,0,0,0,0,15,0
480897,1,1,0,0,0,36,0,22,0,0,0,3
480897,2,1,0,15,0,7,0,13,0,16,0,0
480898,1,1,0,0,0,0,0,0,0,0,0,0
480898,2,1,0,0,0,0,0,0,0,0,0,0
480899,1,1,0,0,0,0,0,0,0,0,0,0
480900,0,1,0,15,16,0,22,0,27,0,0,0
480900,0,2,0,0,0,0,0,0,0,0,0,0
480900,2,1,0,0,0,0,0,0,0,0,0,0
480901,0,1,13,0,0,0,0,0,0,0,0,0
480901,1,1,33,0,0,19,0,0,0,0,0,0
480902,1,1,0,0,0,15,0,0,18,16,0,0
480903,1,1,0,0,0,0,0,0,0,0,0,0
480903,2,1,0,0,0,0,0,0,0,0,0,0
480904,1,1,23,14,13,10,0,0,22,31,0,0
480905,1,1,0,0,0,0,16,0,22,0,2,0
480905,2,1,12,12,12,12,12,12,12,12,12,12
480906,1,1,0,0,0,0,0,0,0,0,0,0
480907,1,1,0,11,19,31,40,0,13,13,5,0
480908,1,1,0,0,0,0,0,0,0,0,0,0
480908,2,1,0,0,0,0,0,0,0,0,0,0
480908,3,1,0,0,0,0,0,0,48,0,0,0
480908,4,1,0,0,0,0,0,0,0,0,0,0
480908,5,1,0,0,0,0,0,0,0,0,16,0
480909,1,1,26,26,26,26,26,26,26,26,26,26
480910,1,1,20,20,20,20,20,20,20,20,20,20
480911,1,1,6,21,33,0,0,19,15,16,5,0
480913,1,1,16,16,16,16,16,16,16,16,16,16
480913,2,1,0,0,0,0,0,0,0,0,0,0
480914,1,1,0,0,0,0,0,0,0,0,0,0
480915,1,1,0,0,0,0,0,0,0,0,0,0
480915,2,1,0,0,0,0,0,0,0,0,0,0
480916,1,1,16,16,16,16,16,16,16,16,16,16
480916,2,1,0,27,0,0,0,0,0,0,15,0
480917,1,1,12,12,12,12,12,12,12,12,12,12
480918,1,1,9,0,4,0,0,0,0,0,0,0
480919,1,1,0,0,25,0,0,0,0,0,0,0
480919,2,1,0,0,0,0,0,0,0,0,0,0
480920,1,1,0,0,0,0,0,0,0,0,0,0
480921,0,1,0,9,0,0,32,0,0,26,0,0
480921,1,1,0,0,0,0,0,0,0,0,0,0
480922,1,1,31,22,25,11,17,19,0,35,19,0
480922,2,1,0,29,0,6,0,7,0,13,2,28
480923,0,1,27,27,27,27,27,27,27,27,27,27
480923,1,1,14,14,14,14,14,14,14,14,14,14
480924,1,1,15,16,0,14,27,0,0,0,35,6
480925,1,1,25,25,25,25,25,25,25,25,25,25
480926,1,1,0,0,0,17,0,0,0,0,0,0
480926,2,1,5,5,5,5,5,5,5,5,5,5
480927,1,1,0,0,0,0,0,0,0,0,0,0
480927,2,1,0,12,0,0,0,0,0,0,9,0
480928,1,1,11,11,11,11,11,11,11,11,11,11
480929,0,1,19,19,19,19,19,19,19,19,19,19
480929,1,1,0,0,17,0,0,0,12,0,0,20
480929,2,1,0,8,4,0,0,0,10,14,0,9
480930,1,1,0,0,0,0,11,0,0,0,0,0
480930,2,1,0,0,0,0,0,0,0,0,0,0
480931,1,1,2,2,2,2,2,2,2,2,2,2
480932,0,1,0,0,0,0,0,0,0,0,0,0
480932,1,1,0,0,0,0,0,0,0,0,0,0
480932,2,1,0,0,0,16,7,0,0,0,0,0
480933,1,1,0,0,0,0,0,0,48,0,0,0
480933,2,1,0,19,0,0,0,0,0,0,21,13
480933,3,1,0,0,0,0,0,0,22,0,0,0
480933,4,1,0,0,0,0,11,0,0,0,0,0
480933,5,1,0,0,0,0,0,0,0,0,0,0
480933,6,1,0,0,0,0,0,0,0,0,0,0
480934,1,1,14,0,14,0,27,0,0,34,0,11
480935,1,1,0,0,0,0,0,0,0,0,0,0
480935,2,1,9,9,9,9,9,9,9,9,9,9
480936,0,1,0,0,0,0,0,0,0,0,0,0
480936,1,1,0,9,16,18,13,21,8,0,0,0
480937,1,1,0,0,17,0,0,0,0,0,0,0
480937,2,1,0,0,0,0,0,7,0,0,0,0
480937,3,1,0,40,24,0,0,0,0,0,0,0
480938,0,1,0,0,0,0,0,0,0,0,0,0
480938,1,1,0,0,0,0,0,0,0,0,0,0
480939,1,1,15,15,15,15,15,15,15,15,15,15
480940,1,1,0,0,0,0,0,0,0,0,0,0
480940,2,1,0,0,0,0,0,0,0,0,0,0
480941,1,1,14,14,14,14,14,14,14,14,14,14
480941,2,1,5,0,9,0,0,0,0,0,12,4
480942,0,1,10,10,10,10,10,10,10,10,10,10
480942,1,1,0,0,0,0,0,0,0,0,0,0
480943,1,1,0,0,0,26,0,0,27,0,0,23
480944,1,1,0,0,0,0,0,0,0,0,0,0
480944,2,1,4,4,4,4,4,4,4,4,4,4
480945,1,1,24,24,0,12,5,26,19,0,0,8
480946,1,1,11,11,11,11,11,11,11,11,11,11
480946,2,1,23,0,0,0,0,0,15,0,0,0
480947,0,1,0,6,0,0,0,0,0,0,0,0
480947,1,1,0,0,0,0,0,0,0,0,0,0
480948,2,1,5,5,5,5,5,5,5,5,5,5
480949,1,1,14,14,14,14,14,14,14,14,14,14
480950,1,1,0,0,0,0,0,0,0,0,0,0
480951,1,1,22,22,22,22,22,22,22,22,22,22