ST_CASE,VEH_NO,PER_NO,P1,P2,P3,P4,P5,P6,P7,P8,P9,P10
480952,1,1,8,8,8,8,8,8,8,8,8,8
480953,0,1,0,0,0,0,0,0,47,0,21,0
480953,1,1,0,13,0,0,21,0,0,0,0,29
480954,0,1,28,28,28,28,28,28,28,28,28,28
480954,1,1,0,0,0,10,0,0,0,0,0,0
480955,1,1,0,0,0,0,0,11,0,0,22,0
480955,2,1,0,0,0,0,0,0,0,0,0,0
480956,1,1,0,0,0,0,0,0,0,0,0,0
480956,2,1,0,0,0,0,0,0,2,0,0,0
480957,0,1,0,4,0,24,0,31,37,0,0,10
480957,1,1,9,0,0,20,13,9,0,0,0,0
480958,0,1,0,0,0,0,0,0,0,0,0,0
480958,1,1,0,0,0,0,0,0,0,0,0,0
480958,2,1,0,0,0,0,0,0,0,0,0,0
480958,3,1,0,35,0,0,0,0,0,0,0,0
480958,4,1,0,0,0,0,0,0,0,0,0,0
480959,1,1,0,0,0,0,0,0,0,0,0,0
480960,0,1,0,0,0,0,0,0,0,0,0,0
480960,1,1,0,0,17,13,10,0,0,0,23,0
480961,0,1,4,4,4,4,4,4,4,4,4,4
480961,1,1,0,0,19,0,33,0,40,25,0,0
480963,1,1,0,0,0,7,0,0,25,0,0,0
480963,2,1,0,0,0,0,0,0,0,0,0,0
480964,1,1,0,0,0,0,0,0,0,0,0,0
480965,1,1,12,12,12,12,12,12,12,12,12,12
480965,2,1,0,0,0,0,0,0,0,0,0,0
480966,1,1,9,9,9,9,9,9,9,9,9,9
480967,1,1,0,0,5,6,33,0,0,23,0,0
480968,1,1,0,21,21,12,0,18,23,27,21,0
480969,1,1,29,29,29,29,29,29,29,29,29,29
480969,2,1,0,16,0,0,0,29,0,0,6,9
480970,0,1,9,9,9,9,9,9,9,9,9,9
480970,1,1,1,1,1,1,1,1,1,1,1,1
480970,2,1,0,36,0,8,0,0,0,0,0,17
480970,3,1,0,9,0,0,0,15,0,16,0,17
480971,1,1,0,0,0,0,0,0,0,0,0,0
480971,2,1,0,23,0,0,0,0,0,0,0,0
480971,3,1,23,0,0,0,0,0,0,0,0,0
480972,0,1,0,0,0,0,0,18,13,0,17,0
480972,1,1,0,0,0,0,0,0,0,0,0,0
480973,1,1,0,0,0,16,0,0,0,0,0,0
480973,2,1,0,0,0,0,24,16,0,0,0,0
480973,3,1,0,0,0,0,0,0,0,0,0,0
480974,0,1,0,0,0,0,0,0,0,0,0,0
480974,1,1,0,0,0,0,0,0,0,22,0,0
480976,1,1,0,0,0,35,0,0,0,15,0,0
480976,2,1,0,0,0,0,8,0,0,5,15,18
480977,1,1,17,17,17,17,17,17,17,17,17,17
480978,0,1,13,13,13,13,13,13,13,13,13,13
480978,1,1,0,0,0,42,22,11,0,0,0,0
480979,1,1,0,0,0,0,0,0,0,0,0,0
480979,2,1,0,0,0,0,0,0,0,0,0,0
480980,1,1,16,14,12,14,22,7,31,25,18,22
480981,1,1,20,20,20,20,20,20,20,20,20,20
480982,0,1,0,0,0,0,0,0,0,0,0,0
480982,1,1,0,5,0,0,0,0,0,0,0,0
480983,1,1,0,0,0,0,0,0,0,0,0,0
480984,1,1,0,0,0,22,0,0,0,0,0,0
480985,1,1,0,22,0,0,5,30,6,0,0,13
480986,1,1,0,0,0,0,0,0,0,0,0,0
480986,2,1,0,0,0,0,0,0,0,0,0,24
480987,1,1,22,23,15,0,0,0,0,15,9,0
480988,1,1,0,0,0,0,0,0,0,0,0,0
480989,1,1,0,0,0,0,0,0,0,0,0,0
480990,1,1,0,0,0,0,0,0,0,0,0,0
480990,2,1,0,0,0,0,0,0,0,0,0,0
480991,0,1,0,0,0,0,0,0,0,20,0,0
480991,1,1,0,0,0,0,5,30,0,0,0,0
480992,1,1,14,14,14,14,14,14,14,14,14,14
480993,1,1,0,7,0,0,0,0,0,0,0,0
480994,1,1,0,0,0,0,0,0,12,0,0,0
480994,2,1,0,0,0,0,0,0,0,0,0,0
480995,1,1,21,12,11,0,0,11,0,0,0,0
480995,2,1,21,12,0,0,0,13,0,0,0,7
480995,3,1,0,7,0,20,0,11,0,0,0,0
480996,1,1,0,0,0,0,0,0,21,0,0,0
480996,2,1,0,0,0,0,0,11,0,0,0,0
480997,1,1,0,0,0,0,0,0,0,0,0,0
480997,2,1,0,0,0,0,0,0,0,0,0,0
480998,1,1,0,0,0,0,0,14,0,0,0,0
480999,1,1,15,15,15,15,15,15,15,15,15,15
480999,2,1,0,0,0,0,5,0,0,7,0,0
481000,1,1,0,0,0,0,0,0,0,0,0,0
481000,2,1,0,0,0,0,0,0,0,0,0,0
481001,1,1,0,0,0,0,0,0,0,0,0,0
481001,2,1,0,0,0,0,0,0,0,0,0,0
481002,1,1,0,0,0,0,0,0,0,0,0,0
481002,2,1,0,8,0,0,0,0,0,0,0,0
481003,1,1,0,0,0,27,7,0,6,0,0,0
481004,1,1,0,0,15,8,0,9,20,0,18,0
481004,2,1,0,27,25,16,0,13,0,4,0,3
481005,1,1,0,0,17,0,0,0,0,15,0,0
481005,2,1,0,11,0,0,0,0,0,0,0,0
481006,1,1,0,0,0,0,0,0,0,0,0,0
481006,2,1,0,0,0,0,0,0,0,0,0,0
481007,1,1,0,0,23,0,0,0,0,0,0,0
481007,2,1,0,0,0,0,0,0,0,0,29,0
481008,1,1,0,0,0,0,0,0,0,0,0,0
481008,2,1,0,0,9,0,0,0,0,0,0,0
481008,3,1,0,0,0,0,0,0,0,0,0,0
481009,1,1,23,23,23,23,23,23,23,23,23,23
481010,1,1,0,0,0,0,0,0,0,0,0,0
481011,0,1,0,0,0,0,0,0,0,0,0,0
481011,1,1,0,12,5,26,25,25,13,5,6,0
481012,1,1,0,0,0,22,0,0,0,32,0,18
481012,2,1,0,35,0,0,24,0,0,17,0,17
481013,1,1,0,0,0,0,0,0,0,0,0,0
481013,2,1,0,0,0,0,0,0,0,0,0,0
481014,1,1,0,0,0,11,0,0,0,0,0,0
481014,2,1,0,0,0,0,0,0,0,16,9,0
481015,1,1,0,0,0,0,0,22,12,0,0,0
481016,1,1,0,0,0,0,0,0,0,23,0,14
481017,1,1,8,10,20,0,6,11,20,0,8,5
481017,2,1,0,0,6,0,0,0,14,0,0,4
481018,0,1,17,0,24,13,23,0,0,22,0,22
481018,1,1,2,19,11,10,1,14,21,9,3,12
481019,1,1,7,15,0,0,0,0,0,23,0,0
481019,2,1,0,15,19,0,0,0,19,0,0,0
481020,1,1,7,7,7,7,7,7,7,7,7,7
481020,2,1,3,9,5,12,8,0,14,13,20,0
481021,1,1,0,0,0,0,0,0,0,0,0,0
481021,2,1,18,0,0,0,0,0,0,0,0,0
481022,0,1,0,0,0,0,0,0,0,0,0,0
481022,1,1,23,0,0,0,0,18,0,0,17,12
481023,1,1,0,0,0,0,0,0,0,0,0,0
481023,2,1,0,0,0,0,0,0,0,0,0,0
481024,1,1,17,8,26,20,8,7,12,10,15,18
481024,2,1,0,0,0,0,0,0,0,0,0,0
481025,1,1,37,0,3,2,13,16,14,12,10,12
481026,1,1,0,0,0,0,0,0,10,0,0,0
481026,2,1,0,0,0,0,0,0,0,0,0,0
481027,0,1,0,0,0,0,0,0,0,0,0,0
481027,1,1,2,10,16,15,15,0,0,0,0,0
481027,2,1,6,0,0,18,0,0,0,10,18,28
481028,1,1,16,0,8,28,0,12,0,9,0,17
481029,1,1,12,12,12,12,12,12,12,12,12,12
481030,1,1,0,0,0,0,0,0,33,0,0,0
481030,2,1,0,0,0,0,0,0,0,0,0,0
481031,0,1,0,0,0,0,0,0,0,0,0,0
481031,1,1,24,19,0,0,0,18,0,0,9,0
481032,1,1,14,14,14,14,14,14,14,14,14,14
481033,1,1,0,0,0,0,0,0,0,0,0,18
481033,2,1,0,0,0,0,0,0,0,0,0,0
481034,0,1,0,0,0,0,0,0,0,0,0,0
481034,1,1,9,11,0,43,16,0,14,0,13,0
481035,1,1,0,0,0,0,0,0,0,0,0,0
481035,2,1,0,0,0,12,0,0,0,0,0,11
481035,3,1,0,0,0,0,0,0,0,0,14,9
481036,0,1,0,0,0,0,0,0,0,0,0,0
481036,1,1,0,0,0,0,0,0,0,0,0,0
481037,1,1,0,0,0,0,0,0,0,0,0,0
481037,2,1,0,0,0,0,0,0,0,10,0,0
481038,1,1,0,0,0,0,0,0,0,0,0,0
481038,2,1,0,17,0,0,0,0,0,0,0,0
481038,3,1,0,16,0,0,21,0,0,16,13,0
481039,1,1,0,17,0,36,0,17,0,24,0,16
481039,2,1,0,0,0,0,0,0,0,0,0,0
481039,3,1,0,0,0,0,9,0,0,12,0,0
481040,1,1,0,0,0,0,0,0,23,0,0,0
481041,1,1,0,0,0,0,0,0,0,0,0,35
481042,0,1,38,38,38,38,38,38,38,38,38,38
481042,1,1,0,0,0,0,0,0,0,0,0,0
481043,1,1,0,0,0,0,0,0,0,6,0,10
481043,2,1,0,0,0,0,0,0,0,0,0,0
481044,1,1,12,12,12,12,12,12,12,12,12,12
481045,1,1,0,0,0,0,0,0,0,10,0,0
481045,2,1,0,0,0,0,0,0,0,0,0,0
481046,1,1,21,39,20,0,16,0,5,13,13,28
481047,1,1,0,0,0,0,0,0,0,0,0,0
481048,1,1,0,0,0,0,0,0,0,0,0,0
481048,2,1,0,0,0,0,0,0,0,0,0,0
481049,1,1,22,22,22,22,22,22,22,22,22,22
481049,2,1,0,0,0,0,0,0,0,0,0,0
481050,1,1,0,0,0,0,0,0,0,0,0,0
481050,2,1,13,13,13,13,13,13,13,13,13,13
481051,1,1,18,18,18,18,18,18,18,18,18,18
481051,2,1,5,5,5,5,5,5,5,5,5,5
481052,1,1,0,0,0,0,0,0,0,0,0,0
481053,1,1,23,23,23,23,23,23,23,23,23,23
481053,2,1,0,0,0,0,0,0,0,0,0,0
481054,1,1,19,0,0,0,0,0,0,0,0,0
481054,2,1,0,0,0,0,0,0,0,0,0,0
481055,1,1,0,0,0,0,0,0,0,0,0,0
481056,1,1,14,14,14,14,14,14,14,14,14,14
481057,1,1,0,0,0,0,0,0,0,0,0,0
481058,1,1,0,19,0,19,0,0,0,21,0,23
481059,1,1,14,7,0,27,16,0,0,0,16,0
481060,1,1,0,0,0,0,0,0,0,0,0,0
481061,1,1,0,0,0,0,0,0,0,0,0,0
481061,2,1,0,0,0,0,0,0,0,0,0,0
481061,3,1,0,14,0,0,0,0,0,0,0,0
481062,1,1,0,0,0,0,0,0,0,0,0,0
481062,2,1,0,0,0,0,0,0,0,0,0,0
481063,1,1,0,0,0,0,0,0,0,0,0,0
481063,2,1,0,0,0,0,0,0,20,0,3,0
481064,0,1,16,16,16,16,16,16,16,16,16,16
481064,1,1,0,0,0,0,0,0,0,0,0,0
481065,1,1,0,0,15,0,16,0,9,5,0,0
481065,2,1,28,0,15,0,0,0,0,0,0,0
481066,0,1,0,0,0,0,0,0,0,0,0,0
481066,1,1,0,0,0,0,0,0,0,18,0,0
481067,1,1,0,29,37,0,0,9,9,0,6,30
481067,2,1,0,0,0,27,0,0,0,41,0,0
481068,1,1,0,27,9,0,0,16,14,0,25,0
481069,0,1,0,26,28,0,0,0,0,0,27,0
481069,1,1,23,0,18,25,0,20,12,16,7,0
481070,1,1,17,17,17,17,17,17,17,17,17,17
481071,1,1,0,0,0,0,0,0,0,0,0,0
481072,0,1,8,8,8,8,8,8,8,8,8,8
481072,1,1,0,0,11,16,0,0,0,0,10,0
481074,1,1,8,8,8,8,8,8,8,8,8,8
481076,0,1,0,0,0,0,0,0,0,11,0,0
481076,1,1,0,0,0,0,0,0,0,0,0,0
481077,0,1,0,24,0,0,22,0,26,0,36,0
481077,1,1,21,3,0,12,23,0,23,20,24,24
481078,1,1,0,0,0,0,0,0,0,0,0,0
481079,1,1,0,11,0,0,0,0,11,0,0,19
481079,2,1,29,15,11,0,12,0,0,0,0,0
481079,3,1,0,0,0,13,0,0,0,0,0,0
481080,1,1,0,0,0,0,0,0,0,0,0,0
481080,2,1,0,0,0,0,0,0,0,0,0,0
481081,1,1,24,24,24,24,24,24,24,24,24,24
481081,2,1,0,0,0,0,0,0,0,0,0,16
481082,0,1,3,3,3,3,3,3,3,3,3,3
481082,1,1,0,0,0,0,0,0,0,0,0,0
481083,1,1,9,9,9,9,9,9,9,9,9,9
481084,1,1,11,11,11,11,11,11,11,11,11,11
481085,1,1,0,0,0,0,0,0,0,0,0,0
481085,2,1,0,0,0,0,0,0,0,0,0,0
481085,3,1,0,0,0,0,20,0,0,0,0,0
481085,4,1,0,0,0,0,17,0,0,0,0,0
481085,5,1,0,0,0,0,0,0,15,0,0,0
481086,1,1,22,0,22,0,19,15,0,0,14,18
481087,1,1,22,22,22,22,22,22,22,22,22,22
481088,1,1,20,20,20,20,20,20,20,20,20,20
481089,1,1,0,0,0,0,0,0,0,0,0,0
481090,1,1,0,0,0,0,0,0,0,0,0,0
481090,2,1,0,0,0,0,0,0,0,0,0,0
481090,3,1,0,0,0,0,0,0,0,0,0,0
481091,1,1,0,0,0,0,0,0,0,0,0,0
481092,1,1,0,0,0,0,0,0,0,0,0,0
481092,2,1,0,20,0,0,0,0,20,0,20,0
481092,3,1,13,0,20,0,31,0,0,5,0,0
481093,1,1,0,0,0,0,0,9,0,0,20,0
481093,2,1,0,19,0,0,0,0,27,0,0,0
481095,1,1,22,22,22,22,22,22,22,22,22,22
481096,1,1,0,0,0,0,0,0,0,0,0,0
481096,2,1,30,0,24,0,11,0,0,0,0,0
481096,3,1,0,0,0,12,0,0,0,0,14,30
481096,4,1,0,9,0,4,0,0,14,8,13,0
481096,5,1,0,0,10,36,0,0,0,6,12,25
481097,1,1,0,0,0,0,0,0,0,0,0,0
481098,0,1,20,18,4,37,44,12,0,14,28,10
481098,1,1,0,0,0,13,0,21,36,0,0,0
481099,1,1,11,11,11,11,11,11,11,11,11,11
481100,1,1,0,0,0,0,0,0,0,0,0,0
481100,2,1,0,0,0,0,0,20,0,0,17,23
481101,1,1,21,21,21,21,21,21,21,21,21,21
481102,0,1,0,16,0,19,0,33,12,18,0,0
481102,1,1,0,0,0,0,0,0,0,0,0,0
481102,2,1,0,0,0,0,12,0,0,0,0,19
481103,1,1,0,0,0,0,0,0,0,0,0,0
481103,2,1,0,0,0,0,0,0,0,0,0,12
481104,0,1,0,0,0,26,26,29,0,24,50,0
481104,1,1,0,26,26,17,0,18,15,17,0,14
481105,1,1,0,0,0,0,0,0,0,0,0,0
481105,2,1,0,0,0,12,0,10,0,11,0,0
481105,3,1,0,0,0,27,16,0,24,12,0,0
481105,4,1,0,0,0,0,0,8,0,0,0,0
481106,1,1,18,18,18,18,18,18,18,18,18,18
481107,1,1,0,0,0,0,0,0,0,30,0,16
481107,2,1,0,0,0,0,0,0,0,0,0,0
481108,1,1,11,11,11,11,11,11,11,11,11,11
481109,1,1,0,13,0,22,0,23,0,41,0,9
481110,1,1,0,0,0,14,0,0,0,20,27,0
481110,2,1,15,0,0,23,0,0,0,17,0,0
481111,0,1,0,0,0,21,0,0,37,0,0,0
481111,1,1,10,10,0,14,0,0,0,0,0,0
481112,0,1,0,24,0,0,0,0,0,10,0,0
481112,1,1,0,0,0,0,0,0,0,0,0,0
481113,1,1,17,17,17,17,17,17,17,17,17,17
481114,1,1,24,24,24,24,24,24,24,24,24,24
481114,2,1,15,0,0,4,0,0,0,0,0,11
481115,1,1,0,0,0,0,0,0,0,0,0,0
481115,2,1,0,0,0,0,0,0,0,0,0,0
481116,1,1,14,0,0,0,0,0,0,0,15,0
481117,1,1,18,18,18,18,18,18,18,18,18,18
481118,1,1,38,0,0,0,0,0,0,22,0,0
481118,2,1,0,0,0,0,0,0,0,0,0,0
481119,0,1,0,0,0,0,0,0,0,0,0,0
481119,1,1,0,0,18,0,0,0,0,0,0,11
481120,1,1,0,0,0,0,0,0,0,0,0,0
481121,1,1,0,0,0,13,0,11,31,0,0,0
481121,2,1,0,0,10,0,0,0,0,15,0,0
481122,1,1,0,0,0,0,0,0,0,0,0,0
481123,1,1,0,0,0,0,0,0,0,0,0,0
481123,2,1,0,0,0,0,0,0,12,8,0,0
481124,1,1,0,0,0,0,28,0,0,0,0,0
481124,2,1,0,0,0,0,0,0,0,0,0,13
481125,0,1,0,0,0,0,0,0,0,0,0,0
481125,1,1,0,0,0,0,0,13,0,0,0,4
481126,1,1,18,18,18,18,18,18,18,18,18,18
481127,1,1,24,14,16,10,18,6,14,16,0,14
481128,1,1,0,0,0,0,0,0,0,0,0,0
481128,2,1,15,15,15,15,15,15,15,15,15,15
481129,1,1,0,0,0,0,0,0,0,0,0,23
481130,1,1,33,0,0,0,15,0,19,0,20,0
481131,1,1,14,14,14,14,14,14,14,14,14,14
481132,1,1,7,7,7,7,7,7,7,7,7,7
481133,1,1,7,7,7,7,7,7,7,7,7,7
481134,1,1,22,0,0,0,9,0,16,0,0,0
481134,2,1,0,0,0,0,0,27,0,0,0,3
481134,3,1,0,0,0,0,0,0,0,0,0,0
481134,4,1,7,0,16,0,0,0,0,0,0,0
481135,0,1,0,0,0,0,21,0,0,0,0,0
481135,1,1,0,0,12,0,0,0,0,0,0,0
481136,1,1,0,0,0,0,16,0,0,0,17,0
481137,1,1,0,0,0,0,0,0,0,0,0,0
481137,2,1,11,4,0,10,2,0,0,14,14,0
481137,3,1,0,0,0,0,0,0,0,0,0,0
481137,4,1,0,22,0,0,0,0,0,0,0,0
481138,1,1,26,26,26,26,26,26,26,26,26,26
481138,2,1,0,13,0,0,0,0,20,0,0,0
481139,1,1,16,16,16,16,16,16,16,16,16,16
481139,2,1,0,0,0,0,0,0,0,0,0,0
481139,3,1,27,11,0,41,0,0,0,0,6,39
481140,1,1,0,0,0,0,0,0,0,0,0,0
481141,1,1,15,15,15,15,15,15,15,15,15,15
481141,2,1,21,0,0,0,0,36,0,11,0,27
481142,1,1,0,0,0,0,0,0,0,0,0,0
481142,2,1,0,0,0,0,0,0,0,0,0,0
481143,1,1,0,0,0,0,0,0,0,0,0,0
481144,1,1,38,38,38,38,38,38,38,38,38,38
481144,2,1,0,0,0,0,15,0,0,0,0,0
481145,1,1,2,2,2,2,2,2,2,2,2,2
481146,1,1,0,15,0,0,0,0,0,0,0,0
481146,2,1,0,0,21,0,2,0,0,0,0,0
481147,1,1,0,0,0,0,0,0,0,0,0,0
481148,1,1,18,18,18,18,18,18,18,18,18,18
481149,1,1,4,4,4,4,4,4,4,4,4,4
481149,2,1,0,0,0,0,0,0,0,0,0,0
481150,1,1,0,0,0,0,0,0,0,0,9,13
481150,2,1,0,0,0,19,0,0,0,0,0,0
481150,3,1,0,0,0,19,0,0,0,11,0,0
481150,4,1,0,0,0,0,0,0,0,0,0,0
481150,5,1,0,0,0,0,0,0,0,0,0,0
481150,6,1,0,7,0,0,0,30,0,0,0,0
481151,1,1,0,0,35,0,0,0,0,0,0,0
481151,2,1,0,0,0,0,0,0,13,0,0,0
481152,1,1,0,21,20,26,0,0,0,0,2,0
481152,2,1,0,0,0,0,14,0,0,0,0,0
481153,1,1,0,0,0,0,0,0,0,0,0,0
481153,2,1,2,2,2,2,2,2,2,2,2,2
481154,0,1,0,0,0,0,0,15,0,0,16,26
481154,1,1,0,0,0,0,0,0,0,0,0,0
481155,1,1,0,0,0,0,0,0,0,0,0,0
481155,2,1,0,0,0,0,0,0,0,0,0,0
481156,1,1,0,0,0,0,0,12,0,0,0,0
481156,2,1,16,0,12,15,0,18,0,0,13,0
481156,3,1,18,2,24,0,0,13,16,0,7,21
481157,1,1,0,0,0,0,0,0,0,0,0,0
481158,1,1,20,20,20,20,20,20,20,20,20,20
481159,1,1,0,0,0,0,0,0,0,0,0,0
481159,2,1,0,0,0,0,0,0,0,0,0,0
481160,0,1,11,0,6,0,14,0,8,4,0,0
481160,1,1,0,0,0,0,0,2,0,0,0,0
481161,1,1,0,0,0,0,0,0,0,0,0,0
481162,1,1,14,17,15,12,17,24,14,7,8,15
481163,1,1,13,0,0,36,0,0,0,0,0,0
481163,2,1,0,0,0,0,0,0,0,9,0,0
481164,1,1,10,10,10,10,10,10,10,10,10,10
481165,1,1,0,0,0,0,0,0,0,0,0,0
481165,2,1,0,0,0,0,0,0,0,0,0,0
481166,0,1,0,0,0,0,0,0,0,0,0,0
481166,1,1,0,0,0,0,0,0,0,0,0,0
481167,1,1,21,21,21,21,21,21,21,21,21,21
481168,1,1,17,17,17,17,17,17,17,17,17,17
481169,1,1,0,16,0,0,0,0,0,0,0,0
481170,0,1,14,28,17,0,0,10,0,0,0,0
481170,1,1,0,0,0,0,0,0,25,0,19,0
481170,2,1,0,0,0,14,0,0,0,0,0,0
481171,1,1,0,0,0,0,0,0,0,0,0,0
481172,1,1,0,0,0,0,0,0,0,0,0,0
481173,1,1,29,29,29,29,29,29,29,29,29,29
481174,1,1,0,10,13,14,4,0,0,24,0,15
481175,0,1,24,0,26,0,0,0,0,0,0,22
481175,1,1,4,17,2,9,0,0,0,0,11,0
481176,1,1,0,0,0,0,0,0,0,0,0,0
481177,0,1,0,0,0,0,29,0,0,0,0,0
481177,1,1,0,0,0,0,0,0,0,0,0,0
481178,1,1,0,0,33,0,31,0,0,0,0,34
481179,1,1,0,0,12,0,0,0,0,0,0,0
481179,2,1,0,31,22,0,12,0,0,0,0,0
481180,1,1,23,0,0,0,0,0,0,0,8,0
481181,0,1,26,26,26,26,26,26,26,26,26,26
481181,1,1,0,0,0,4,0,16,0,0,0,46
481182,1,1,0,0,8,13,0,0,15,12,0,0
481183,1,1,0,0,0,0,0,0,0,0,0,0
481183,2,1,0,0,0,0,0,0,0,0,0,0
481183,3,1,0,0,0,0,0,0,0,0,0,20
481184,1,1,0,0,0,0,24,0,0,0,0,13
481185,1,1,8,22,0,23,35,0,0,0,0,0
481186,1,1,28,28,28,28,28,28,28,28,28,28
481186,2,1,19,12,0,5,24,15,13,18,0,0
481187,1,1,0,0,0,0,0,0,0,0,0,0
481187,2,1,0,0,0,0,0,0,0,0,0,0
481188,1,1,20,0,0,0,0,11,0,0,13,0
481189,1,1,0,20,0,0,0,0,16,0,0,30
481190,1,1,0,9,8,0,0,16,0,0,18,0
481190,2,1,6,0,15,0,0,0,0,28,11,0
481191,1,1,0,0,22,10,0,0,0,0,0,0
481192,1,1,0,0,0,21,19,0,0,0,0,0
481192,2,1,19,0,19,21,0,0,0,0,0,10
481193,1,1,21,21,21,21,21,21,21,21,21,21
481193,2,1,0,0,10,0,0,0,5,0,0,0
481193,3,1,0,10,0,0,18,0,0,12,7,0
481193,4,1,24,17,0,0,0,0,15,0,0,0
481193,5,1,0,0,0,0,6,0,21,2,0,0
481194,1,1,0,11,15,0,0,4,0,0,0,0
481194,2,1,0,0,0,0,0,0,0,0,0,0
481195,1,1,0,0,0,13,0,18,26,22,0,12
481196,1,1,1,1,1,1,1,1,1,1,1,1
481197,0,1,18,18,18,18,18,18,18,18,18,18
481197,1,1,18,0,12,26,0,0,0,0,0,0
481198,1,1,0,0,0,0,0,0,0,0,0,0
481199,0,1,0,0,0,0,0,0,0,0,0,0
481199,1,1,0,0,0,31,0,0,29,0,7,27
481200,0,1,0,0,0,0,0,0,0,0,0,0
481200,1,1,0,0,16,0,0,0,0,0,0,24
481201,1,1,18,18,18,18,18,18,18,18,18,18
481202,1,1,15,16,13,22,22,24,21,12,30,14
481204,1,1,19,12,17,0,5,22,15,0,9,13
481204,2,1,0,0,0,0,0,0,0,0,0,0
481205,1,1,16,0,15,14,10,0,14,16,0,0
481205,2,1,0,9,10,0,0,0,13,30,9,0
481206,1,1,0,0,0,0,0,0,0,0,0,0
481206,2,1,0,0,0,0,0,0,0,0,0,0
481207,1,1,0,22,0,20,15,0,0,15,13,28
481208,1,1,0,0,0,0,0,0,0,0,0,0
481208,2,1,0,0,0,0,0,0,0,0,0,0
481210,1,1,0,0,0,0,0,0,0,0,0,0
481211,0,1,24,24,24,24,24,24,24,24,24,24
481211,1,1,0,0,0,0,11,19,0,10,6,6
481212,1,1,0,22,12,0,28,0,0,0,0,0
481213,1,1,0,0,0,0,0,0,0,0,0,0
481213,2,1,0,0,0,0,0,0,0,0,0,0
481214,0,1,22,22,22,22,22,22,22,22,22,22
481214,1,1,0,0,0,23,0,0,0,0,0,0
481215,1,1,18,18,18,18,18,18,18,18,18,18
481216,1,1,0,0,0,0,0,0,0,0,0,0
481217,1,1,0,0,0,0,0,0,0,0,0,0
481217,2,1,0,0,0,0,0,0,0,0,0,0
481218,1,1,9,9,9,9,9,9,9,9,9,9
481218,2,1,23,23,23,23,23,23,23,23,23,23
481219,1,1,15,15,15,15,15,15,15,15,15,15
481220,1,1,0,16,0,26,0,0,0,0,0,0
481221,1,1,16,16,16,16,16,16,16,16,16,16
481222,0,1,11,11,11,11,11,11,11,11,11,11
481222,1,1,0,0,0,11,0,0,0,0,0,0
481222,2,1,0,0,0,0,0,0,0,0,0,0
481223,1,1,10,18,24,0,11,6,23,9,0,8
481223,2,1,0,0,0,0,0,0,0,0,0,0
481224,1,1,20,20,20,20,20,20,20,20,20,20
481224,2,1,3,16,5,0,0,0,0,0,0,0
481225,1,1,0,0,0,0,0,0,0,0,0,0
481225,2,1,4,9,9,12,12,8,15,0,0,0
481226,1,1,17,17,17,17,17,17,17,17,17,17
481227,1,1,0,0,20,0,0,0,18,0,0,0
481227,2,1,0,0,0,0,0,18,25,0,16,0
481229,1,1,0,0,0,0,15,0,0,0,17,0
481230,0,1,0,0,0,34,0,0,0,0,0,7
481230,1,1,0,0,0,0,0,0,0,12,0,0
481231,1,1,20,21,0,0,0,0,0,13,0,0
481232,1,1,0,26,0,3,11,22,0,8,0,0
481232,2,1,2,0,0,0,21,0,0,21,0,11
481233,1,1,13,13,13,13,13,13,13,13,13,13
481234,1,1,0,0,0,0,0,0,0,0,0,0
481234,2,1,17,17,17,17,17,17,17,17,17,17
481235,1,1,11,0,9,22,8,17,18,15,25,11
481236,1,1,0,0,13,0,24,7,10,9,12,5
481236,2,1,0,0,0,0,0,0,28,0,0,0
481237,1,1,0,0,7,0,22,0,16,15,13,22
481237,2,1,0,0,16,0,0,18,0,0,0,15
481238,1,1,0,0,0,0,0,0,20,28,0,0
481238,2,1,0,0,0,0,0,0,0,0,0,0
481239,1,1,0,0,0,0,0,0,0,0,0,0
481240,1,1,0,0,0,0,0,0,0,0,0,0
481240,2,1,0,0,0,0,0,0,0,0,0,0
481241,1,1,28,28,28,28,28,28,28,28,28,28
481241,2,1,27,0,0,0,27,0,0,0,0,0
481242,1,1,0,12,0,0,0,0,0,0,0,0
481243,1,1,18,18,18,18,18,18,18,18,18,18
481244,1,1,0,0,0,0,0,0,0,0,0,0
481244,2,1,0,0,0,0,0,0,0,0,0,0
481244,3,1,0,0,0,0,0,0,0,0,0,47
481244,4,1,0,0,0,0,0,0,0,0,0,0
481245,1,1,0,0,0,21,0,0,0,0,0,0
481245,2,1,0,0,0,11,0,0,0,0,13,0
481246,1,1,0,0,0,0,0,0,0,0,0,0
481247,1,1,0,0,0,26,8,0,0,44,0,0
481247,2,1,0,0,0,0,0,0,0,0,0,0