ST_CASE,VEH_NO,PER_NO,P1,P2,P3,P4,P5,P6,P7,P8,P9,P10
481543,1,1,21,0,0,0,0,7,11,26,0,0
481544,0,1,0,0,0,0,0,0,0,0,0,0
481544,1,1,0,0,0,0,0,0,0,0,0,0
481545,0,1,0,0,0,0,0,0,0,0,0,0
481545,0,2,0,0,10,0,0,0,17,0,0,15
481545,1,1,7,7,7,7,7,7,7,7,7,7
481547,1,1,17,0,17,0,0,0,0,0,0,0
481548,0,1,11,0,0,0,0,0,0,0,6,12
481548,1,1,0,0,16,0,0,0,0,0,0,0
481549,1,1,0,0,0,0,0,0,0,0,18,0
481549,2,1,0,0,0,0,35,0,0,0,0,0
481550,1,1,14,14,14,14,14,14,14,14,14,14
481550,2,1,0,0,0,12,0,0,0,0,22,0
481551,1,1,0,0,0,0,0,0,0,0,0,0
481551,2,1,0,0,0,0,0,0,0,0,0,17
481552,0,1,38,38,38,38,38,38,38,38,38,38
481552,1,1,9,0,4,3,9,2,0,0,0,0
481552,2,1,2,0,0,0,0,0,22,0,0,0
481553,1,1,16,16,16,16,16,16,16,16,16,16
481554,1,1,0,0,0,0,0,0,0,0,0,0
481554,2,1,0,0,0,0,0,0,0,0,0,0
481555,1,1,0,0,0,0,0,0,0,0,0,0
481555,2,1,0,0,0,0,19,0,0,0,18,5
481555,3,1,0,0,0,15,0,0,0,0,0,0
481556,1,1,26,26,26,26,26,26,26,26,26,26
481557,1,1,0,0,0,0,0,0,0,0,0,0
481557,2,1,0,0,0,0,0,0,0,19,0,0
481558,1,1,0,0,0,27,0,0,0,0,0,0
481558,2,1,0,0,0,0,0,0,0,0,0,0
481560,1,1,0,0,0,0,0,0,0,0,0,0
481560,2,1,0,0,0,0,0,0,0,0,0,0
481561,1,1,0,0,0,0,0,0,0,0,0,0
481562,0,1,17,0,0,0,23,0,0,0,0,0
481562,1,1,0,0,0,0,0,0,25,19,9,0
481563,1,1,0,0,0,0,0,0,0,0,0,0
481563,2,1,0,0,0,0,0,0,0,0,0,10
481564,1,1,0,0,0,0,0,0,0,0,0,0
481564,2,1,0,0,0,10,13,0,0,0,0,3
481565,0,1,19,19,19,19,19,19,19,19,19,19
481565,1,1,0,0,0,0,6,40,0,0,0,0
481565,2,1,26,0,0,19,18,10,0,0,0,0
481566,1,1,20,20,20,20,20,20,20,20,20,20
481567,0,1,26,26,0,0,23,23,0,0,25,0
481567,1,1,10,13,16,7,0,14,6,16,7,21
481568,1,1,6,6,6,6,6,6,6,6,6,6
481569,1,1,16,16,16,16,16,16,16,16,16,16
481570,0,1,0,0,0,0,0,0,0,0,14,0
481570,1,1,24,23,16,0,0,0,0,0,6,6
481571,1,1,4,4,4,4,4,4,4,4,4,4
481571,2,1,0,14,0,7,7,0,0,0,11,0
481572,1,1,0,0,0,0,0,0,0,0,0,0
481572,2,1,0,0,0,0,0,0,0,0,0,0
481573,1,1,20,20,20,20,20,20,20,20,20,20
481574,0,1,11,11,11,11,11,11,11,11,11,11
481574,1,1,0,0,0,0,0,0,0,0,0,0
481575,1,1,0,0,0,0,0,0,0,0,0,0
481575,2,1,12,12,12,12,12,12,12,12,12,12
481576,0,1,28,28,28,28,28,28,28,28,28,28
481576,1,1,14,14,0,14,0,25,17,17,8,0
481577,0,1,0,0,0,0,0,0,0,0,0,0
481577,1,1,0,0,0,0,0,0,0,0,0,0
481578,1,1,27,27,27,27,27,27,27,27,27,27
481578,2,1,0,0,0,0,0,0,0,0,0,0
481580,1,1,0,0,0,0,0,0,0,0,0,0
481580,2,1,0,0,15,0,0,14,0,15,0,23
481581,1,1,0,0,0,0,0,0,0,0,0,0
481581,2,1,0,0,0,0,0,17,0,0,0,0
481582,1,1,0,0,0,0,0,0,19,18,19,14
481583,1,1,0,0,0,0,0,14,0,0,0,18
481583,2,1,0,0,0,0,0,0,0,0,0,0
481584,1,1,18,18,18,18,18,18,18,18,18,18
481585,1,1,0,0,0,0,0,0,0,0,0,0
481585,2,1,17,0,0,16,0,0,15,0,0,0
481585,3,1,0,0,0,0,17,0,0,0,0,0
481586,1,1,0,0,0,0,0,0,0,0,0,0
481586,2,1,0,0,0,0,0,0,0,0,0,0
481586,3,1,0,0,0,0,0,0,0,0,11,26
481587,1,1,0,0,0,0,0,0,0,0,0,0
481588,1,1,3,3,0,19,0,0,13,0,0,19
481589,1,1,0,0,0,0,0,0,0,0,17,18
481589,2,1,0,0,0,0,0,13,13,0,16,0
481590,0,1,0,0,0,0,0,0,0,0,0,0
481590,0,2,0,0,0,0,0,0,0,0,0,0
481590,1,1,15,0,0,0,0,7,0,0,12,16
481591,0,1,10,10,10,10,10,10,10,10,10,10
481591,1,1,8,0,16,16,0,0,0,0,0,0
481592,1,1,0,0,0,0,0,0,0,0,0,0
481592,2,1,0,0,0,0,27,0,0,0,0,0
481593,0,1,0,0,19,0,0,0,0,35,10,0
481593,2,1,0,29,0,0,0,32,0,13,7,0
481594,1,1,0,0,0,18,0,21,0,0,0,0
481594,2,1,0,0,28,34,0,0,0,0,0,0
481595,0,1,0,0,0,0,0,0,0,0,0,0
481595,1,1,0,27,15,26,0,6,17,34,0,0
481596,1,1,0,0,0,0,20,0,16,0,0,16
481596,2,1,0,0,17,0,0,0,0,18,13,0
481596,3,1,8,2,0,0,6,0,0,0,0,13
481597,1,1,0,0,0,0,0,0,0,0,0,0
481598,1,1,0,0,0,0,0,0,0,0,0,0
481599,0,1,0,0,0,0,0,0,0,0,0,0
481599,1,1,0,0,0,0,8,0,9,0,0,6
481599,2,1,23,20,14,1,0,0,0,0,0,0
481600,1,1,15,25,25,17,0,0,19,27,15,9
481601,1,1,0,27,0,0,0,18,0,15,0,0
481601,2,1,17,17,17,17,17,17,17,17,17,17
481602,1,1,25,25,25,25,25,25,25,25,25,25
481603,0,1,25,23,25,0,0,0,0,0,31,0
481603,1,1,21,0,0,0,0,0,0,0,0,0
481604,1,1,0,0,0,0,0,0,0,0,0,0
481605,1,1,0,38,13,0,0,9,0,0,0,6
481606,1,1,22,22,22,22,22,22,22,22,22,22
481608,1,1,17,17,17,17,17,17,17,17,17,17
481608,2,1,0,0,0,10,0,0,0,0,15,0
481608,3,1,0,0,7,0,0,0,0,0,0,0
481609,0,1,0,0,28,12,0,0,6,0,19,0
481609,1,1,26,0,0,7,0,11,15,0,0,0
481610,0,1,3,3,3,3,3,3,3,3,3,3
481610,0,2,0,12,0,0,0,17,21,33,14,17
481610,0,3,17,28,0,6,12,0,15,17,22,24
481610,1,1,14,9,16,16,52,18,20,6,33,10
481611,1,1,0,0,0,0,0,0,0,0,0,0
481612,1,1,0,25,0,0,0,0,0,0,0,0
481613,1,1,0,0,0,0,0,0,0,0,0,0
481613,2,1,0,0,0,0,0,0,0,0,0,0
481614,1,1,0,0,0,0,0,0,0,0,0,0
481615,1,1,0,0,0,0,0,0,0,0,0,0
481615,2,1,17,4,22,20,15,7,18,0,16,19
481616,0,1,25,25,25,25,25,25,25,25,25,25
481616,1,1,0,0,0,0,0,0,0,0,0,0
481617,1,1,26,26,26,26,26,26,26,26,26,26
481618,1,1,0,0,12,0,0,0,0,0,0,10
481618,2,1,0,4,0,0,19,0,0,0,0,0
481619,0,1,0,0,0,0,0,0,0,0,0,0
481619,1,1,0,0,0,0,15,0,0,0,5,0
481620,1,1,11,0,0,0,0,18,0,0,0,0
481620,2,1,0,0,0,0,11,5,0,0,0,7
481621,1,1,23,23,23,23,23,23,23,23,23,23
481622,1,1,0,0,0,0,0,0,0,0,0,0
481623,1,1,0,0,0,0,0,0,0,0,0,0
481624,1,1,10,10,10,10,10,10,10,10,10,10
481625,1,1,9,0,10,12,20,0,15,0,0,0
481626,0,1,0,30,0,0,0,0,37,0,22,5
481626,0,2,0,19,0,0,0,34,0,0,0,18
481626,2,1,0,0,0,0,0,0,0,0,0,11
481627,0,1,0,0,0,0,0,0,0,0,0,0
481627,1,1,19,17,23,13,13,0,0,0,0,0
481628,0,1,0,0,0,0,0,0,0,0,0,0
481628,1,1,0,0,0,0,0,0,0,12,0,0
481629,1,1,6,0,0,0,0,0,0,0,0,0
481629,2,1,0,0,0,0,46,0,0,15,0,0
481630,1,1,0,0,0,0,0,0,0,0,0,0
481631,1,1,0,0,0,0,0,0,15,0,0,0
481631,2,1,0,0,0,0,0,0,0,0,0,0
481632,0,1,21,23,28,34,0,12,20,20,0,0
481632,1,1,0,0,9,0,0,0,5,12,0,0
481633,0,1,21,26,0,11,23,0,0,0,0,0
481633,1,1,0,0,0,0,26,0,15,0,5,0
481633,2,1,0,5,0,0,0,0,14,0,0,0
481634,1,1,7,0,22,0,0,0,28,0,5,0
481635,1,1,20,20,20,20,20,20,20,20,20,20
481636,1,1,11,11,11,11,11,11,11,11,11,11
481637,0,1,12,12,12,12,12,12,12,12,12,12
481637,1,1,0,38,14,12,0,14,12,7,0,29
481638,1,1,0,0,0,32,12,7,0,0,0,32
481638,2,1,13,13,13,13,13,13,13,13,13,13
481639,1,1,0,0,0,0,25,5,0,0,0,0
481639,2,1,0,0,18,25,0,0,0,0,9,0
481640,1,1,31,31,31,31,31,31,31,31,31,31
481640,2,1,9,0,0,0,7,0,0,0,0,0
481641,1,1,18,0,0,19,0,7,14,0,18,0
481642,1,1,0,0,0,0,0,13,0,0,0,31
481642,2,1,0,0,0,0,0,0,0,0,0,0
481643,1,1,0,0,37,10,11,0,0,29,10,0
481644,1,1,0,0,0,0,0,0,0,0,0,13
481644,2,1,21,0,0,0,0,25,0,0,14,0
481645,1,1,0,0,0,0,0,0,0,0,0,0
481645,2,1,0,0,0,0,0,0,0,0,0,0
481646,1,1,8,8,8,8,8,8,8,8,8,8
481647,1,1,0,0,13,0,0,0,36,0,0,0
481648,1,1,17,0,0,0,0,0,16,0,0,0
481649,1,1,0,0,0,0,0,0,0,0,0,0
481649,2,1,4,10,8,0,9,13,0,0,6,0
481650,1,1,23,23,23,23,23,23,23,23,23,23
481651,0,1,0,0,0,0,0,0,0,0,0,0
481651,1,1,0,14,0,0,0,0,0,0,18,0
481652,0,1,0,0,0,0,0,16,0,21,0,0
481652,1,1,9,9,9,9,9,9,9,9,9,9
481653,1,1,0,0,0,0,0,25,0,0,26,16
481653,2,1,6,6,6,6,6,6,6,6,6,6
481654,1,1,7,7,7,7,7,7,7,7,7,7
481655,1,1,0,30,24,0,0,37,0,0,23,0
481656,1,1,0,0,0,0,0,0,0,0,0,0
481656,2,1,11,11,11,11,11,11,11,11,11,11
481657,1,1,26,26,26,26,26,26,26,26,26,26
481657,2,1,0,20,0,17,0,0,0,0,0,0
481658,1,1,0,0,0,0,0,0,0,0,0,0
481658,3,1,0,0,0,11,0,0,0,0,0,0
481659,1,1,0,32,20,0,10,0,0,0,3,11
481659,2,1,0,0,26,11,17,11,0,0,0,21
481660,1,1,0,0,0,0,0,0,0,0,0,0
481660,2,1,0,0,0,0,0,0,0,0,0,0
481661,1,1,0,0,0,0,0,0,0,0,0,0
481661,2,1,0,0,0,0,0,0,0,0,0,0
481662,1,1,20,20,20,20,20,20,20,20,20,20
481663,1,1,0,0,0,0,0,0,0,0,0,0
481663,2,1,37,37,37,37,37,37,37,37,37,37
481664,1,1,0,0,0,0,0,0,0,0,0,0
481665,1,1,0,0,0,0,0,0,0,0,0,0
481665,2,1,24,0,18,0,0,0,0,0,0,0
481666,1,1,0,0,0,0,0,0,0,0,0,0
481666,2,1,0,0,0,0,0,0,0,0,0,0
481667,1,1,0,0,0,0,0,0,0,0,0,0
481667,2,1,0,0,0,0,0,29,0,20,0,0
481667,3,1,0,0,33,0,5,10,4,0,8,0
481668,0,1,13,11,0,19,0,19,0,0,0,0
481668,1,1,0,0,18,0,0,18,0,25,14,0
481669,1,1,0,0,36,0,0,0,0,0,0,0
481669,2,1,0,0,0,5,12,0,0,0,0,0
481670,1,1,3,25,8,11,7,31,7,0,20,0
481671,1,1,0,0,20,0,0,0,0,0,0,0
481672,1,1,0,0,0,0,0,0,0,0,0,0
481672,2,1,0,0,0,0,0,0,0,0,0,0
481672,3,1,0,0,19,0,0,0,11,0,0,0
481673,1,1,0,0,0,0,0,0,0,0,0,0
481674,1,1,19,19,19,19,19,19,19,19,19,19
481674,2,1,0,0,0,0,0,15,0,0,25,0
481675,1,1,25,0,0,0,0,0,0,0,0,0
481675,2,1,0,0,0,5,6,0,0,0,0,0
481676,1,1,30,0,35,0,0,20,30,0,0,22
481677,1,1,0,0,0,0,0,0,0,0,0,0
481677,2,1,1,1,1,1,1,1,1,1,1,1
481678,1,1,0,10,29,0,0,0,18,0,0,0
481679,1,1,17,0,0,0,16,16,34,18,20,21
481680,1,1,0,0,0,0,0,0,0,0,0,0
481680,2,1,0,0,0,8,0,0,0,0,0,0
481681,1,1,0,0,0,0,0,0,11,0,0,0
481682,1,1,18,14,0,34,18,16,0,15,0,16
481683,1,1,7,7,7,7,7,7,7,7,7,7
481683,2,1,0,3,0,0,0,0,0,0,12,0
481684,1,1,15,15,15,15,15,15,15,15,15,15
481685,0,1,0,0,0,34,0,0,0,0,0,0
481685,0,2,0,0,0,0,0,0,0,0,0,0
481685,1,1,0,0,25,0,0,0,0,0,0,17
481686,1,1,8,0,9,31,25,28,17,9,28,0
481687,1,1,15,15,15,15,15,15,15,15,15,15
481688,0,1,0,0,21,26,0,0,0,0,37,24
481688,1,1,0,0,0,27,39,6,0,13,0,13
481689,1,1,0,0,18,0,19,0,64,0,13,0
481689,2,1,0,0,30,17,0,30,0,0,0,0
481690,1,1,0,0,0,0,0,0,0,0,0,15
481690,2,1,0,10,0,0,0,12,0,0,0,0
481691,0,1,35,10,7,4,9,18,10,26,25,0
481691,1,1,0,0,0,0,0,0,0,0,0,0
481692,1,1,18,18,18,18,18,18,18,18,18,18
481693,1,1,0,0,0,0,0,14,0,0,0,0
481694,1,1,0,24,0,0,0,0,0,0,0,0
481694,2,1,0,0,0,0,0,0,0,0,0,0
481695,1,1,36,36,36,36,36,36,36,36,36,36
481696,1,1,0,0,0,0,0,0,0,0,0,0
481696,2,1,0,0,0,0,0,0,0,0,0,0
481697,1,1,16,16,16,16,16,16,16,16,16,16
481697,2,1,15,26,0,0,13,34,0,4,0,0
481698,0,1,0,26,38,0,0,0,31,25,0,33
481698,1,1,23,18,0,0,0,0,0,0,11,20
481699,1,1,16,16,16,16,16,16,16,16,16,16
481700,1,1,34,35,29,0,18,4,0,28,33,29
481701,1,1,18,18,18,18,18,18,18,18,18,18
481702,1,1,24,24,24,24,24,24,24,24,24,24
481703,0,1,0,0,0,21,0,0,10,0,25,18
481703,1,1,13,13,13,13,13,13,13,13,13,13
481704,1,1,0,0,0,0,0,0,0,0,6,0
481704,2,1,0,0,0,0,0,0,0,0,0,0
481705,1,1,0,0,0,0,0,0,0,0,3,0
481706,1,1,17,17,17,17,17,17,17,17,17,17
481707,1,1,25,0,19,11,20,24,7,9,0,9
481708,1,1,20,20,20,20,20,20,20,20,20,20
481709,1,1,0,0,0,0,35,0,0,8,0,5
481710,1,1,0,0,0,0,19,16,15,0,0,12
481711,1,1,0,0,0,0,0,0,0,0,0,0
481711,2,1,0,0,0,0,16,0,0,0,5,0
481711,3,1,0,5,0,0,0,0,0,0,0,0
481711,4,1,20,0,0,0,0,0,0,22,0,0
481711,5,1,0,0,0,0,0,0,0,0,0,0
481711,6,1,0,0,0,0,0,0,0,0,0,0
481711,7,1,0,0,0,0,0,0,0,14,0,0
481711,8,1,0,0,0,0,0,0,0,0,0,0
481712,0,1,13,13,13,13,13,13,13,13,13,13
481712,1,1,5,0,0,0,15,7,20,0,9,0
481713,1,1,22,22,22,22,22,22,22,22,22,22
481713,2,1,0,0,0,0,0,0,0,0,0,0
481714,0,1,0,0,0,0,0,0,0,0,0,0
481714,1,1,0,17,0,25,0,15,0,0,31,0
481715,1,1,4,0,16,0,0,0,10,0,18,0
481715,2,1,0,0,0,0,0,0,0,0,0,0
481716,1,1,0,0,12,0,23,0,27,0,0,14
481717,1,1,1,1,1,1,1,1,1,1,1,1
481718,1,1,0,0,0,0,0,0,0,0,0,0
481718,2,1,0,0,0,19,0,0,0,0,0,0
481719,0,1,0,0,0,0,0,0,0,0,0,0
481719,0,2,5,0,0,0,13,25,29,0,0,21
481719,1,1,0,0,11,0,0,24,0,0,19,0
481720,1,1,0,0,0,0,0,0,0,0,0,0
481721,0,1,0,0,0,0,0,0,0,0,0,0
481721,1,1,17,16,0,0,0,0,0,0,0,13
481722,1,1,21,21,21,21,21,21,21,21,21,21
481722,2,1,3,3,3,3,3,3,3,3,3,3
481723,1,1,0,6,0,7,0,0,0,23,0,3
481723,2,1,0,19,0,0,0,8,21,0,0,0
481723,3,1,0,0,0,0,0,0,0,0,0,0
481724,1,1,15,15,15,15,15,15,15,15,15,15
481725,1,1,10,10,10,10,10,10,10,10,10,10
481725,2,1,0,0,34,0,0,0,0,0,0,0
481726,1,1,0,11,0,0,0,0,0,6,0,0
481727,1,1,21,0,0,23,0,0,27,0,0,24
481728,0,1,0,0,0,0,0,0,0,0,0,0
481728,1,1,0,28,8,0,0,0,22,0,0,0
481729,1,1,31,38,25,16,10,21,25,13,17,17
481729,2,1,0,11,0,0,0,0,0,7,6,0
481729,3,1,0,9,0,0,0,0,12,0,0,0
481730,0,1,20,0,0,9,0,0,0,0,0,0
481730,0,2,0,0,0,0,0,0,0,0,0,0
481730,1,1,0,18,0,0,0,0,0,0,14,0
481731,1,1,0,0,13,0,0,0,0,0,4,0
481731,2,1,0,0,0,21,0,19,37,0,0,0
481732,0,1,0,0,0,0,0,0,0,0,0,0
481732,1,1,0,0,0,0,0,0,0,0,0,0
481733,1,1,0,0,0,0,0,0,0,0,0,0
481733,2,1,0,0,0,0,0,0,0,0,11,0
481734,1,1,0,28,22,5,18,0,25,0,4,0
481735,1,1,0,0,0,0,0,0,0,10,38,0
481736,1,1,5,0,0,23,0,0,0,33,0,0
481736,2,1,0,0,0,0,0,0,0,0,0,0
481737,1,1,0,0,0,0,0,0,0,0,16,0
481737,2,1,0,0,0,0,0,0,0,0,0,0
481737,3,1,0,0,0,0,0,0,0,0,0,0
481737,4,1,0,0,0,0,0,0,0,20,0,0
481737,5,1,0,0,0,0,0,0,0,0,18,0
481737,6,1,0,0,0,0,0,0,0,0,0,0
481738,1,1,0,0,0,0,0,0,0,0,0,0
481738,2,1,0,0,0,0,0,0,0,0,0,0
481738,3,1,29,0,0,0,0,0,0,0,0,0
481739,1,1,0,4,0,0,0,0,0,0,0,0
481739,2,1,0,0,0,0,0,0,0,0,0,0
481740,0,1,9,12,0,0,16,24,9,18,0,0
481740,1,1,10,0,0,11,52,0,28,0,28,0
481741,1,1,21,0,0,0,5,0,0,0,12,20
481741,2,1,13,13,13,13,13,13,13,13,13,13
481742,1,1,0,0,0,0,0,0,0,0,0,0
481742,2,1,0,0,0,0,14,0,0,0,0,13
481743,1,1,0,0,0,0,0,16,0,0,0,0
481744,0,1,32,0,0,0,18,18,0,32,0,0
481744,1,1,14,13,0,22,0,0,27,0,0,0
481745,1,1,0,0,0,0,0,0,0,0,0,0
481746,0,1,0,0,0,0,0,0,0,0,0,0
481746,1,1,0,4,0,11,0,0,31,6,12,0
481747,1,1,15,11,0,10,15,6,22,0,0,22
481747,3,1,0,0,0,12,0,40,23,19,0,0
481748,1,1,25,0,0,0,0,0,0,0,0,13
481748,2,1,0,0,0,0,0,0,0,0,0,0
481749,0,1,0,0,12,0,0,17,0,0,0,15
481749,1,1,0,0,0,0,0,0,0,0,0,0
481750,1,1,0,0,0,0,0,0,0,0,0,14
481750,2,1,5,5,5,5,5,5,5,5,5,5
481751,0,1,0,0,0,0,0,0,0,13,20,16
481751,1,1,0,6,0,0,0,0,18,0,0,0
481752,1,1,28,28,28,28,28,28,28,28,28,28
481752,2,1,0,0,0,0,0,0,0,0,0,0
481753,1,1,0,0,0,0,15,8,0,0,0,0
481753,2,1,0,0,0,9,0,0,0,0,17,17
481754,1,1,20,20,20,20,20,20,20,20,20,20
481755,0,1,0,0,0,0,0,0,0,0,0,0
481755,1,1,21,33,0,27,0,0,17,0,19,25
481756,1,1,12,8,21,12,13,27,10,19,6,17
481757,0,1,0,0,0,0,0,0,0,0,0,0
481757,0,2,0,10,19,0,9,18,16,0,16,0
481757,1,1,27,27,27,27,27,27,27,27,27,27
481758,1,1,13,15,20,0,7,25,4,0,0,0
481758,2,1,0,0,0,0,0,0,0,0,0,0
481759,1,1,13,13,13,13,13,13,13,13,13,13
481759,2,1,0,0,9,19,0,0,0,0,0,0
481760,1,1,4,4,4,4,4,4,4,4,4,4
481761,0,1,0,0,0,0,0,0,0,0,0,0
481761,0,2,1,1,1,1,1,1,1,1,1,1
481761,1,1,5,5,5,5,5,5,5,5,5,5
481761,2,1,0,0,0,14,0,0,18,17,9,0
481762,1,1,0,0,0,0,0,12,26,0,0,0
481762,2,1,18,0,0,0,0,0,2,0,0,0
481763,0,1,0,0,23,0,25,0,0,0,0,18
481763,1,1,0,0,24,0,25,24,0,0,0,0
481764,1,1,0,0,0,0,0,0,0,0,0,0
481764,2,1,0,0,0,0,0,0,0,0,0,0
481765,1,1,24,24,24,24,24,24,24,24,24,24
481765,2,1,3,0,0,7,18,4,0,15,7,0
481766,0,1,0,6,13,28,0,28,23,0,17,0
481766,1,1,20,0,12,12,0,0,9,0,0,0
481767,1,1,16,16,16,16,16,16,16,16,16,16
481768,1,1,0,0,0,0,0,0,0,0,0,0
481768,2,1,13,0,0,0,22,0,0,17,0,0
481768,3,1,10,13,0,0,24,10,4,0,0,0
481768,4,1,17,30,0,0,0,0,0,0,0,0
481769,1,1,0,0,0,0,0,0,0,0,0,0
481770,1,1,0,0,0,0,0,0,0,0,0,0
481771,1,1,8,8,8,8,8,8,8,8,8,8
481772,1,1,0,0,0,0,0,0,0,0,0,0
481773,1,1,12,0,13,0,19,25,21,21,0,0
481774,1,1,0,0,0,0,0,0,0,0,0,0
481774,2,1,0,13,0,0,0,0,0,0,0,0
481774,3,1,9,0,0,0,0,0,0,0,0,0
481775,1,1,34,34,34,34,34,34,34,34,34,34
481776,1,1,0,0,0,0,0,0,0,0,0,0
481776,2,1,0,7,0,0,0,0,0,0,0,0
481777,1,1,0,31,0,0,0,0,0,0,0,0
481777,2,1,0,0,0,0,0,0,0,0,0,0
481778,1,1,0,0,0,0,0,0,0,0,0,0
481779,1,1,0,0,0,0,0,0,19,42,37,20
481780,1,1,32,0,0,0,0,0,26,0,11,0
481781,1,1,0,0,0,0,0,0,0,0,0,0
481782,0,1,0,22,41,18,27,20,0,19,0,17
481782,1,1,0,17,0,0,0,11,21,24,0,21
481783,1,1,0,0,0,0,0,0,0,0,0,0
481783,2,1,0,0,0,0,0,0,0,0,0,0
481784,1,1,21,47,0,15,0,0,0,0,0,0
481784,2,1,0,0,0,0,0,0,0,0,0,0
481785,1,1,19,0,10,0,15,0,17,13,0,7
481786,1,1,0,0,0,0,0,0,0,0,0,0
481786,2,1,10,10,10,10,10,10,10,10,10,10
481787,1,1,0,0,0,0,0,0,0,0,0,0
481788,0,1,23,23,23,23,23,23,23,23,23,23
481788,1,1,0,0,0,0,0,0,0,17,0,0
481789,0,1,0,0,11,0,5,30,9,11,25,15
481789,1,1,0,0,0,0,0,0,0,24,0,0
481790,1,1,0,0,0,0,0,0,0,0,0,0
481791,1,1,0,0,0,0,0,0,0,0,0,0
481792,1,1,0,0,0,0,0,0,0,0,0,0
481792,2,1,10,0,0,0,0,0,13,0,0,0
481793,1,1,14,14,14,14,14,14,14,14,14,14
481794,1,1,0,0,0,0,0,0,0,0,0,0
481795,1,1,0,0,0,0,0,0,0,0,0,0
481795,2,1,0,0,0,0,0,0,0,0,0,0
481796,1,1,11,11,11,11,11,11,11,11,11,11
481797,1,1,9,0,0,0,0,0,0,0,0,8
481797,2,1,0,0,0,32,0,0,0,0,0,0
481798,1,1,13,13,13,13,13,13,13,13,13,13
481799,0,1,0,16,0,8,22,9,23,0,0,25
481799,1,1,0,6,0,10,0,0,0,0,0,0
481800,1,1,0,0,0,0,0,19,0,16,24,0
481800,2,1,0,0,0,0,0,0,0,0,0,0
481801,1,1,0,0,0,0,0,12,0,0,19,0
481802,1,1,17,8,24,0,10,0,0,0,24,0
481802,2,1,0,18,24,0,23,0,0,0,26,0
481802,3,1,0,0,12,22,0,0,22,31,27,8
481803,1,1,0,0,0,0,0,0,0,0,0,0
481803,2,1,0,31,0,0,10,17,0,19,0,0
481805,1,1,4,4,4,4,4,4,4,4,4,4
481806,1,1,0,25,0,0,0,0,0,0,0,0
481806,2,1,0,0,0,0,0,0,0,0,0,0
481807,0,1,23,0,0,0,0,40,15,23,0,23
481807,1,1,9,9,9,9,9,9,9,9,9,9
481808,1,1,0,0,0,0,0,0,0,0,0,0
481808,2,1,0,0,0,0,8,0,0,0,0,0
481809,1,1,11,11,11,11,11,11,11,11,11,11
481810,1,1,0,0,10,0,0,0,0,0,24,0
481810,2,1,0,0,0,0,0,18,0,0,0,24
481811,1,1,0,0,0,0,0,0,0,0,0,0
481812,1,1,0,0,0,0,0,0,0,0,0,0
481812,2,1,0,0,0,0,0,0,0,8,0,0
481813,0,1,27,0,0,18,0,0,36,8,0,0
481813,1,1,0,0,0,0,0,20,0,23,0,20
481814,1,1,12,12,12,12,12,12,12,12,12,12
481814,2,1,0,0,15,23,0,0,0,0,0,0
481815,1,1,0,0,0,0,0,0,0,0,0,0
481815,2,1,0,32,0,0,0,0,0,10,0,0
481816,1,1,16,16,16,16,16,16,16,16,16,16
481817,1,1,0,0,0,0,0,0,0,0,0,0
481818,1,1,10,10,10,10,10,10,10,10,10,10
481818,2,1,16,0,0,0,0,0,0,0,0,0
481819,1,1,0,0,0,0,0,0,0,0,0,0
481819,2,1,18,18,18,18,18,18,18,18,18,18
481820,1,1,28,22,0,14,24,3,21,0,0,0
481821,1,1,0,0,0,0,14,9,0,0,0,0
481822,1,1,0,0,0,0,0,0,50,0,0,0
481822,2,1,0,0,0,0,0,0,0,0,9,0
481822,3,1,0,0,0,0,0,0,0,0,0,21
481823,1,1,24,24,24,24,24,24,24,24,24,24
481824,1,1,0,0,0,0,0,0,0,0,0,0
481824,2,1,0,0,0,0,0,0,0,0,0,7
481825,1,1,0,17,0,0,0,0,10,0,0,0
481826,1,1,23,0,0,0,19,0,0,0,0,37
481827,1,1,7,0,0,16,0,0,0,0,0,0
481827,2,1,13,7,0,17,0,0,0,0,0,0
481828,1,1,0,0,0,0,0,0,0,0,17,0
481828,2,1,0,0,0,26,0,0,0,0,0,0
481829,1,1,0,24,0,0,0,0,0,0,0,0
481830,1,1,0,0,0,0,0,0,0,0,0,0
481830,2,1,0,0,8,0,0,0,0,0,0,0
481831,1,1,0,0,0,0,0,0,0,0,0,0
481831,2,1,0,0,0,0,0,0,0,0,0,0
481831,3,1,0,0,0,0,16,10,7,0,19,0