ST_CASE,VEH_NO,PER_NO,P1,P2,P3,P4,P5,P6,P7,P8,P9,P10
481831,4,1,9,2,13,0,3,0,0,0,0,0
481831,5,1,0,0,12,0,0,6,0,0,0,0
481831,6,1,0,0,0,0,0,0,0,0,0,0
481831,7,1,0,0,0,0,13,0,0,0,0,21
481832,1,1,0,0,0,0,0,0,0,0,0,0
481832,2,1,0,0,0,0,10,0,12,0,10,0
481833,1,1,0,0,0,0,0,0,0,0,0,0
481833,2,1,0,0,0,0,0,0,5,0,16,0
481833,3,1,0,0,0,0,0,0,0,0,0,0
481833,4,1,0,0,0,0,0,0,0,0,0,0
481833,5,1,0,0,0,0,0,0,0,0,0,0
481834,1,1,0,0,0,8,0,10,11,0,0,0
481835,1,1,0,25,0,0,0,0,0,0,0,0
481836,1,1,0,0,0,0,0,0,0,0,0,0
481836,2,1,21,21,21,21,21,21,21,21,21,21
481837,1,1,10,10,10,10,10,10,10,10,10,10
481838,1,1,0,0,0,15,0,0,0,0,10,0
481838,2,1,0,0,0,0,0,0,0,0,21,19
481839,1,1,0,0,0,0,0,0,0,21,0,0
481839,2,1,4,3,0,0,12,20,7,0,7,0
481840,0,1,0,0,0,0,17,0,0,18,0,28
481840,1,1,0,0,0,0,0,0,0,0,23,20
481841,1,1,6,6,6,6,6,6,6,6,6,6
481841,2,1,0,0,0,0,0,0,0,0,0,12
481842,1,1,0,0,0,0,0,0,0,0,0,0
481843,1,1,0,0,0,0,0,0,22,15,0,0
481843,2,1,0,0,0,0,0,0,0,0,0,0
481844,1,1,0,0,0,0,0,0,0,0,0,0
481844,2,1,0,0,0,0,0,0,0,0,0,0
481846,1,1,0,0,0,0,0,0,0,0,0,0
481846,2,1,0,0,0,0,0,0,0,0,0,0
481847,1,1,0,0,0,0,3,0,0,0,0,12
481848,1,1,23,0,14,0,0,0,7,15,0,0
481849,1,1,0,0,23,0,0,0,16,0,18,34
481850,1,1,0,9,0,0,0,0,0,12,0,0
481850,2,1,0,0,0,0,0,0,18,7,0,0
481851,1,1,0,0,0,0,0,0,0,0,0,0
481851,2,1,0,0,0,0,0,0,0,0,0,0
481852,1,1,16,16,16,16,16,16,16,16,16,16
481852,2,1,0,0,0,0,0,0,0,0,0,0
481853,1,1,16,16,16,16,16,16,16,16,16,16
481854,0,1,16,16,16,16,16,16,16,16,16,16
481854,0,2,16,16,16,16,16,16,16,16,16,16
481854,0,3,6,6,6,6,6,6,6,6,6,6
481854,0,4,13,13,13,13,13,13,13,13,13,13
481854,0,5,17,0,21,5,49,12,15,16,0,0
481854,1,1,0,0,0,0,0,0,0,0,0,0
481855,1,1,0,0,0,0,0,0,0,0,0,0
481856,1,1,0,22,0,0,0,0,0,0,15,0
481857,0,1,0,0,0,0,0,0,0,0,0,0
481857,1,1,0,0,17,19,0,19,17,28,23,0
481858,1,1,5,5,5,5,5,5,5,5,5,5
481859,1,1,0,0,0,0,0,0,0,0,0,0
481859,2,1,0,0,0,0,0,9,23,0,0,0
481860,1,1,0,0,0,0,0,0,0,0,0,0
481860,2,1,0,0,0,0,0,0,0,0,0,0
481861,0,1,0,0,0,0,0,0,0,0,0,0
481861,1,1,0,0,0,0,0,0,0,0,0,0
481862,1,1,0,0,13,0,0,0,0,0,0,0
481862,2,1,0,0,0,0,12,0,0,0,0,0
481863,1,1,0,0,6,0,0,0,0,12,0,0
481864,0,1,0,0,0,0,0,0,0,0,0,0
481864,1,1,14,12,8,0,4,0,0,0,0,0
481865,1,1,5,5,5,5,5,5,5,5,5,5
481865,2,1,0,0,0,0,0,12,0,0,0,12
481866,0,1,0,0,0,0,0,0,0,0,0,0
481866,1,1,0,0,18,0,10,0,0,2,0,20
481867,1,1,0,0,0,20,0,0,0,0,0,0
481867,2,1,0,0,13,0,0,0,16,0,0,0
481867,3,1,0,0,0,0,10,0,0,0,0,0
481867,4,1,0,15,0,0,0,0,19,0,0,0
481868,0,1,0,0,0,0,0,0,0,0,0,0
481868,1,1,0,7,4,11,28,0,0,0,0,0
481869,1,1,19,16,24,0,21,15,9,12,0,14
481870,1,1,0,0,0,12,0,27,0,0,19,0
481871,1,1,0,0,0,0,0,0,0,0,0,0
481872,0,1,0,0,21,0,37,0,0,19,0,0
481872,1,1,14,0,20,8,9,16,14,0,0,24
481873,1,1,4,0,3,16,8,0,0,17,0,13
481873,2,1,16,0,22,20,0,0,16,0,8,0
481874,1,1,0,0,0,0,0,0,0,0,0,0
481875,1,1,0,0,0,0,0,0,0,0,0,0
481875,2,1,0,0,0,4,0,0,0,0,0,0
481876,0,1,14,14,14,14,14,14,14,14,14,14
481876,0,2,0,0,0,0,0,0,0,0,0,0
481876,1,1,17,0,9,14,39,5,29,10,19,13
481877,1,1,0,0,15,0,0,0,0,0,0,0
481878,1,1,0,0,0,0,0,0,0,0,0,0
481878,2,1,0,0,0,19,0,0,0,0,27,0
481878,3,1,0,0,0,0,0,0,0,6,0,0
481879,1,1,15,15,15,15,15,15,15,15,15,15
481880,1,1,0,0,0,0,0,0,0,0,0,0
481880,2,1,0,0,0,0,0,0,0,0,0,0
481881,1,1,0,0,0,0,0,0,0,0,0,0
481881,2,1,0,9,0,0,0,0,0,0,0,0
481882,1,1,12,12,12,12,12,12,12,12,12,12
481883,1,1,0,48,20,0,0,0,0,0,0,0
481883,2,1,0,0,0,0,0,0,0,0,0,0
481884,1,1,0,0,0,0,9,0,18,0,0,0
481885,1,1,0,0,0,0,0,0,0,0,0,0
481885,2,1,0,0,0,0,0,0,0,18,0,0
481885,3,1,0,0,0,6,0,0,0,0,0,0
481885,4,1,16,0,0,0,0,0,0,4,14,0
481885,5,1,0,0,0,0,0,0,0,0,16,0
481886,0,1,0,0,0,0,0,0,0,0,0,0
481886,1,1,37,8,0,0,0,0,17,0,17,0
481887,1,1,0,0,26,0,0,0,0,0,0,0
481888,1,1,0,0,0,0,0,0,0,0,0,0
481889,1,1,14,14,14,14,14,14,14,14,14,14
481890,1,1,16,16,16,16,16,16,16,16,16,16
481890,2,1,0,0,0,0,0,0,0,0,0,0
481891,1,1,0,0,0,0,0,14,37,0,20,0
481892,1,1,0,0,0,0,0,0,0,0,0,0
481892,2,1,0,0,0,0,0,0,0,0,0,0
481893,0,1,0,0,45,0,0,0,6,0,0,0
481893,1,1,2,2,2,2,2,2,2,2,2,2
481894,1,1,0,0,0,0,0,0,0,0,0,0
481894,2,1,0,0,0,0,0,0,0,0,0,0
481895,1,1,0,0,0,0,0,0,0,0,0,0
481896,1,1,0,11,0,0,22,0,0,0,0,0
481897,1,1,0,0,0,0,0,0,0,0,0,0
481897,2,1,0,0,0,0,0,0,0,0,0,0
481898,1,1,26,26,26,26,26,26,26,26,26,26
481899,1,1,0,21,23,30,0,23,0,14,0,8
481900,1,1,22,22,22,22,22,22,22,22,22,22
481900,2,1,7,0,13,5,0,12,0,27,9,8
481900,3,1,0,0,19,25,0,0,0,0,0,0
481900,4,1,27,8,0,32,13,0,0,0,0,0
481900,5,1,0,0,38,15,0,25,25,0,13,0
481901,1,1,0,25,0,0,10,0,0,0,0,0
481902,1,1,9,12,10,0,4,14,13,26,15,0
481902,2,1,0,0,0,0,0,0,0,0,0,0
481903,1,1,0,0,0,0,14,0,0,0,0,0
481904,1,1,0,0,0,0,0,0,0,0,0,0
481904,2,1,0,0,15,0,0,0,0,0,0,0
481905,1,1,0,0,0,0,0,0,0,0,0,0
481905,2,1,0,0,22,15,14,15,32,13,16,18
481906,1,1,0,0,0,0,0,0,0,0,0,0
481906,2,1,0,0,0,0,0,0,0,0,0,0
481907,1,1,23,19,20,0,0,12,4,9,0,22
481908,1,1,0,0,0,21,0,0,34,31,0,0
481909,1,1,0,0,0,16,0,0,11,0,0,0
481909,2,1,0,11,0,0,0,0,11,16,0,0
481909,3,1,0,0,0,0,0,0,0,0,0,0
481909,4,1,0,0,13,27,0,9,0,0,20,11
481910,1,1,0,0,0,0,0,0,0,0,0,0
481911,1,1,0,0,0,0,0,0,0,0,0,0
481911,2,1,0,0,0,0,0,0,39,0,42,0
481911,3,1,12,0,0,0,0,0,0,0,0,0
481911,4,1,0,0,0,0,0,0,0,14,0,0
481912,1,1,2,11,0,0,27,12,0,28,10,10
481912,2,1,0,0,0,24,20,20,0,0,0,0
481913,1,1,0,0,0,0,0,0,0,0,0,0
481913,2,1,0,0,0,0,0,0,0,0,0,0
481914,1,1,0,0,0,0,0,0,0,0,0,0
481915,1,1,15,9,17,8,6,19,0,11,15,9
481915,2,1,21,7,17,0,24,0,21,0,0,0
481916,1,1,0,0,0,19,0,0,0,0,0,0
481916,2,1,0,0,0,0,0,0,0,0,0,0
481917,1,1,0,13,0,0,0,0,35,0,0,0
481918,0,1,0,0,0,0,0,0,0,0,0,0
481918,1,1,0,0,0,14,0,0,0,19,0,0
481918,2,1,0,17,0,0,0,0,0,0,0,17
481919,0,1,0,0,0,0,0,0,0,0,0,0
481919,1,1,0,0,0,12,0,0,0,0,0,0
481920,1,1,7,7,7,7,7,7,7,7,7,7
481921,1,1,0,30,0,0,15,11,0,0,0,0
481922,1,1,14,14,14,14,14,14,14,14,14,14
481922,2,1,22,22,22,22,22,22,22,22,22,22
481923,1,1,5,5,5,5,5,5,5,5,5,5
481924,1,1,0,0,0,0,0,0,0,0,0,0
481924,2,1,19,19,19,19,19,19,19,19,19,19
481925,1,1,14,24,13,7,19,10,13,22,21,10
481926,1,1,1,1,1,1,1,1,1,1,1,1
481926,2,1,0,0,0,0,0,0,0,0,0,0
481927,1,1,0,0,0,7,0,0,11,0,0,23
481927,2,1,0,0,4,0,0,0,0,0,0,0
481928,1,1,0,0,0,0,0,0,0,0,0,0
481928,2,1,0,0,0,0,0,0,0,0,0,0
481928,3,1,0,0,0,4,0,0,0,0,0,0
481929,1,1,0,0,0,0,0,0,0,0,0,0
481929,2,1,0,0,0,0,0,0,0,0,0,0
481930,1,1,0,15,20,0,0,12,0,0,0,0
481931,0,1,0,0,0,0,0,0,0,0,0,0
481931,1,1,27,3,8,14,0,0,0,0,0,0
481932,1,1,0,0,6,0,0,0,0,0,0,0
481933,1,1,0,0,0,0,0,0,0,0,0,0
481934,0,1,0,0,0,0,0,0,0,0,0,0
481934,1,1,0,0,0,9,0,0,6,18,0,0
481935,1,1,0,0,0,0,0,0,0,0,0,0
481936,1,1,0,0,31,0,0,0,11,0,0,0
481937,1,1,0,0,0,0,0,0,0,0,0,0
481938,1,1,22,22,22,22,22,22,22,22,22,22
481939,1,1,22,22,22,22,22,22,22,22,22,22
481940,1,1,17,17,17,17,17,17,17,17,17,17
481941,0,1,8,8,8,8,8,8,8,8,8,8
481941,1,1,0,0,0,0,0,0,0,0,0,0
481942,1,1,0,13,0,0,16,0,0,0,0,0
481942,2,1,0,11,0,0,30,0,0,0,0,0
481943,1,1,0,0,0,23,0,0,0,19,22,0
481944,1,1,0,0,0,0,0,0,0,0,0,0
481945,1,1,0,0,0,0,0,0,0,0,0,0
481945,2,1,0,0,0,0,0,0,0,0,0,0
481945,3,1,0,0,0,0,0,0,5,0,0,0
481946,1,1,16,16,16,16,16,16,16,16,16,16
481947,1,1,15,15,15,15,15,15,15,15,15,15
481948,1,1,19,27,0,0,0,24,0,0,0,0
481949,1,1,0,0,0,0,0,0,0,0,0,0
481950,0,1,0,0,0,0,0,0,0,0,0,0
481950,1,1,11,11,11,11,11,11,11,11,11,11
481951,1,1,24,24,24,24,24,24,24,24,24,24
481952,0,1,0,26,0,31,10,12,22,22,17,0
481952,1,1,0,0,0,0,0,0,0,0,9,0
481953,1,1,0,0,0,0,0,0,0,0,0,0
481953,2,1,0,0,0,0,0,0,0,0,0,23
481954,1,1,23,23,23,23,23,23,23,23,23,23
481954,2,1,27,0,0,9,0,0,0,0,0,0
481955,1,1,0,0,13,0,0,0,0,0,0,37
481956,1,1,0,0,0,0,0,0,0,0,0,0
481956,2,1,0,0,12,0,0,0,11,0,0,0
481957,0,1,0,0,0,0,0,0,0,0,29,0
481957,1,1,0,0,0,0,17,0,0,0,0,0
481958,1,1,0,0,0,0,8,0,0,0,0,0
481959,1,1,0,0,0,0,0,0,0,0,0,0
481959,2,1,0,0,0,0,0,0,0,0,0,0
481960,0,1,22,19,0,8,6,24,16,11,42,35
481960,1,1,0,0,0,0,0,0,11,0,0,0
481961,0,1,0,0,0,16,0,0,0,0,0,0
481961,0,2,0,0,27,0,9,0,10,0,0,0
481961,1,1,5,0,14,5,0,0,0,0,0,10
481962,0,1,0,20,0,0,0,0,0,37,0,0
481962,1,1,19,19,19,19,19,19,19,19,19,19
481963,0,1,0,0,0,0,0,0,0,0,0,0
481963,1,1,0,24,25,23,0,9,0,17,5,8
481964,1,1,37,0,18,0,0,24,0,0,11,0
481965,1,1,0,0,0,0,0,0,9,0,0,18
481965,2,1,0,0,0,0,0,0,0,0,0,0
481966,1,1,0,0,0,0,0,0,0,0,0,0
481966,2,1,0,0,0,0,0,0,0,0,11,24
481967,1,1,0,0,0,0,0,16,25,0,0,0
481967,2,1,0,0,0,0,0,0,0,0,0,0
481968,1,1,0,0,0,0,0,0,0,12,0,0
481969,1,1,0,0,0,0,0,0,0,0,0,0
481969,2,1,0,0,10,0,0,0,0,0,0,0
481970,1,1,0,0,0,14,0,0,0,0,0,0
481971,1,1,0,12,0,24,0,0,12,22,0,22
481971,2,1,0,6,12,0,9,0,0,0,0,21
481972,1,1,18,18,18,18,18,18,18,18,18,18
481973,1,1,0,0,0,8,0,0,0,0,0,0
481973,2,1,0,0,0,0,0,0,0,0,0,0
481974,0,1,35,0,0,0,0,0,0,16,0,0
481974,1,1,8,8,8,8,8,8,8,8,8,8
481975,1,1,13,13,13,13,13,13,13,13,13,13
481975,2,1,14,14,14,14,14,14,14,14,14,14
481976,0,1,0,0,12,0,0,0,0,0,9,0
481976,1,1,14,20,0,0,11,23,24,16,0,0
481977,1,1,7,17,14,0,27,32,0,13,23,24
481978,1,1,0,0,0,0,0,0,0,0,0,0
481979,1,1,11,0,25,0,9,24,15,0,14,5
481980,1,1,0,0,0,0,0,0,0,0,0,0
481981,1,1,0,0,0,0,0,0,0,0,0,0
481981,2,1,0,0,0,0,0,0,15,0,0,0
481981,3,1,0,0,0,0,0,0,0,0,0,0
481982,1,1,18,18,18,18,18,18,18,18,18,18
481983,1,1,0,11,0,13,0,0,18,18,20,20
481984,1,1,0,21,12,0,0,0,0,0,0,0
481985,1,1,17,17,17,17,17,17,17,17,17,17
481986,0,1,0,0,0,0,0,0,0,0,0,0
481986,1,1,0,0,0,0,0,0,0,0,0,0
481987,1,1,0,0,0,0,0,0,0,0,0,0
481987,2,1,14,0,0,15,5,0,11,23,0,0
481988,1,1,0,10,0,0,0,0,0,0,0,0
481988,2,1,0,0,0,0,0,0,0,0,0,0
481989,1,1,13,0,0,0,8,0,15,10,0,0
481989,2,1,9,4,11,12,20,0,13,4,12,10
481990,0,1,10,0,0,0,0,0,0,0,0,26
481990,1,1,0,0,0,0,0,0,0,0,0,15
481991,0,1,0,0,0,0,0,0,0,0,0,0
481991,1,1,0,0,0,0,7,11,0,3,0,0
481992,1,1,21,21,21,21,21,21,21,21,21,21
481992,2,1,0,0,0,0,0,0,0,0,0,0
481993,1,1,0,0,0,0,15,21,0,0,0,0
481994,1,1,16,0,30,21,19,7,24,13,18,18
481995,0,1,0,0,0,0,0,0,0,0,0,0
481995,1,1,0,0,0,0,0,0,0,0,0,0
481996,1,1,18,18,18,18,18,18,18,18,18,18
481996,2,1,2,2,2,2,2,2,2,2,2,2
481997,0,1,0,0,0,0,0,0,0,0,0,0
481997,1,1,0,0,0,7,0,0,0,0,28,0
481998,1,1,0,0,0,0,0,0,0,0,22,13
481999,0,1,0,0,0,0,0,0,0,0,0,0
481999,1,1,0,20,31,0,0,24,18,24,8,0
482000,1,1,30,26,12,19,19,2,8,20,0,9
482000,2,1,0,0,9,0,34,0,11,0,0,18
482001,1,1,20,20,20,20,20,20,20,20,20,20
482002,1,1,7,7,7,7,7,7,7,7,7,7
482003,1,1,0,0,0,0,0,0,0,0,0,0
482004,1,1,0,38,0,0,0,22,0,0,0,0
482004,2,1,0,0,0,0,0,0,0,0,0,0
482005,1,1,0,0,0,0,0,0,12,0,0,0
482005,2,1,0,18,0,0,0,0,0,0,0,25
482006,1,1,0,35,0,0,0,0,0,0,17,0
482007,0,1,0,0,11,0,0,0,15,0,13,14
482007,1,1,24,0,3,12,11,28,0,0,16,0
482008,1,1,0,0,0,0,0,0,0,0,0,0
482008,2,1,0,0,0,0,0,0,0,0,0,0
482008,3,1,0,0,0,0,0,0,17,0,0,0
482009,0,1,0,0,0,0,0,0,0,0,0,0
482009,0,2,0,0,0,0,0,0,0,0,0,0
482009,1,1,0,0,0,13,0,17,0,5,0,0
482010,1,1,0,0,0,0,0,0,0,0,0,0
482010,2,1,0,0,0,0,0,0,0,0,0,0
482010,3,1,4,0,0,15,0,30,0,0,21,0
482011,1,1,16,0,0,0,0,0,0,0,0,0
482012,1,1,0,0,0,0,0,0,0,0,0,0
482013,1,1,20,20,20,20,20,20,20,20,20,20
482014,1,1,0,12,7,0,0,0,17,0,19,22
482014,2,1,0,25,17,0,0,0,0,10,7,0
482015,0,1,0,0,22,0,16,21,55,0,0,6
482015,1,1,9,9,9,9,9,9,9,9,9,9
482016,1,1,0,0,0,0,0,0,0,0,0,0
482016,2,1,0,0,0,0,0,0,0,0,0,0
482017,1,1,0,0,0,0,0,0,0,0,0,0
482017,2,1,0,0,0,0,0,0,0,0,0,0
482018,1,1,0,0,0,0,0,26,0,0,0,0
482018,2,1,0,5,0,0,0,0,0,0,0,3
482019,1,1,20,20,20,20,20,20,20,20,20,20
482020,1,1,0,0,0,0,0,0,0,0,0,0
482020,2,1,0,0,0,0,0,0,0,0,18,0
482021,0,1,0,0,0,0,0,0,0,0,0,0
482021,0,2,9,27,0,11,2,22,0,20,0,0
482021,1,1,0,0,0,0,18,30,0,0,11,0
482022,0,1,0,0,0,0,0,0,0,0,0,0
482022,1,1,44,0,5,0,23,38,22,25,25,0
482024,1,1,0,0,0,0,0,0,0,0,0,0
482024,2,1,0,5,0,15,0,0,18,0,0,20
482025,1,1,0,12,19,25,0,0,0,0,0,0
482026,1,1,0,7,0,0,13,11,0,0,0,25
482027,0,1,0,0,0,0,0,0,0,0,0,0
482027,1,1,17,0,0,0,0,18,11,0,23,13
482028,1,1,0,0,18,0,0,31,23,13,28,0
482028,2,1,0,0,20,19,0,0,0,3,10,18
482028,3,1,18,0,0,0,5,24,0,0,0,0
482029,1,1,0,0,0,0,0,0,0,0,0,0
482030,1,1,18,0,0,16,12,0,12,0,17,27
482031,1,1,0,0,8,0,0,0,12,0,28,0
482032,1,1,12,0,13,17,10,0,0,18,27,0
482033,1,1,25,25,25,25,25,25,25,25,25,25
482034,1,1,0,0,27,0,0,0,0,16,0,0
482034,2,1,0,0,0,14,23,0,0,0,0,0
482036,0,1,0,0,0,0,0,0,0,0,16,0
482036,1,1,0,0,28,0,14,13,0,0,17,13
482037,1,1,0,0,0,0,0,0,0,0,0,0
482037,2,1,0,0,0,0,0,0,0,0,0,0
482038,0,1,21,0,0,20,27,24,0,25,20,14
482038,1,1,36,0,18,0,0,0,8,0,0,0
482039,0,1,0,0,0,0,0,0,0,0,0,0
482039,1,1,0,0,0,0,0,0,0,0,0,0
482040,0,1,0,0,0,0,0,0,0,28,0,0
482040,1,1,0,0,0,0,0,0,0,0,0,0
482041,1,1,7,0,5,14,25,12,8,8,20,36
482042,1,1,9,9,9,9,9,9,9,9,9,9
482042,2,1,0,0,0,0,0,0,22,0,0,0
482043,1,1,11,11,11,11,11,11,11,11,11,11
482043,2,1,0,0,0,0,0,0,14,0,0,0
482044,1,1,20,17,24,18,28,18,0,18,23,0
482045,1,1,0,0,12,0,0,32,0,0,0,0
482045,2,1,0,0,24,16,0,0,0,22,0,9
482046,1,1,0,0,0,12,19,0,0,0,0,0
482046,2,1,0,0,0,0,0,0,0,0,0,0
482047,1,1,0,0,0,0,0,0,0,0,0,0
482047,2,1,0,0,0,0,0,0,0,0,0,0
482048,1,1,0,0,0,0,0,0,0,0,0,0
482049,1,1,26,26,26,26,26,26,26,26,26,26
482049,2,1,0,23,0,24,30,0,20,23,0,17
482050,1,1,0,0,0,0,22,0,0,25,0,6
482051,1,1,12,13,27,25,22,20,21,16,0,13
482052,1,1,12,2,7,0,0,15,14,10,0,11
482053,0,1,21,20,18,16,43,0,0,25,20,9
482053,1,1,14,0,0,11,0,21,25,16,0,0
482054,1,1,0,0,0,0,4,0,0,0,0,0
482054,2,1,0,0,0,0,0,0,0,3,0,0
482055,1,1,4,4,4,4,4,4,4,4,4,4
482056,1,1,0,15,0,0,0,0,0,18,0,0
482056,2,1,0,0,16,0,0,0,0,0,0,0
482056,3,1,8,0,0,0,40,0,0,0,0,0
482056,4,1,0,0,0,6,0,9,0,0,0,0
482057,1,1,23,23,23,23,23,23,23,23,23,23
482057,2,1,17,0,0,5,0,0,0,18,0,19
482058,1,1,0,0,0,0,0,0,0,0,0,0
482059,1,1,28,28,28,28,28,28,28,28,28,28
482060,0,1,11,11,11,11,11,11,11,11,11,11
482060,1,1,0,15,0,0,9,27,10,17,0,0
482061,1,1,0,0,0,0,0,0,0,0,0,0
482061,2,1,12,12,12,12,12,12,12,12,12,12
482062,1,1,19,0,16,26,0,16,0,10,19,0
482063,1,1,7,7,7,7,7,7,7,7,7,7
482063,2,1,9,0,0,29,0,19,0,10,25,0
482064,1,1,0,16,0,0,0,0,0,0,0,0
482064,2,1,8,0,0,0,0,0,0,0,20,0
482065,0,1,0,0,0,32,0,0,0,0,0,0
482065,0,2,0,0,0,0,0,0,0,0,0,0
482065,1,1,0,0,0,0,0,0,0,0,0,0
482066,0,1,7,7,7,7,7,7,7,7,7,7
482066,1,1,0,24,15,11,18,30,15,10,25,0
482067,1,1,0,0,0,0,0,0,0,0,17,0
482067,2,1,0,0,0,0,0,0,0,0,8,0
482067,3,1,0,0,0,8,0,0,0,0,0,0
482068,0,1,0,0,0,18,0,0,0,0,0,0
482068,0,2,0,0,11,0,0,0,0,0,13,0
482068,1,1,0,0,0,12,0,16,0,0,0,0
482069,1,1,0,0,0,0,0,0,0,0,44,0
482070,0,1,0,0,0,0,0,0,0,0,0,0
482070,1,1,0,0,0,0,0,0,0,6,0,0
482071,1,1,0,0,0,0,0,0,0,0,0,0
482071,2,1,0,0,0,0,0,0,0,0,0,0
482072,1,1,0,0,11,0,0,0,0,0,21,6
482072,2,1,20,20,20,20,20,20,20,20,20,20
482073,1,1,0,0,0,0,0,0,0,0,0,0
482073,2,1,0,0,0,0,0,0,0,0,2,0
482074,1,1,0,0,0,0,0,0,0,0,0,0
482074,2,1,19,19,19,19,19,19,19,19,19,19
482074,3,1,0,0,0,0,0,0,0,0,0,0
482075,1,1,0,0,0,0,16,0,0,0,0,0
482075,2,1,0,0,13,0,0,0,0,7,0,11
482076,0,1,0,0,0,0,0,0,0,0,0,0
482076,2,1,18,0,28,0,5,20,31,0,0,0
482077,1,1,0,0,0,0,0,0,0,0,0,0
482078,0,1,0,30,24,0,0,28,0,0,0,0
482078,1,1,0,0,0,0,11,0,0,8,0,0
482079,1,1,11,0,26,26,0,30,9,0,24,34
482080,1,1,0,0,0,0,0,0,0,0,0,0
482080,2,1,0,0,0,0,0,0,0,0,0,0
482081,1,1,13,13,13,13,13,13,13,13,13,13
482082,1,1,13,13,13,13,13,13,13,13,13,13
482083,1,1,0,0,0,0,0,0,12,0,0,0
482083,2,1,0,0,0,0,0,0,0,0,0,8
482084,1,1,14,0,0,0,20,13,0,0,20,1
482085,1,1,0,0,35,0,12,0,24,0,0,0
482085,2,1,0,0,0,0,0,0,7,0,0,0
482086,1,1,0,12,0,0,0,0,0,0,11,0
482086,2,1,4,4,4,4,4,4,4,4,4,4
482087,1,1,15,0,34,19,0,18,22,23,13,0
482088,1,1,0,0,0,0,0,5,0,0,0,0
482088,2,1,16,16,16,16,16,16,16,16,16,16
482089,1,1,0,0,0,22,0,0,0,0,0,0
482089,2,1,0,0,0,0,0,19,0,0,0,0
482090,1,1,0,0,0,0,0,0,0,0,0,0
482091,1,1,0,0,0,0,0,0,0,0,0,0
482092,1,1,21,21,21,21,21,21,21,21,21,21
482092,2,1,0,0,0,0,0,0,0,0,0,0
482093,1,1,9,9,9,9,9,9,9,9,9,9
482093,2,1,10,10,10,10,10,10,10,10,10,10
482094,1,1,6,6,6,6,6,6,6,6,6,6
482094,2,1,0,14,7,0,6,0,31,28,15,18
482095,1,1,9,9,9,9,9,9,9,9,9,9
482096,1,1,20,20,20,20,20,20,20,20,20,20
482097,1,1,0,0,0,0,0,0,40,0,0,0
482097,2,1,0,0,0,0,0,0,0,0,0,0
482097,3,1,0,8,0,0,0,0,0,0,0,14
482098,1,1,0,10,9,0,16,7,0,14,0,0
482098,2,1,11,2,14,0,14,0,18,0,0,0
482099,1,1,0,13,13,9,0,0,12,0,0,0
482099,2,1,0,21,0,5,0,0,0,14,0,0
482100,1,1,8,8,8,8,8,8,8,8,8,8
482101,0,1,0,0,0,0,0,0,16,0,0,0
482101,1,1,0,0,0,0,50,19,0,0,0,33
482103,1,1,0,20,13,0,0,0,0,0,0,6
482103,2,1,0,0,0,0,0,15,0,0,0,0
482104,1,1,0,0,0,0,0,0,0,0,0,0
482104,2,1,5,0,13,0,0,19,0,0,0,0
482105,1,1,1,1,1,1,1,1,1,1,1,1
482105,2,1,19,9,24,0,16,17,23,5,25,15
482106,1,1,0,0,11,0,0,0,27,0,0,0
482106,2,1,0,0,0,0,0,0,0,0,25,0
482106,3,1,0,0,0,0,0,0,0,32,0,0
482106,4,1,0,0,0,20,17,0,0,0,17,24
482107,1,1,0,0,0,0,0,0,21,0,25,0
482108,1,1,0,0,18,0,0,0,0,0,0,27
482108,2,1,0,0,0,10,0,0,5,22,12,11
482109,1,1,0,0,0,0,0,0,0,0,0,0
482109,2,1,0,0,0,0,0,0,0,0,0,0
482110,1,1,21,21,21,21,21,21,21,21,21,21
482110,2,1,0,13,16,5,11,0,9,21,7,0
482111,1,1,0,0,0,24,0,0,0,0,0,21
482112,0,1,0,0,0,0,0,0,0,0,0,0
482112,1,1,15,9,14,17,17,0,23,10,13,14
482113,0,1,23,23,23,23,23,23,23,23,23,23
482113,1,1,7,18,0,0,2,0,0,0,0,0
482114,1,1,2,0,0,0,0,0,0,0,9,27
482115,1,1,0,0,0,0,0,0,0,0,0,0
482115,2,1,0,11,0,0,0,0,0,0,0,0
482116,1,1,0,21,0,0,0,0,0,0,0,0
482117,1,1,0,13,9,0,0,0,0,25,0,0
482118,1,1,0,0,0,0,0,0,0,0,0,0
482118,2,1,0,15,0,0,0,0,0,0,26,0
482119,0,1,0,0,0,0,0,0,0,0,0,0
482119,1,1,0,0,0,0,0,0,0,0,0,0
482120,1,1,19,32,0,20,0,23,20,0,10,0
482121,0,1,0,0,0,0,7,27,0,0,20,44
482121,1,1,11,24,0,0,0,0,20,0,0,15
482122,0,1,0,19,0,27,0,0,9,0,0,0