ST_CASE,VEH_NO,PER_NO,P1,P2,P3,P4,P5,P6,P7,P8,P9,P10
482122,1,1,13,13,13,13,13,13,13,13,13,13
482122,2,1,0,0,9,0,0,10,0,0,0,12
482123,1,1,22,20,15,0,0,0,22,0,0,0
482123,2,1,8,14,0,0,27,12,20,0,0,0
482124,1,1,0,0,0,0,9,0,0,0,0,0
482124,2,1,0,0,0,0,0,0,0,0,0,0
482125,0,1,4,23,4,0,47,0,0,5,12,32
482125,1,1,0,0,0,0,0,16,0,0,0,10
482126,0,1,0,7,0,0,21,17,0,0,13,5
482126,1,1,12,13,12,0,0,0,0,0,0,0
482127,1,1,0,0,0,0,4,10,0,13,16,0
482127,2,1,0,14,4,0,16,0,15,0,0,0
482127,3,1,10,0,24,0,0,0,11,0,0,11
482128,1,1,26,20,11,18,19,16,10,21,10,31
482128,2,1,0,0,0,24,0,0,26,0,0,0
482130,1,1,22,22,22,22,22,22,22,22,22,22
482131,1,1,1,1,1,1,1,1,1,1,1,1
482132,1,1,0,0,0,0,0,0,0,0,0,0
482132,2,1,0,0,0,0,0,0,0,0,0,0
482132,3,1,0,0,0,0,0,0,0,0,0,0
482133,1,1,13,0,0,0,15,26,0,5,0,0
482134,0,1,0,21,15,34,19,0,0,18,0,30
482134,1,1,12,12,12,12,12,12,12,12,12,12
482135,1,1,0,0,0,0,0,0,0,0,0,0
482135,2,1,0,0,0,0,0,0,0,0,0,0
482136,1,1,0,8,0,22,0,37,0,0,19,24
482137,1,1,21,0,0,24,0,0,0,0,0,0
482137,2,1,11,0,18,16,0,17,12,0,0,0
482138,1,1,0,0,0,0,0,0,0,0,0,0
482139,1,1,0,0,0,8,0,8,17,0,9,0
482140,1,1,24,24,24,24,24,24,24,24,24,24
482141,0,1,0,0,0,0,0,0,0,0,0,0
482141,1,1,0,0,0,14,0,21,0,0,0,0
482142,1,1,0,0,16,0,0,0,0,0,0,0
482142,2,1,0,0,0,0,0,0,0,0,0,0
482143,0,1,0,0,0,0,0,0,0,0,0,0
482143,1,1,0,15,0,12,12,0,13,0,0,0
482144,1,1,0,0,0,0,0,0,0,0,0,0
482144,2,1,0,0,0,0,0,0,0,0,0,0
482144,3,1,0,0,0,0,0,0,0,0,0,0
482144,4,1,0,0,0,0,0,0,0,0,11,0
482145,0,1,16,16,16,16,16,16,16,16,16,16
482145,1,1,22,10,22,14,0,10,0,0,0,0
482146,1,1,0,0,0,0,0,0,0,0,0,0
482147,0,1,0,0,0,0,0,0,0,0,0,0
482147,1,1,0,0,29,0,0,0,6,0,0,0
482148,1,1,0,0,0,0,14,22,0,0,0,0
482149,1,1,0,0,19,0,0,0,0,0,0,0
482149,2,1,39,0,20,0,0,0,0,0,0,0
482149,3,1,21,0,0,0,0,0,0,0,13,0
482149,4,1,0,0,0,0,9,0,0,0,12,23
482150,0,1,0,0,0,0,0,0,0,0,0,0
482150,1,1,0,0,0,0,0,0,0,0,0,0
482151,1,1,0,0,0,0,0,0,0,0,0,0
482151,2,1,0,0,0,8,0,0,19,0,0,0
482152,1,1,0,0,0,0,6,0,0,0,0,0
482153,0,1,0,13,0,30,0,0,0,0,15,33
482153,1,1,0,0,0,0,0,0,0,0,0,0
482154,0,1,0,0,0,0,0,10,0,0,0,0
482154,1,1,0,17,0,0,0,0,0,0,0,0
482155,1,1,0,0,0,0,0,0,0,0,0,0
482156,0,1,0,0,0,0,0,0,0,0,0,0
482156,1,1,0,6,0,0,0,13,0,0,0,0
482157,1,1,10,21,25,14,16,21,17,17,19,12
482158,1,1,24,24,24,24,24,24,24,24,24,24
482159,1,1,0,0,0,0,0,0,0,0,0,0
482160,1,1,0,0,0,0,0,0,0,0,0,0
482160,2,1,30,30,30,30,30,30,30,30,30,30
482161,1,1,0,0,0,6,0,0,0,0,0,0
482161,2,1,0,0,0,0,0,0,0,0,0,0
482162,1,1,16,18,13,0,0,0,19,0,11,13
482162,2,1,4,4,4,4,4,4,4,4,4,4
482163,0,1,21,0,25,0,0,0,0,0,0,0
482163,1,1,12,0,0,0,0,10,0,0,0,3
482164,1,1,2,2,2,2,2,2,2,2,2,2
482165,1,1,24,24,24,24,24,24,24,24,24,24
482166,1,1,0,0,0,0,0,0,0,0,0,0
482167,1,1,15,0,0,6,3,13,11,0,0,0
482167,2,1,3,3,3,3,3,3,3,3,3,3
482168,1,1,0,0,0,0,0,11,0,0,0,0
482168,2,1,0,11,0,0,0,0,15,0,0,18
482169,1,1,0,0,0,0,0,0,0,0,0,0
482171,1,1,0,0,14,0,0,0,0,0,0,15
482171,2,1,0,0,0,0,0,0,0,21,0,0
482172,0,1,0,18,7,0,20,10,0,15,0,0
482172,1,1,0,0,0,0,0,0,0,0,0,0
482173,1,1,14,13,5,19,6,6,12,50,7,8
482173,2,1,0,0,0,10,0,0,0,0,11,0
482174,1,1,0,0,0,0,0,5,18,0,0,0
482175,1,1,1,1,1,1,1,1,1,1,1,1
482176,0,1,0,0,0,0,20,0,13,21,0,0
482176,1,1,0,20,38,0,0,20,15,0,6,18
482177,1,1,0,0,0,0,0,0,0,0,0,0
482177,2,1,0,0,0,0,0,0,0,0,0,0
482178,0,1,0,27,7,19,13,7,0,0,0,0
482178,1,1,27,12,3,0,7,0,10,0,0,0
482180,0,1,10,10,10,10,10,10,10,10,10,10
482180,1,1,21,0,0,15,8,23,18,27,20,0
482181,1,1,0,0,0,0,0,0,0,0,0,0
482182,0,1,0,0,0,0,0,0,0,0,0,0
482182,1,1,0,0,0,0,0,0,0,0,0,0
482183,2,1,0,0,0,0,0,0,0,0,0,0
482184,1,1,18,29,0,0,0,0,0,14,0,0
482185,1,1,34,34,34,34,34,34,34,34,34,34
482186,1,1,10,6,26,0,19,0,0,4,16,0
482187,1,1,7,10,16,0,0,0,6,13,0,0
482187,2,1,4,0,0,0,18,0,8,9,0,0
482187,3,1,16,0,22,0,23,0,0,12,0,11
482187,4,1,12,0,0,0,13,0,2,0,0,0
482188,1,1,0,0,0,0,0,0,0,0,0,0
482188,2,1,0,0,0,0,0,0,0,0,0,0
482189,1,1,16,0,14,0,10,25,0,9,17,19
482189,2,1,0,8,0,0,9,0,0,0,9,0
482189,3,1,0,0,12,0,0,0,0,0,0,0
482190,0,1,0,0,0,0,0,0,0,11,0,0
482190,1,1,0,0,0,0,0,3,0,0,0,0
482191,1,1,0,0,0,0,0,0,0,0,0,0
482192,1,1,20,20,20,20,20,20,20,20,20,20
482192,2,1,0,0,0,9,0,0,0,0,0,14
482193,1,1,25,25,25,25,25,25,25,25,25,25
482193,2,1,0,0,22,0,0,0,0,0,0,22
482194,1,1,0,0,26,0,0,0,0,0,0,23
482194,2,1,0,0,5,0,0,0,0,0,0,0
482195,1,1,0,0,0,0,0,0,0,10,11,0
482196,1,1,1,1,1,1,1,1,1,1,1,1
482196,2,1,0,0,4,0,0,0,0,0,0,0
482197,1,1,0,32,0,10,34,0,0,0,13,14
482198,1,1,14,8,0,16,14,19,3,0,9,10
482198,2,1,0,0,0,0,0,0,0,0,0,0
482198,3,1,0,0,0,0,12,0,0,31,0,0
482199,0,1,0,37,22,19,0,0,9,5,7,0
482199,1,1,0,0,0,0,0,0,0,0,0,0
482200,1,1,15,0,0,0,0,0,0,0,15,0
482200,2,1,0,0,0,0,31,0,22,0,0,0
482201,1,1,5,5,5,5,5,5,5,5,5,5
482202,1,1,22,22,22,22,22,22,22,22,22,22
482202,2,1,0,0,0,12,12,0,0,0,0,0
482202,3,1,7,0,0,0,0,18,0,0,0,0
482203,1,1,0,0,0,26,0,0,17,0,0,0
482203,2,1,0,0,0,0,0,0,0,0,0,0
482204,1,1,0,0,0,0,0,0,0,0,0,0
482204,2,1,0,32,0,0,0,0,0,0,0,0
482204,3,1,0,0,0,0,0,0,0,0,0,0
482205,1,1,0,10,0,0,0,0,0,23,0,0
482206,0,1,11,9,18,23,23,19,11,26,18,17
482206,1,1,22,0,0,0,0,0,0,0,0,0
482207,0,1,1,1,1,1,1,1,1,1,1,1
482207,1,1,0,0,0,0,0,0,0,0,0,0
482208,0,1,0,0,0,0,0,0,0,0,0,0
482208,1,1,0,0,0,0,0,0,0,0,0,0
482208,2,1,0,7,25,0,0,0,0,0,0,0
482208,3,1,0,0,0,40,0,0,33,0,0,10
482209,1,1,0,0,0,0,0,0,0,0,0,0
482210,0,1,0,26,15,34,20,0,0,13,5,11
482210,1,1,0,0,0,0,0,0,0,0,0,0
482211,1,1,30,30,30,30,30,30,30,30,30,30
482211,2,1,0,0,0,0,0,0,7,12,17,0
482211,3,1,0,0,0,0,0,0,0,0,0,0
482212,1,1,9,9,9,9,9,9,9,9,9,9
482212,2,1,19,9,8,0,0,0,0,0,0,0
482213,1,1,0,0,0,0,0,0,0,0,0,13
482213,2,1,16,0,10,0,0,23,0,0,0,21
482214,1,1,0,0,0,0,0,0,0,0,0,0
482214,2,1,12,0,0,0,0,0,0,0,0,0
482214,3,1,0,0,22,15,0,0,0,0,0,0
482215,1,1,0,0,9,0,8,8,0,0,0,0
482216,0,1,22,0,0,11,24,25,0,0,0,19
482216,1,1,10,10,10,10,10,10,10,10,10,10
482218,1,1,1,1,1,1,1,1,1,1,1,1
482218,2,1,0,14,0,0,0,0,11,20,0,16
482219,1,1,0,0,0,0,0,0,0,0,0,0
482220,0,1,48,9,0,11,9,0,0,0,23,46
482220,1,1,0,18,21,0,9,0,17,0,12,8
482221,1,1,0,0,0,0,0,0,0,0,0,0
482222,1,1,0,0,0,0,0,0,0,0,0,0
482223,1,1,0,0,0,0,0,31,0,0,0,0
482224,1,1,14,0,0,0,0,0,22,0,0,20
482224,2,1,0,10,0,23,0,0,0,0,0,0
482224,3,1,0,0,0,0,0,0,0,0,0,0
482224,4,1,0,0,0,0,0,0,0,0,10,0
482225,1,1,0,0,0,0,0,0,0,0,0,0
482225,2,1,0,0,0,0,0,0,0,0,0,0
482226,1,1,9,19,8,12,22,24,20,4,15,33
482226,2,1,25,25,25,25,25,25,25,25,25,25
482227,1,1,0,19,0,0,22,0,0,0,0,18
482227,2,1,0,0,0,0,0,0,0,0,0,0
482228,0,1,0,0,0,19,16,0,0,0,0,0
482228,1,1,0,0,0,0,0,0,0,0,0,0
482229,0,1,0,0,0,21,0,0,0,16,0,0
482229,1,1,18,0,0,11,20,7,8,7,25,29
482230,1,1,6,6,6,6,6,6,6,6,6,6
482231,1,1,20,20,20,20,20,20,20,20,20,20
482232,1,1,0,0,0,25,0,0,0,0,0,18
482232,2,1,6,0,0,0,0,0,0,0,0,0
482233,1,1,0,0,0,0,0,0,0,0,0,0
482233,3,1,0,0,0,0,0,0,0,0,0,0
482234,1,1,43,43,43,43,43,43,43,43,43,43
482234,2,1,0,0,4,3,14,6,13,28,0,32
482234,3,1,8,13,0,20,11,0,0,0,0,35
482234,4,1,0,7,0,0,0,24,16,25,5,25
482235,1,1,26,26,26,26,26,26,26,26,26,26
482236,1,1,0,11,38,13,0,0,17,0,18,0
482236,2,1,0,0,0,21,0,16,0,0,0,17
482237,1,1,0,0,0,0,0,0,0,0,0,0
482237,2,1,0,18,0,0,0,0,0,10,0,0
482238,1,1,0,0,0,0,0,0,0,0,0,0
482238,2,1,20,27,11,0,0,0,0,9,15,10
482239,1,1,0,0,0,0,0,0,0,0,0,0
482239,2,1,0,0,0,0,0,0,0,15,0,0
482240,0,1,16,22,0,0,0,0,4,13,0,0
482240,1,1,13,12,0,11,24,12,0,0,0,15
482241,1,1,0,0,0,0,0,0,0,0,0,0
482241,2,1,0,0,4,0,0,0,6,0,0,0
482242,1,1,0,0,0,0,0,0,38,0,0,0
482242,2,1,0,0,0,0,0,0,0,0,0,0
482243,1,1,0,0,0,0,0,0,0,0,0,0
482243,2,1,0,0,0,0,0,0,0,0,0,0
482244,0,1,14,0,0,11,0,0,0,13,7,0
482244,1,1,0,17,0,22,16,0,0,0,0,0
482245,1,1,19,19,19,19,19,19,19,19,19,19
482246,1,1,0,0,0,0,0,0,0,0,0,17
482246,2,1,0,0,0,0,0,0,0,0,0,0
482247,1,1,10,0,0,16,0,0,20,0,0,11
482247,2,1,0,0,0,0,0,21,12,0,0,0
482248,1,1,0,0,0,0,24,0,0,0,0,0
482248,2,1,17,17,17,17,17,17,17,17,17,17
482249,1,1,0,0,0,33,0,0,0,11,0,17
482250,0,1,0,0,0,0,0,0,0,0,0,0
482250,1,1,0,0,0,19,18,0,0,0,6,12
482250,2,1,8,0,0,4,0,0,0,0,0,0
482251,1,1,18,18,18,18,18,18,18,18,18,18
482252,1,1,0,0,0,0,0,0,0,0,0,0
482252,2,1,0,16,0,0,0,0,0,0,12,0
482252,3,1,0,0,0,0,0,0,0,0,0,0
482252,4,1,0,0,0,0,0,0,0,0,8,0
482252,5,1,12,0,0,0,7,0,0,0,0,0
482253,0,1,0,0,0,9,7,0,29,0,0,0
482253,1,1,0,0,0,0,0,0,0,0,0,26
482255,1,1,0,0,0,0,0,0,0,0,0,0
482255,2,1,0,0,0,0,0,0,0,0,0,0
482256,0,1,0,42,28,13,0,15,0,0,0,26
482256,1,1,0,0,0,24,22,0,0,4,24,0
482257,0,1,0,0,0,0,0,0,0,0,0,0
482257,1,1,0,0,15,0,0,0,0,0,0,0
482258,1,1,0,0,0,0,0,0,0,0,0,0
482258,2,1,0,0,0,11,0,0,0,32,29,0
482259,0,1,5,12,33,0,31,20,20,3,12,25
482259,1,1,0,6,25,0,0,0,0,0,0,0
482260,1,1,28,28,28,28,28,28,28,28,28,28
482260,2,1,14,14,14,14,14,14,14,14,14,14
482261,0,1,12,12,12,12,12,12,12,12,12,12
482261,1,1,23,0,19,0,8,8,0,24,0,0
482262,1,1,0,0,0,0,0,0,0,0,0,0
482262,2,1,0,0,0,10,0,0,0,0,0,0
482263,1,1,0,0,0,0,0,0,0,0,0,0
482263,2,1,0,0,0,0,0,0,0,0,0,0
482264,1,1,25,18,0,37,0,16,0,15,39,0
482265,1,1,0,0,0,10,0,0,0,0,0,0
482265,2,1,0,0,0,0,0,0,0,0,0,0
482266,1,1,0,0,7,0,0,8,14,21,0,0
482267,1,1,16,20,0,7,21,15,0,21,0,0
482268,1,1,11,9,11,19,22,0,33,15,5,25
482269,1,1,18,0,0,0,17,0,0,0,0,0
482269,2,1,0,9,0,23,0,0,0,0,0,0
482270,1,1,0,12,0,0,0,0,0,0,0,0
482270,2,1,8,0,0,0,0,2,26,0,0,0
482271,1,1,25,25,25,25,25,25,25,25,25,25
482271,2,1,7,0,0,43,0,17,0,39,0,0
482272,1,1,0,0,0,25,33,0,0,0,0,0
482273,0,1,0,0,0,0,0,0,0,0,0,0
482273,1,1,0,0,0,0,0,0,0,0,0,0
482273,2,1,14,19,21,0,14,25,0,0,32,0
482274,0,1,0,0,23,0,0,0,23,0,12,18
482274,1,1,13,0,0,0,0,20,22,3,0,12
482275,1,1,7,7,7,7,7,7,7,7,7,7
482276,1,1,0,23,26,0,0,17,0,18,21,0
482277,0,1,0,0,0,0,0,0,0,0,0,0
482277,1,1,0,0,0,0,0,30,0,0,0,0
482278,1,1,25,25,25,25,25,25,25,25,25,25
482279,0,1,0,0,0,0,0,0,0,0,0,0
482279,1,1,0,0,0,0,0,0,0,0,0,0
482280,1,1,30,30,30,30,30,30,30,30,30,30
482281,1,1,0,0,0,0,0,0,0,0,0,0
482281,2,1,0,0,0,0,0,0,0,0,0,0
482281,3,1,12,0,0,0,0,0,0,0,0,0
482282,1,1,0,0,0,0,0,0,0,19,0,0
482283,0,1,0,15,0,0,22,0,0,0,0,0
482283,1,1,17,0,20,0,0,0,0,26,12,0
482283,2,1,0,0,19,21,0,0,0,0,0,0
482284,0,1,0,0,0,0,0,0,0,0,0,0
482284,1,1,39,0,19,0,25,0,0,0,21,9
482285,1,1,0,0,0,0,0,0,0,0,0,0
482285,2,1,0,0,12,0,0,0,0,0,0,0
482285,3,1,0,12,0,18,8,0,11,0,0,0
482286,1,1,0,0,0,0,0,0,0,0,0,0
482286,2,1,0,0,0,0,0,0,0,0,0,0
482287,0,1,15,15,15,15,15,15,15,15,15,15
482287,1,1,0,0,0,0,0,0,0,0,0,0
482288,1,1,0,0,0,0,0,0,0,0,0,0
482289,1,1,0,0,0,0,0,0,0,0,0,0
482289,2,1,0,0,0,0,0,0,0,0,0,0
482290,1,1,16,16,16,16,16,16,16,16,16,16
482291,1,1,0,0,0,0,0,0,0,0,0,0
482292,1,1,13,19,0,0,0,0,0,14,0,7
482293,1,1,0,0,0,23,25,9,28,7,0,16
482293,2,1,0,0,0,0,10,18,39,0,0,0
482294,0,1,0,0,0,0,0,0,0,0,0,0
482294,1,1,0,4,0,11,0,0,0,25,0,32
482295,1,1,6,0,0,10,2,10,0,0,0,8
482296,1,1,11,0,0,0,0,0,0,0,0,0
482296,2,1,0,0,0,4,0,0,0,0,0,10
482297,1,1,24,24,24,24,24,24,24,24,24,24
482297,2,1,12,0,0,0,0,0,0,0,0,0
482297,3,1,9,0,21,0,0,0,0,0,0,0
482298,1,1,30,30,30,30,30,30,30,30,30,30
482299,1,1,16,23,0,0,0,0,0,0,0,0
482300,1,1,0,0,0,0,0,0,0,0,0,0
482300,2,1,15,0,0,0,0,0,0,0,0,0
482301,1,1,0,0,0,0,0,0,16,0,5,0
482301,2,1,0,0,0,0,0,0,0,0,0,0
482301,3,1,0,0,0,0,0,0,0,0,0,0
482302,1,1,0,0,0,0,0,0,0,0,0,0
482303,1,1,0,0,0,0,0,0,0,0,0,0
482304,1,1,0,0,0,0,0,0,0,0,0,0
482304,2,1,0,16,0,0,0,0,0,0,0,0
482305,0,1,0,0,12,0,0,0,0,0,0,0
482305,1,1,11,0,5,0,0,14,0,4,0,0
482306,1,1,0,0,0,0,0,0,0,0,0,0
482306,2,1,0,0,0,8,0,21,0,0,0,0
482307,1,1,0,0,0,0,0,0,0,0,0,0
482307,2,1,0,0,0,0,0,0,0,0,0,0
482308,1,1,0,0,0,0,0,0,0,0,0,0
482308,2,1,0,0,0,0,0,0,0,0,0,0
482308,3,1,12,0,0,0,0,0,0,0,0,0
482308,4,1,0,0,0,0,8,35,0,0,0,0
482308,5,1,0,0,16,0,0,0,0,0,0,14
482309,0,1,0,0,0,0,0,0,0,0,0,0
482309,1,1,18,19,0,0,23,13,15,0,0,0
482310,1,1,0,0,0,0,0,0,7,14,0,0
482310,2,1,0,0,0,0,0,0,0,0,12,0
482311,1,1,1,1,1,1,1,1,1,1,1,1
482312,0,1,48,48,48,48,48,48,48,48,48,48
482312,1,1,0,0,0,0,18,19,0,0,0,0
482313,1,1,0,0,0,16,34,0,0,0,29,0
482313,2,1,0,0,0,7,0,0,0,0,0,0
482314,1,1,0,0,0,0,0,0,0,0,0,0
482314,2,1,0,0,0,0,0,0,0,13,21,0
482315,1,1,19,7,24,0,11,0,21,24,23,0
482315,2,1,0,8,0,0,21,0,0,0,9,0
482316,1,1,0,0,0,0,0,0,26,0,0,0
482316,2,1,0,0,7,13,0,0,21,21,10,0
482317,1,1,0,0,23,17,0,21,24,16,0,0
482317,2,1,0,0,17,0,0,0,0,0,0,0
482317,3,1,18,0,13,3,0,8,0,0,0,0
482318,0,1,16,16,16,16,16,16,16,16,16,16
482318,1,1,18,0,0,8,0,0,22,19,0,0
482319,1,1,2,2,2,2,2,2,2,2,2,2
482320,1,1,18,18,18,18,18,18,18,18,18,18
482321,1,1,0,0,0,0,0,0,0,0,0,0
482321,2,1,0,0,0,0,0,0,0,0,0,0
482322,1,1,0,0,19,19,22,0,7,0,0,0
482322,2,1,0,0,0,0,0,0,0,0,0,0
482323,1,1,0,0,0,0,0,21,19,36,12,14
482323,2,1,6,0,0,0,0,6,0,0,0,0
482324,1,1,25,16,16,36,39,0,14,10,0,43
482325,0,1,19,27,13,0,19,8,8,7,23,9
482325,1,1,43,0,0,0,28,7,0,15,0,0
482326,1,1,6,6,6,6,6,6,6,6,6,6
482326,2,1,11,8,0,0,0,0,0,11,0,0
482327,1,1,10,0,0,0,14,0,0,0,0,0
482327,2,1,1,1,1,1,1,1,1,1,1,1
482328,0,1,0,0,0,0,0,0,0,0,0,0
482328,1,1,0,0,0,0,0,0,0,0,0,0
482329,1,1,0,0,0,0,0,0,0,0,0,0
482329,2,1,0,0,0,0,0,0,0,0,0,4
482329,3,1,0,0,0,0,0,0,0,0,0,0
482329,4,1,0,0,0,0,0,10,0,0,10,0
482330,1,1,14,0,8,0,0,0,23,0,0,0
482331,1,1,9,9,9,9,9,9,9,9,9,9
482331,2,1,0,21,0,0,0,20,20,21,8,7
482332,1,1,3,3,3,3,3,3,3,3,3,3
482332,2,1,0,0,0,0,0,0,0,0,0,0
482333,1,1,0,0,0,0,0,0,0,14,0,0
482333,2,1,16,0,0,0,0,0,27,0,0,0
482334,1,1,0,0,0,0,0,0,0,0,0,0
482334,2,1,0,0,0,0,0,0,0,0,0,0
482335,1,1,0,0,0,0,0,0,0,0,0,0
482335,2,1,0,0,0,0,0,0,0,0,0,0
482336,1,1,30,30,30,30,30,30,30,30,30,30
482336,2,1,0,0,0,0,11,0,5,0,0,0
482338,1,1,0,32,0,0,4,15,0,0,15,0
482338,2,1,23,23,23,23,23,23,23,23,23,23
482339,1,1,0,20,18,19,11,21,7,0,0,0
482340,1,1,0,0,0,0,0,0,0,0,0,0
482340,2,1,0,0,0,0,0,0,0,0,0,0
482341,1,1,8,25,14,10,8,12,25,8,10,8
482341,2,1,0,23,12,0,15,31,30,0,0,0
482342,1,1,18,18,18,18,18,18,18,18,18,18
482343,1,1,0,22,0,0,0,0,0,1,10,0
482344,1,1,0,0,0,0,0,0,0,0,0,0
482345,0,1,0,0,0,0,0,0,0,0,0,0
482345,1,1,0,8,0,0,0,33,0,0,9,0
482346,1,1,0,0,34,0,10,0,0,0,0,0
482346,2,1,0,0,0,8,0,0,0,0,0,0
482346,3,1,0,0,0,0,27,0,0,0,0,0
482347,1,1,0,0,0,0,16,0,13,0,0,0
482347,2,1,0,0,0,0,0,0,0,0,0,0
482348,1,1,0,0,0,0,0,0,0,0,0,0
482348,2,1,16,0,0,0,0,14,0,17,0,0
482349,1,1,0,0,0,0,0,0,0,0,0,0
482349,2,1,0,0,0,0,0,0,0,0,0,0
482350,1,1,0,0,0,0,0,0,0,0,0,0
482350,2,1,0,0,0,0,0,0,0,19,7,0
482351,1,1,0,35,0,0,0,0,0,0,0,0
482351,2,1,0,0,6,0,0,6,4,0,0,0
482351,3,1,0,0,21,0,0,0,0,0,0,0
482351,4,1,0,34,0,0,0,0,0,0,0,0
482352,1,1,0,0,0,0,0,0,0,0,0,0
482352,2,1,0,0,3,0,0,0,7,27,0,17
482353,1,1,0,0,0,0,0,0,0,21,0,0
482353,2,1,19,19,19,19,19,19,19,19,19,19
482354,1,1,7,7,7,7,7,7,7,7,7,7
482355,1,1,0,0,0,0,0,0,0,0,0,0
482355,2,1,0,0,0,0,0,0,0,0,0,0
482356,1,1,0,23,20,0,16,0,0,0,0,0
482356,2,1,0,0,0,0,0,0,0,0,0,0
482357,1,1,16,16,16,16,16,16,16,16,16,16
482358,0,1,0,0,0,0,0,0,0,0,0,0
482358,1,1,0,0,0,0,0,0,0,0,0,0
482359,0,1,23,23,23,23,23,23,23,23,23,23
482359,1,1,12,0,0,24,0,0,0,14,0,11
482360,1,1,9,9,9,9,9,9,9,9,9,9
482360,2,1,0,0,0,0,0,0,0,0,0,0
482361,1,1,14,14,14,14,14,14,14,14,14,14
482361,2,1,7,0,16,0,7,0,0,0,0,0
482362,1,1,17,17,17,17,17,17,17,17,17,17
482363,1,1,0,0,0,0,0,0,0,0,0,0
482363,2,1,0,0,0,0,0,0,0,0,0,0
482364,1,1,3,3,3,3,3,3,3,3,3,3
482364,2,1,0,7,0,10,26,4,0,0,0,0
482365,0,1,0,0,17,0,0,20,0,15,0,0
482365,1,1,0,0,0,0,0,0,0,0,0,0
482366,1,1,0,0,0,0,0,0,0,0,0,0
482367,1,1,0,0,0,0,0,0,0,0,0,0
482368,1,1,0,0,0,0,0,0,0,0,0,0
482369,1,1,0,0,0,0,0,0,0,0,0,0
482369,2,1,0,0,0,0,0,0,0,0,0,0
482370,1,1,0,0,9,0,0,15,0,7,16,18
482371,1,1,0,0,0,0,0,0,0,0,0,0
482371,2,1,0,21,0,0,0,0,0,0,0,0
482372,1,1,0,0,0,11,0,0,0,0,0,0
482372,2,1,0,0,10,0,0,0,0,0,0,0
482372,3,1,0,0,0,0,0,0,0,0,0,0
482373,0,1,0,0,0,0,0,0,0,0,0,0
482373,1,1,8,16,0,0,0,0,0,0,0,0
482374,1,1,0,0,0,0,0,0,0,0,0,0
482374,2,1,0,0,0,21,0,0,0,0,0,0
482375,0,1,0,0,0,0,0,0,0,0,0,0
482375,1,1,0,0,0,0,0,0,0,0,0,0
482376,1,1,0,0,0,0,0,0,0,0,0,0
482376,2,1,0,0,0,0,0,0,0,0,0,0
482377,1,1,0,0,0,27,0,0,0,0,0,14
482377,2,1,0,0,0,0,0,0,0,0,0,0
482378,1,1,0,0,0,14,22,0,0,0,0,0
482379,1,1,7,7,7,7,7,7,7,7,7,7
482380,0,1,0,30,0,0,0,3,17,0,0,0
482380,0,2,0,9,0,0,0,0,0,0,0,0
482380,1,1,9,9,9,9,9,9,9,9,9,9
482381,1,1,14,19,14,0,0,0,10,16,0,0
482382,0,1,0,0,0,0,0,9,0,0,0,0
482382,1,1,0,0,0,0,0,0,0,0,0,0
482383,0,1,0,0,0,0,0,0,0,0,0,0
482383,1,1,0,0,0,0,0,0,0,0,0,0
482384,1,1,0,0,0,0,21,0,0,0,0,0
482384,2,1,0,0,0,0,0,0,0,0,0,0
482385,0,1,0,0,0,0,0,0,0,0,0,0
482386,0,1,0,0,0,19,18,0,16,0,0,0
482386,1,1,0,0,0,0,20,0,0,20,0,0
482387,1,1,0,0,0,8,0,0,0,0,0,0
482387,2,1,0,0,0,0,0,0,0,0,0,0
482388,1,1,12,12,0,21,20,20,8,19,25,8
482389,1,1,16,16,16,16,16,16,16,16,16,16
482390,1,1,0,0,0,0,0,0,0,0,0,0
482390,2,1,0,0,0,0,0,0,0,0,18,0
482391,1,1,0,0,0,0,0,0,0,0,0,0
482391,2,1,0,0,0,0,24,21,12,22,5,0
482392,1,1,0,0,0,30,0,0,0,0,0,29
482392,2,1,0,10,0,0,0,0,0,0,28,0
482393,1,1,18,0,0,15,0,24,0,0,0,0
482394,0,1,11,11,11,11,11,11,11,11,11,11
482394,0,2,0,0,30,0,27,12,0,0,9,30
482394,1,1,0,0,0,18,0,0,24,11,24,0
482395,1,1,0,0,0,0,0,9,0,0,0,0
482395,2,1,0,0,12,0,0,0,0,0,0,0
482395,3,1,0,0,0,0,0,0,0,0,0,0
482396,1,1,12,12,12,12,12,12,12,12,12,12
482397,1,1,14,0,0,12,0,16,12,19,0,12
482398,1,1,0,7,26,0,11,22,0,33,6,7
482399,1,1,0,0,0,0,0,0,0,0,0,0
482399,2,1,0,0,0,0,0,0,49,0,0,0
482400,0,1,0,16,0,0,0,0,0,0,8,0
482400,1,1,0,9,12,20,7,0,0,0,13,23
482401,0,1,0,0,0,0,0,0,0,0,0,0
482401,1,1,0,0,0,0,0,0,23,0,0,0
482402,0,1,0,27,0,31,0,0,22,51,20,20