ST_CASE,VEH_NO,PER_NO,P1,P2,P3,P4,P5,P6,P7,P8,P9,P10
482402,1,1,0,15,9,0,0,0,7,24,0,0
482403,1,1,0,0,0,0,0,0,0,0,0,0
482403,2,1,0,0,0,0,0,0,10,0,0,0
482404,1,1,16,16,16,16,16,16,16,16,16,16
482405,1,1,8,0,0,0,25,14,0,10,2,0
482405,2,1,0,0,0,0,19,0,0,0,22,0
482406,1,1,0,0,0,0,0,0,0,0,0,0
482407,1,1,9,9,9,9,9,9,9,9,9,9
482408,1,1,23,0,20,0,21,10,0,0,13,0
482408,2,1,0,0,19,0,20,0,0,0,19,0
482409,1,1,0,0,0,16,0,0,0,0,0,0
482409,2,1,0,0,0,0,36,0,0,8,0,0
482410,1,1,0,0,0,0,0,0,0,0,0,0
482410,2,1,0,0,0,0,0,0,0,11,0,0
482411,1,1,15,22,0,0,0,0,0,0,0,6
482411,2,1,0,0,0,0,0,8,0,0,0,4
482412,0,1,0,0,0,0,0,0,0,0,0,0
482412,1,1,15,15,15,15,15,15,15,15,15,15
482413,0,1,16,16,16,16,16,16,16,16,16,16
482413,1,1,0,0,0,0,0,0,0,0,0,0
482414,1,1,0,17,0,7,18,14,0,0,0,0
482414,2,1,0,0,0,0,0,0,4,0,0,0
482415,1,1,25,0,15,28,11,23,16,12,13,5
482416,1,1,0,0,0,0,0,0,0,0,0,0
482416,2,1,19,29,0,19,5,9,0,4,0,0
482417,1,1,25,9,19,34,13,19,11,30,18,26
482418,1,1,26,26,26,26,26,26,26,26,26,26
482418,2,1,0,0,0,0,0,0,0,0,10,0
482419,0,1,0,0,0,0,0,0,0,0,0,0
482419,1,1,0,0,0,0,0,0,0,0,0,0
482420,1,1,14,6,18,6,21,0,13,24,0,0
482421,0,1,17,17,17,17,17,17,17,17,17,17
482421,1,1,0,0,0,0,0,0,0,0,0,0
482421,2,1,0,0,7,0,13,0,18,0,10,0
482422,1,1,18,14,12,21,35,23,0,0,16,15
482423,1,1,42,42,42,42,42,42,42,42,42,42
482423,2,1,0,0,15,17,0,0,0,0,0,0
482424,1,1,0,0,0,0,0,0,0,0,0,0
482424,2,1,6,6,6,6,6,6,6,6,6,6
482425,1,1,13,13,13,13,13,13,13,13,13,13
482426,1,1,0,0,0,0,0,0,0,0,0,0
482427,1,1,0,0,0,0,0,0,0,0,0,0
482427,2,1,0,0,16,0,0,0,0,0,0,0
482428,1,1,0,0,0,0,12,0,0,0,11,0
482429,0,1,0,0,0,16,0,0,0,0,0,0
482429,1,1,0,0,0,24,0,0,23,0,0,24
482430,1,1,0,0,0,0,0,0,0,0,0,0
482430,2,1,0,0,0,0,0,0,0,0,0,0
482431,0,1,27,27,27,27,27,27,27,27,27,27
482431,0,2,0,0,0,0,0,0,0,0,0,0
482431,1,1,0,0,0,21,0,12,0,0,0,0
482432,0,1,0,0,0,0,0,0,0,0,0,0
482432,1,1,0,0,18,0,0,0,0,0,0,0
482433,0,1,11,17,31,12,46,0,0,9,33,22
482433,1,1,40,0,0,0,0,0,0,0,0,0
482435,0,1,0,0,0,0,0,0,0,0,0,0
482435,1,1,11,10,11,0,2,9,0,15,0,10
482436,1,1,0,0,0,25,0,0,0,0,0,0
482436,2,1,0,0,0,0,0,0,0,0,0,0
482437,1,1,4,4,4,4,4,4,4,4,4,4
482437,2,1,0,0,18,0,11,8,0,0,0,16
482438,1,1,0,0,0,0,0,0,0,0,0,0
482438,2,1,0,0,0,0,0,0,0,0,0,0
482439,1,1,0,0,0,0,0,0,0,0,0,0
482439,2,1,0,0,0,0,0,0,0,0,0,0
482440,0,1,34,7,0,0,0,24,26,0,0,0
482440,1,1,15,0,0,33,0,0,0,22,0,0
482441,0,1,22,0,0,0,0,0,0,12,0,0
482441,1,1,0,4,20,26,0,11,33,29,0,0
482442,1,1,14,14,14,14,14,14,14,14,14,14
482442,2,1,0,0,0,0,32,0,0,0,0,0
482443,1,1,0,0,0,0,0,0,0,0,0,0
482444,1,1,19,19,19,19,19,19,19,19,19,19
482444,2,1,0,0,16,0,0,0,12,4,0,7
482445,1,1,0,0,0,0,0,0,0,0,0,0
482445,2,1,0,0,0,0,4,13,0,0,0,0
482446,1,1,0,0,0,0,0,0,0,0,0,0
482446,2,1,0,0,0,0,0,0,0,0,0,0
482447,1,1,24,24,24,24,24,24,24,24,24,24
482448,1,1,25,21,0,0,0,9,0,0,0,0
482448,2,1,22,22,22,22,22,22,22,22,22,22
482449,1,1,18,18,18,18,18,18,18,18,18,18
482449,2,1,16,0,0,0,0,24,0,0,35,0
482450,1,1,14,14,14,14,14,14,14,14,14,14
482451,1,1,24,24,24,24,24,24,24,24,24,24
482452,1,1,7,12,11,8,15,15,32,10,10,0
482452,2,1,0,0,21,0,6,16,0,0,12,10
482452,3,1,11,37,0,0,0,0,36,19,0,0
482453,1,1,0,0,0,0,0,16,0,0,0,0
482454,1,1,0,0,0,0,0,0,0,0,0,0
482455,1,1,0,0,0,0,0,0,0,0,0,0
482455,2,1,21,0,10,0,24,0,0,0,0,0
482456,1,1,15,15,15,15,15,15,15,15,15,15
482456,2,1,0,0,0,0,0,0,0,0,0,0
482457,1,1,0,0,0,0,0,0,0,0,0,0
482457,2,1,13,0,0,8,15,0,11,10,7,7
482458,1,1,0,0,0,0,13,0,0,16,17,0
482459,0,1,0,0,0,0,0,0,0,0,0,0
482459,1,1,0,0,13,0,9,0,14,0,3,13
482460,1,1,0,0,0,0,0,0,0,0,0,0
482460,2,1,0,0,0,0,0,0,0,0,7,0
482461,0,1,0,0,0,0,0,0,0,0,0,0
482461,1,1,0,0,8,26,0,0,0,0,0,26
482462,1,1,30,0,0,0,0,0,0,0,0,0
482463,0,1,0,0,0,0,0,0,0,0,0,0
482463,1,1,10,0,0,50,7,14,0,13,18,0
482464,0,1,0,0,0,0,0,0,0,0,0,0
482464,1,1,0,0,0,0,0,0,0,0,0,0
482465,0,1,0,0,22,0,0,0,0,11,0,0
482465,1,1,0,0,0,0,0,0,0,0,0,0
482466,1,1,0,0,41,25,10,0,0,0,31,0
482467,1,1,0,0,0,18,0,0,0,21,0,0
482467,2,1,0,0,0,0,17,0,0,0,0,28
482468,1,1,10,0,0,0,0,0,7,0,0,0
482468,2,1,0,0,0,0,0,0,0,0,0,0
482469,0,1,33,33,33,33,33,33,33,33,33,33
482469,1,1,20,15,0,25,0,23,0,0,0,0
482470,1,1,22,22,22,22,22,22,22,22,22,22
482471,0,1,0,0,0,0,0,0,0,0,0,0
482471,1,1,0,0,0,0,0,0,0,0,28,0
482472,1,1,27,27,27,27,27,27,27,27,27,27
482473,0,1,0,0,0,0,0,0,0,0,0,0
482473,1,1,14,0,0,15,0,0,19,36,0,0
482474,1,1,5,0,0,0,15,0,0,0,0,7
482474,2,1,0,0,0,0,0,0,0,0,0,0
482475,0,1,0,0,0,30,0,0,21,9,0,0
482475,1,1,0,15,0,0,18,25,4,0,0,0
482476,1,1,0,23,0,0,0,0,0,0,0,11
482476,2,1,0,0,0,0,0,0,0,0,0,0
482476,3,1,0,0,0,0,0,0,12,0,0,0
482477,1,1,0,0,14,0,0,10,0,0,0,0
482477,2,1,0,0,0,0,0,0,0,0,0,0
482478,0,1,25,25,25,25,25,25,25,25,25,25
482478,1,1,0,0,0,0,0,0,0,0,0,0
482479,1,1,0,0,0,4,0,0,0,0,0,0
482479,2,1,21,0,0,29,22,0,0,0,0,0
482480,1,1,0,0,0,0,0,0,0,21,0,0
482481,1,1,0,8,0,0,19,0,22,14,0,15
482482,0,1,0,0,26,25,0,0,6,0,0,0
482482,1,1,11,11,11,11,11,11,11,11,11,11
482482,2,1,28,0,0,31,0,0,0,19,13,2
482483,1,1,0,0,0,0,0,0,0,0,0,0
482484,0,1,13,13,13,13,13,13,13,13,13,13
482484,1,1,0,0,26,13,0,0,0,0,27,15
482485,1,1,13,13,13,13,13,13,13,13,13,13
482486,0,1,0,0,27,0,14,0,14,0,6,0
482486,1,1,0,0,0,0,0,0,0,0,0,15
482487,1,1,14,14,14,14,14,14,14,14,14,14
482488,1,1,10,10,10,10,10,10,10,10,10,10
482489,1,1,0,0,0,17,0,0,22,0,0,0
482490,1,1,5,0,0,15,20,0,0,8,0,0
482490,2,1,13,13,13,13,13,13,13,13,13,13
482491,1,1,0,0,25,0,0,0,0,0,0,27
482491,2,1,0,0,0,0,0,0,0,0,0,0
482492,1,1,18,18,18,18,18,18,18,18,18,18
482492,2,1,0,19,4,0,6,0,14,0,0,5
482493,1,1,0,0,0,0,0,0,0,0,0,0
482494,0,1,0,0,0,0,16,0,20,0,0,11
482494,1,1,0,0,0,0,24,0,0,14,0,0
482495,1,1,19,19,19,19,19,19,19,19,19,19
482496,0,1,19,19,19,19,19,19,19,19,19,19
482496,1,1,0,0,20,0,20,10,0,16,10,34
482497,0,1,0,0,0,0,0,0,0,0,0,0
482497,1,1,0,0,0,0,0,0,0,0,0,0
482498,1,1,0,0,0,0,0,0,0,34,0,4
482498,2,1,10,0,9,0,0,0,0,0,0,19
482499,0,1,0,0,0,14,25,0,0,0,0,0
482499,1,1,0,10,12,35,0,0,0,0,0,0
482500,1,1,19,31,10,37,23,15,40,9,17,19
482501,0,1,20,20,20,20,20,20,20,20,20,20
482501,1,1,36,9,0,0,0,0,40,33,12,21
482502,0,1,31,31,31,31,31,31,31,31,31,31
482502,1,1,14,7,0,0,0,16,0,5,5,0
482503,1,1,0,0,0,0,0,0,0,0,0,0
482504,1,1,0,0,2,0,0,0,0,0,0,0
482504,2,1,0,16,0,0,0,0,0,33,0,0
482505,1,1,0,0,19,13,14,0,0,0,0,23
482506,1,1,0,0,0,0,0,0,0,0,0,18
482506,2,1,0,0,0,0,0,0,0,0,0,0
482507,0,1,0,16,0,0,0,0,0,0,0,0
482507,1,1,0,0,26,22,0,28,0,0,0,38
482508,1,1,28,0,32,0,0,31,0,0,0,13
482509,1,1,13,14,28,12,8,21,35,35,34,20
482510,0,1,24,24,24,24,24,24,24,24,24,24
482510,1,1,0,0,0,0,0,0,0,0,0,0
482511,0,1,0,0,0,0,0,0,0,0,0,0
482511,1,1,0,0,0,4,13,0,0,0,14,6
482511,2,1,15,0,16,0,0,4,38,12,0,0
482512,0,1,26,0,0,0,0,0,0,0,0,0
482512,1,1,0,0,0,0,0,0,0,0,0,0
482512,2,1,0,0,0,0,0,0,0,0,0,0
482513,1,1,22,0,0,18,21,9,0,0,0,16
482514,0,1,23,0,0,0,16,21,0,30,13,20
482514,1,1,14,31,0,3,21,17,0,0,6,17
482515,1,1,0,34,10,0,4,0,17,0,0,13
482516,1,1,0,0,0,0,0,0,0,0,0,0
482516,2,1,0,0,0,0,0,0,0,0,0,0
482517,1,1,0,0,0,0,0,0,0,0,0,0
482517,2,1,25,0,0,0,0,0,0,0,0,0
482518,1,1,0,20,0,14,0,0,0,14,0,0
482518,2,1,0,0,0,0,0,0,0,0,0,0
482518,3,1,0,0,0,0,0,0,0,0,0,35
482518,4,1,9,0,0,0,4,5,9,0,25,0
482519,1,1,0,0,0,0,0,0,0,0,0,0
482519,2,1,0,0,0,0,0,0,0,0,0,0
482520,0,1,10,10,10,10,10,10,10,10,10,10
482520,1,1,0,24,0,0,0,21,0,0,0,0
482520,2,1,0,23,1,0,17,29,14,9,17,0
482521,1,1,0,10,0,11,0,28,0,27,2,0
482521,2,1,0,0,8,0,0,0,0,28,20,0
482522,1,1,0,0,25,0,0,4,5,0,0,0
482523,1,1,0,0,0,0,0,0,0,0,0,0
482524,1,1,16,16,16,16,16,16,16,16,16,16
482525,1,1,0,34,0,0,0,0,0,0,0,0
482525,2,1,0,0,0,0,0,0,0,0,0,0
482526,0,1,0,0,9,0,0,30,9,0,17,0
482526,1,1,0,0,8,13,0,0,0,0,11,17
482526,2,1,12,0,0,13,0,0,0,19,12,0
482527,1,1,0,0,0,0,0,0,0,0,0,0
482527,2,1,0,15,0,0,0,0,0,0,0,0
482528,1,1,0,0,0,0,0,0,0,0,0,0
482529,1,1,0,0,0,0,0,0,0,0,0,0
482529,2,1,0,0,0,0,0,0,0,0,0,0
482529,3,1,0,0,0,0,0,0,0,0,0,0
482530,1,1,0,0,0,0,0,0,0,0,0,0
482530,2,1,0,16,0,0,0,0,0,0,0,0
482531,1,1,0,0,16,18,0,0,22,0,0,17
482531,2,1,0,0,0,0,0,0,6,9,0,15
482531,3,1,0,0,0,0,0,0,0,16,0,0
482532,1,1,0,0,0,30,0,0,0,0,0,0
482532,2,1,0,0,0,0,0,0,0,0,0,0
482533,1,1,0,0,0,8,0,0,0,0,7,11
482533,2,1,0,0,12,0,0,0,9,0,0,0
482534,1,1,0,0,0,0,0,0,0,0,0,0
482534,2,1,0,18,0,0,0,0,0,0,0,0
482535,1,1,9,9,9,9,9,9,9,9,9,9
482536,1,1,0,0,0,0,0,0,0,0,8,0
482536,2,1,0,0,0,0,0,0,0,0,0,0
482537,1,1,0,0,0,0,0,0,0,0,0,0
482537,2,1,1,1,1,1,1,1,1,1,1,1
482538,1,1,0,0,0,0,0,0,0,0,0,0
482539,1,1,26,0,0,25,21,0,25,16,0,6
482540,0,1,20,20,20,20,20,20,20,20,20,20
482540,1,1,0,0,0,0,0,0,12,0,0,0
482541,1,1,0,0,13,0,17,12,0,0,0,0
482542,1,1,19,0,0,9,0,0,0,0,16,0
482543,1,1,0,0,9,0,15,14,0,0,0,0
482543,2,1,7,28,20,3,0,0,0,0,5,7
482544,1,1,14,14,14,14,14,14,14,14,14,14
482545,0,1,5,5,5,5,5,5,5,5,5,5
482545,1,1,14,14,14,14,14,14,14,14,14,14
482546,1,1,0,0,0,13,0,0,0,0,18,21
482546,2,1,0,56,0,33,0,23,13,0,0,6
482547,1,1,19,19,19,19,19,19,19,19,19,19
482547,2,1,13,13,13,13,13,13,13,13,13,13
482548,1,1,18,18,18,18,18,18,18,18,18,18
482548,2,1,0,17,0,0,0,0,0,0,0,0
482548,3,1,6,0,0,0,0,18,0,0,0,0
482549,1,1,0,0,0,11,0,0,0,0,0,30
482549,2,1,0,0,0,0,0,11,0,19,25,0
482550,1,1,16,16,16,16,16,16,16,16,16,16
482551,1,1,15,15,15,15,15,15,15,15,15,15
482551,2,1,0,0,12,0,0,0,0,0,0,0
482552,1,1,0,13,9,15,0,0,14,8,19,12
482553,1,1,1,1,1,1,1,1,1,1,1,1
482553,2,1,0,0,0,0,0,0,0,0,0,0
482554,1,1,0,0,0,0,0,0,0,0,0,0
482555,1,1,0,0,0,0,0,0,0,0,0,0
482555,2,1,0,0,0,0,0,0,0,0,0,40
482556,1,1,0,0,0,0,0,0,0,0,0,0
482556,2,1,0,0,0,0,0,0,0,0,0,0
482557,0,1,15,15,15,15,15,15,15,15,15,15
482557,1,1,0,0,0,0,2,0,0,0,0,0
482557,2,1,0,15,0,0,0,0,0,16,0,0
482558,1,1,0,0,7,0,0,4,0,0,5,0
482558,2,1,0,0,0,0,0,6,0,0,0,0
482559,1,1,22,19,30,8,6,8,33,11,6,17
482559,2,1,0,0,19,6,0,0,0,0,7,14
482560,1,1,0,0,0,0,0,0,0,0,0,0
482561,1,1,15,41,0,23,0,0,0,14,0,0
482561,2,1,0,0,0,0,0,0,0,0,0,0
482561,3,1,16,0,18,0,0,8,12,0,0,0
482561,4,1,0,0,0,0,0,0,18,0,0,0
482561,5,1,0,0,0,0,19,0,0,0,0,0
482561,6,1,0,0,0,0,18,0,0,37,28,0
482561,7,1,0,0,0,4,0,0,24,0,0,0
482562,1,1,26,26,26,26,26,26,26,26,26,26
482563,1,1,11,11,11,11,11,11,11,11,11,11
482563,2,1,0,0,0,4,17,0,29,0,15,0
482564,1,1,0,0,0,0,0,0,0,0,0,0
482565,1,1,0,0,0,0,0,0,0,0,0,0
482565,2,1,0,7,21,0,0,0,0,0,0,0
482566,0,1,0,0,0,0,0,0,0,0,0,0
482566,1,1,0,30,0,0,0,0,23,0,0,0
482567,1,1,0,0,0,0,0,0,0,0,0,0
482567,2,1,0,0,0,0,0,0,0,0,0,0
482568,1,1,19,19,19,19,19,19,19,19,19,19
482569,1,1,0,0,0,0,0,0,0,9,0,0
482569,2,1,0,0,0,0,0,0,0,0,0,0
482570,1,1,3,15,0,14,12,0,4,17,19,5
482570,2,1,0,0,0,0,0,0,0,0,0,0
482571,0,1,0,0,0,0,0,0,0,0,0,0
482571,0,2,0,0,0,0,0,0,4,0,0,0
482571,1,1,0,0,0,0,0,0,0,0,0,0
482572,1,1,3,3,3,3,3,3,3,3,3,3
482573,1,1,2,2,2,2,2,2,2,2,2,2
482574,1,1,0,0,0,0,0,0,0,0,0,0
482574,2,1,0,0,0,0,0,0,0,0,0,0
482575,1,1,16,16,16,16,16,16,16,16,16,16
482576,1,1,15,15,15,15,15,15,15,15,15,15
482576,2,1,8,8,8,8,8,8,8,8,8,8
482577,0,1,11,11,11,11,11,11,11,11,11,11
482577,1,1,0,0,0,0,0,0,0,0,0,0
482577,2,1,0,9,0,0,0,0,0,7,0,0
482578,1,1,0,13,0,0,0,0,7,5,0,0
482578,2,1,0,0,0,0,0,0,0,0,0,0
482579,0,1,0,0,0,0,0,0,0,0,0,0
482579,1,1,13,23,0,0,0,18,0,19,0,0
482580,1,1,25,25,25,25,25,25,25,25,25,25
482580,2,1,20,0,19,37,0,12,0,0,0,0
482580,3,1,0,0,0,2,20,17,0,0,0,9
482581,1,1,9,0,0,0,0,0,7,0,16,0
482581,2,1,0,0,0,0,0,0,0,0,0,0
482582,1,1,0,0,0,0,0,0,0,0,0,0
482582,2,1,11,14,8,20,0,0,0,0,0,0
482583,1,1,0,0,0,0,0,0,0,16,0,0
482583,2,1,0,0,0,0,0,20,0,0,17,0
482584,1,1,11,19,18,14,0,0,0,0,19,30
482585,1,1,0,12,0,14,0,0,0,0,0,0
482585,2,1,0,7,0,0,23,0,0,0,0,0
482587,1,1,21,33,14,29,10,17,23,9,22,22
482588,1,1,0,0,0,0,0,0,0,0,0,0
482588,2,1,0,0,0,0,0,15,0,0,10,0
482589,1,1,0,0,0,0,0,0,0,0,0,12
482589,2,1,0,0,0,0,0,0,0,0,0,0
482590,1,1,0,0,0,0,0,0,0,0,0,0
482590,2,1,18,0,0,27,0,0,0,0,0,16
482591,1,1,20,20,20,20,20,20,20,20,20,20
482592,1,1,0,0,14,0,0,25,10,0,17,0
482592,2,1,0,0,0,0,0,0,0,0,0,0
482593,0,1,0,9,9,0,0,17,23,0,37,27
482593,1,1,0,0,0,0,0,0,0,0,0,0
482594,1,1,0,22,0,0,0,0,0,0,0,0
482594,2,1,0,0,0,0,0,13,0,0,0,0
482595,0,1,0,8,12,11,17,0,17,14,14,0
482595,0,2,0,17,0,24,0,22,0,0,0,16
482595,1,1,16,16,16,16,16,16,16,16,16,16
482596,0,1,23,23,23,23,23,23,23,23,23,23
482596,1,1,6,8,38,0,13,0,25,0,0,0
482597,1,1,0,18,0,0,0,25,0,19,0,4
482598,0,1,17,17,17,17,17,17,17,17,17,17
482598,1,1,16,11,0,0,14,0,11,10,0,12
482599,0,1,26,26,26,26,26,26,26,26,26,26
482599,1,1,0,0,0,25,0,0,0,0,0,0
482600,0,1,0,0,0,0,0,0,0,0,0,0
482600,1,1,0,0,19,19,5,0,0,0,0,0
482601,1,1,0,0,0,0,15,8,12,0,0,26
482601,2,1,0,0,0,0,0,0,41,0,0,0
482601,3,1,0,0,0,0,0,0,16,0,8,0
482602,1,1,0,0,0,19,0,0,0,0,0,0
482602,2,1,10,11,0,0,0,21,0,0,0,0
482603,1,1,14,8,14,20,50,0,0,14,6,11
482604,1,1,0,0,13,21,19,0,0,7,24,0
482605,0,1,32,23,0,20,0,0,14,0,0,24
482605,1,1,0,0,17,0,0,31,0,0,0,30
482606,1,1,0,0,0,0,0,0,0,0,0,0
482607,1,1,24,24,24,24,24,24,24,24,24,24
482607,2,1,0,0,0,0,0,0,0,0,0,0
482607,3,1,15,0,11,0,0,0,0,10,0,0
482608,1,1,0,0,0,0,0,0,0,0,0,0
482610,1,1,0,0,0,0,0,0,34,0,0,0
482610,2,1,0,0,0,0,0,0,0,0,0,0
482610,3,1,0,0,0,0,8,0,0,0,0,0
482610,4,1,0,12,0,0,0,0,0,15,0,0
482611,0,1,0,0,0,0,0,0,0,0,0,0
482611,1,1,0,0,0,0,0,0,0,0,0,0
482612,0,1,0,0,0,0,0,0,0,0,0,0
482612,1,1,0,12,10,10,16,0,7,7,0,8
482613,2,1,13,33,0,14,10,0,0,22,0,0
482614,1,1,0,16,0,23,0,12,33,24,0,0
482614,2,1,10,10,10,10,10,10,10,10,10,10
482615,0,1,0,0,18,27,0,0,25,0,0,0
482615,1,1,2,20,31,21,0,0,39,0,0,31
482616,1,1,0,0,0,0,0,0,0,0,0,0
482616,2,1,0,0,0,0,0,0,0,0,0,0
482617,1,1,0,0,0,0,0,0,0,0,0,0
482618,1,1,0,0,0,0,0,12,0,0,0,0
482618,2,1,0,0,0,0,0,0,0,0,0,0
482619,1,1,0,0,0,0,0,0,0,8,0,0
482620,1,1,28,18,0,0,13,0,20,13,0,3
482620,2,1,0,3,0,10,23,0,17,11,0,0
482621,1,1,15,16,0,0,16,0,7,0,20,30
482623,1,1,0,0,0,0,0,0,0,0,0,0
482623,2,1,0,12,0,5,0,0,0,0,0,0
482624,1,1,0,0,0,0,0,0,0,0,0,0
482625,1,1,0,0,0,24,0,0,0,0,0,0
482626,1,1,0,0,0,0,0,0,0,0,0,0
482626,2,1,0,0,0,5,0,0,20,0,6,0
482627,1,1,17,17,17,17,17,17,17,17,17,17
482628,0,1,0,0,0,0,0,0,0,0,0,0
482628,1,1,17,17,17,17,17,17,17,17,17,17
482628,3,1,35,0,0,0,21,7,0,0,0,0
482629,1,1,18,0,0,0,0,12,0,0,0,8
482629,2,1,0,0,0,0,0,0,0,0,21,0
482630,1,1,0,0,0,0,0,0,0,0,0,0
482630,2,1,16,0,20,5,5,34,12,13,14,0
482631,1,1,13,13,13,13,13,13,13,13,13,13
482632,1,1,0,0,0,0,0,0,0,0,0,8
482632,2,1,0,0,0,0,15,0,0,0,11,0
482632,3,1,20,0,15,0,0,11,11,0,30,7
482632,4,1,0,0,0,14,15,0,16,0,0,0
482632,5,1,0,0,0,0,0,0,51,0,0,0
482633,0,1,0,0,0,0,0,0,0,0,0,0
482633,1,1,10,0,0,0,0,0,0,0,0,0
482634,1,1,14,40,17,10,29,13,8,25,13,25
482635,0,1,5,5,5,5,5,5,5,5,5,5
482635,1,1,35,15,0,0,0,0,0,0,12,24
482636,1,1,0,0,0,0,0,0,0,0,0,0
482637,1,1,25,0,0,0,0,12,19,9,0,0
482638,1,1,0,0,12,0,0,0,0,0,0,26
482639,0,1,0,0,0,0,0,0,0,0,18,0
482639,1,1,21,0,0,30,0,19,0,0,25,0
482640,1,1,27,8,26,0,6,19,20,12,0,0
482641,1,1,0,0,0,29,0,0,26,0,25,0
482642,1,1,0,0,0,0,0,0,0,0,0,0
482642,2,1,0,0,0,0,0,0,0,0,0,0
482644,1,1,0,15,0,20,16,0,0,0,0,0
482645,1,1,0,4,0,0,0,0,0,8,0,0
482645,2,1,0,25,0,15,0,0,0,0,0,0
482646,1,1,0,0,0,0,13,0,0,0,0,0
482646,2,1,0,0,0,0,0,0,0,0,11,0
482647,1,1,0,0,0,18,0,0,0,0,0,0
482647,2,1,0,0,0,25,0,0,0,0,37,14
482648,1,1,0,0,0,0,0,0,0,0,0,0
482648,2,1,21,0,0,0,0,0,0,0,0,0
482648,3,1,0,0,0,0,0,0,0,0,0,0
482648,4,1,0,0,0,0,0,0,0,0,0,0
482648,5,1,27,0,0,0,0,0,0,0,0,0
482649,0,1,0,0,14,0,0,0,0,0,0,0
482649,0,2,0,0,0,0,0,0,0,0,0,0
482649,1,1,0,0,0,0,0,0,0,0,0,14
482650,1,1,0,0,0,0,0,0,0,0,0,0
482650,2,1,0,0,0,0,0,0,0,0,0,14
482651,0,1,34,34,34,34,34,34,34,34,34,34
482651,1,1,14,12,0,23,0,0,0,0,0,0
482652,1,1,0,0,0,0,0,0,0,0,0,0
482652,2,1,14,0,0,29,0,0,0,0,8,0
482653,1,1,0,0,0,0,0,0,18,0,17,15
482654,1,1,0,0,0,0,0,0,0,0,0,0
482655,1,1,0,0,0,0,0,0,0,0,0,0
482656,1,1,0,0,0,0,0,0,15,0,0,0
482656,2,1,0,0,0,0,0,0,0,0,0,0
482657,1,1,0,0,0,53,0,9,0,0,0,0
482657,2,1,30,11,0,0,0,29,0,0,0,0
482658,1,1,13,13,13,13,13,13,13,13,13,13
482658,2,1,0,0,0,0,0,0,0,0,0,0
482658,3,1,0,0,0,0,0,0,0,0,0,0
482658,4,1,0,0,0,0,0,0,0,0,0,0
482659,0,1,0,0,0,0,0,0,0,0,0,0
482659,1,1,0,0,13,8,5,0,0,0,0,0
482659,2,1,0,27,0,0,7,0,0,23,0,0
482660,1,1,11,11,11,11,11,11,11,11,11,11
482661,1,1,0,0,0,0,0,0,0,0,8,0
482661,2,1,4,4,4,4,4,4,4,4,4,4
482662,1,1,0,0,0,0,0,0,22,0,0,0
482662,2,1,0,0,0,0,0,0,0,0,0,0
482663,1,1,22,22,22,22,22,22,22,22,22,22
482663,2,1,9,9,9,9,9,9,9,9,9,9
482664,1,1,0,0,0,0,0,13,0,0,0,0
482664,2,1,0,0,0,15,0,0,0,0,0,0
482665,1,1,15,0,0,0,0,0,0,0,0,0
482666,1,1,16,16,16,16,16,16,16,16,16,16
482666,2,1,0,0,0,0,11,4,0,9,0,6
482667,1,1,19,28,21,0,0,0,14,9,13,0
482668,1,1,15,15,15,15,15,15,15,15,15,15
482669,1,1,10,10,10,10,10,10,10,10,10,10
482669,2,1,29,29,29,29,29,29,29,29,29,29
482670,0,1,8,8,8,8,8,8,8,8,8,8
482670,1,1,7,13,12,19,0,0,36,16,2,3
482671,1,1,0,0,15,0,0,0,0,12,14,0
482671,2,1,0,0,0,0,0,0,0,22,13,0
482672,1,1,0,0,0,44,0,0,0,0,0,0
482672,2,1,0,0,0,24,0,0,0,0,0,0
482673,1,1,12,12,12,12,12,12,12,12,12,12
482673,2,1,0,0,0,0,0,0,0,14,24,0
482674,0,1,0,13,0,15,36,0,23,0,0,9
482674,1,1,0,0,0,0,0,0,0,26,0,0
482675,0,1,0,0,31,8,17,20,0,18,22,19
482675,1,1,0,0,26,0,12,0,0,0,10,35
482676,1,1,0,0,0,0,0,0,0,0,0,0
482677,1,1,0,0,0,13,0,0,0,0,0,0
482678,0,1,0,0,0,0,0,0,0,0,0,0
482678,1,1,0,0,0,0,0,0,10,31,0,0
482679,1,1,0,0,0,0,0,0,0,0,0,0
482680,1,1,0,18,0,0,0,0,0,20,0,0
482680,2,1,0,0,0,0,0,0,0,0,0,0
482681,1,1,21,21,21,21,21,21,21,21,21,21