ST_CASE,VEH_NO,PER_NO,P1,P2,P3,P4,P5,P6,P7,P8,P9,P10
482682,0,1,0,0,0,0,0,0,0,0,0,0
482682,1,1,22,0,0,28,0,0,0,0,0,0
482683,1,1,0,0,0,0,0,0,0,0,0,0
482683,2,1,19,12,0,0,0,0,0,0,0,0
482684,0,1,0,0,0,0,0,0,0,0,0,28
482684,1,1,0,0,0,0,0,0,0,0,0,0
482685,1,1,22,22,22,22,22,22,22,22,22,22
482686,1,1,0,0,0,0,13,0,0,0,0,0
482686,2,1,0,0,0,0,0,0,0,0,0,0
482687,0,1,10,0,0,14,26,0,0,3,0,0
482687,1,1,16,10,0,9,20,0,0,18,0,20
482688,1,1,17,17,17,17,17,17,17,17,17,17
482688,2,1,30,11,0,24,0,0,0,7,9,10
482688,3,1,0,0,0,24,0,0,15,0,0,13
482689,0,1,18,18,18,18,18,18,18,18,18,18
482689,1,1,0,9,10,20,19,11,8,4,16,0
482690,1,1,16,16,16,16,16,16,16,16,16,16
482691,1,1,21,21,21,21,21,21,21,21,21,21
482691,2,1,0,13,13,0,19,13,0,0,0,0
482692,1,1,12,12,12,12,12,12,12,12,12,12
482692,2,1,3,0,0,0,10,0,0,0,0,0
482693,1,1,19,19,19,19,19,19,19,19,19,19
482693,2,1,0,0,0,0,0,0,0,0,0,0
482694,0,1,19,19,19,19,19,19,19,19,19,19
482694,1,1,13,0,0,0,0,0,0,0,26,27
482696,1,1,19,35,0,19,0,0,0,0,18,0
482697,1,1,0,0,0,0,0,0,0,0,0,0
482697,2,1,17,0,0,21,0,0,0,0,0,0
482698,1,1,48,0,21,26,13,18,0,0,11,28
482699,1,1,26,0,13,0,0,0,0,0,0,0
482699,2,1,6,0,0,0,0,0,0,14,0,8
482699,3,1,0,0,0,0,6,0,0,0,0,23
482700,1,1,0,0,0,0,0,0,0,0,29,0
482701,0,1,0,0,0,0,0,0,30,0,0,21
482701,1,1,12,0,0,0,0,36,0,11,0,0
482702,1,1,0,0,0,8,0,0,0,25,0,0
482702,2,1,0,0,0,0,0,0,0,0,0,0
482703,1,1,20,20,20,20,20,20,20,20,20,20
482704,1,1,32,0,0,0,13,0,0,14,0,17
482704,2,1,7,0,0,0,0,14,0,0,0,0
482705,1,1,0,0,0,0,0,0,0,0,0,0
482705,2,1,8,10,21,0,0,20,34,24,0,0
482706,1,1,0,0,0,0,8,0,0,16,0,19
482706,2,1,5,0,0,8,0,0,19,0,0,0
482707,1,1,0,10,33,0,23,8,12,0,0,11
482708,1,1,0,0,0,9,0,0,0,0,0,0
482708,2,1,0,20,0,0,0,0,0,0,0,0
482708,3,1,0,0,0,0,0,13,0,0,0,0
482709,1,1,0,0,0,0,0,0,0,0,0,0
482709,2,1,26,0,25,32,0,15,0,14,0,0
482710,1,1,0,23,0,0,0,0,0,0,0,0
482711,1,1,0,0,0,0,0,0,0,0,0,0
482711,2,1,0,0,0,0,0,0,0,0,0,0
482712,1,1,0,7,0,15,22,0,0,0,26,29
482712,2,1,0,0,0,0,0,0,0,0,0,0
482713,1,1,0,0,0,0,0,0,0,0,0,0
482713,2,1,22,0,0,19,14,0,0,0,0,0
482714,1,1,4,4,4,4,4,4,4,4,4,4
482714,2,1,0,0,0,0,0,0,0,0,0,0
482714,3,1,0,0,0,0,0,0,0,0,0,0
482715,1,1,0,9,23,0,0,0,12,11,25,12
482716,1,1,0,0,0,0,12,0,0,0,0,0
482716,2,1,0,0,0,7,0,25,0,0,0,0
482717,1,1,25,16,0,39,17,7,9,27,10,18
482718,1,1,0,0,0,19,0,22,0,0,0,0
482718,2,1,0,17,0,25,0,0,0,0,0,0
482718,3,1,0,0,0,0,20,18,27,0,0,0
482719,1,1,14,14,14,14,14,14,14,14,14,14
482720,1,1,16,16,16,16,16,16,16,16,16,16
482721,1,1,0,0,0,0,0,0,0,0,0,0
482721,2,1,0,0,0,0,0,0,0,0,0,0
482722,0,1,0,0,0,0,0,0,0,0,0,0
482722,0,2,35,19,0,33,0,0,20,0,37,0
482722,1,1,23,0,0,0,7,0,11,15,0,0
482723,1,1,0,0,18,0,34,12,0,0,0,0
482724,1,1,23,23,23,23,23,23,23,23,23,23
482725,1,1,16,0,13,0,0,12,0,0,0,0
482726,1,1,0,0,0,0,0,0,0,0,0,0
482727,0,1,0,0,0,0,0,0,0,0,0,0
482727,1,1,0,0,0,0,0,0,0,0,0,0
482728,1,1,23,0,8,0,0,0,0,0,0,0
482729,1,1,0,29,0,23,29,0,0,0,19,0
482730,1,1,18,18,18,18,18,18,18,18,18,18
482731,1,1,0,0,0,0,0,0,0,0,0,10
482731,2,1,35,0,0,0,0,0,0,0,16,0
482732,1,1,0,0,0,14,0,0,0,3,0,0
482732,2,1,0,0,0,22,0,0,0,16,0,0
482733,1,1,0,0,0,0,0,0,0,0,0,0
482734,1,1,16,16,16,16,16,16,16,16,16,16
482735,1,1,24,24,24,24,24,24,24,24,24,24
482736,1,1,20,5,0,13,0,0,0,0,0,0
482736,2,1,0,0,0,0,0,0,0,0,0,0
482736,3,1,0,0,0,0,0,0,0,0,0,0
482737,0,1,20,20,20,20,20,20,20,20,20,20
482737,1,1,0,17,0,0,7,0,0,11,7,11
482738,1,1,0,0,0,20,0,0,0,0,0,0
482739,1,1,0,15,0,0,0,0,0,0,8,0
482739,2,1,0,11,0,0,0,19,28,0,0,0
482740,1,1,0,0,0,0,0,0,0,0,0,0
482741,1,1,0,0,0,0,0,0,0,0,0,0
482742,1,1,0,0,0,0,0,0,0,0,0,0
482742,2,1,8,8,8,8,8,8,8,8,8,8
482743,0,1,0,0,0,12,0,25,0,9,0,15
482743,1,1,0,0,0,0,0,0,15,0,0,0
482744,1,1,0,0,0,0,0,0,0,0,0,0
482745,0,1,0,0,15,0,11,8,0,19,0,30
482745,1,1,0,0,18,0,2,0,0,0,0,0
482745,2,1,16,19,0,27,0,0,22,17,0,0
482746,1,1,18,18,18,18,18,18,18,18,18,18
482746,2,1,0,0,17,0,8,10,0,0,0,0
482747,1,1,16,16,16,16,16,16,16,16,16,16
482747,2,1,0,9,0,3,0,9,0,0,26,0
482747,3,1,0,0,0,0,40,0,0,0,0,15
482748,1,1,0,0,0,0,27,0,0,0,0,0
482749,1,1,4,0,0,0,0,0,0,0,17,0
482749,2,1,0,0,0,0,0,0,0,0,0,0
482749,3,1,0,0,0,0,0,0,0,0,0,0
482750,1,1,0,0,0,0,0,0,0,0,0,0
482751,1,1,0,7,0,0,0,17,0,0,15,0
482751,2,1,0,0,0,0,0,0,0,0,0,0
482752,1,1,0,0,0,0,21,0,0,0,0,0
482753,0,1,1,1,1,1,1,1,1,1,1,1
482753,1,1,26,0,0,28,0,20,0,9,0,0
482754,1,1,0,0,0,0,0,0,0,0,0,0
482754,2,1,14,14,14,14,14,14,14,14,14,14
482754,3,1,25,0,0,0,0,0,0,0,0,0
482755,1,1,0,0,5,18,0,0,0,0,0,0
482756,1,1,0,0,0,0,0,0,0,0,0,0
482757,0,1,0,0,25,0,21,0,0,0,6,0
482757,1,1,0,0,0,19,0,0,0,0,0,0
482758,1,1,0,19,0,11,0,21,0,0,0,16
482758,2,1,4,0,0,0,0,0,0,0,0,0
482759,1,1,0,0,0,0,0,0,0,0,0,0
482759,2,1,0,23,0,30,0,0,0,0,0,0
482760,1,1,0,0,0,7,0,0,0,0,0,0
482760,2,1,0,10,29,17,0,0,0,23,0,0
482762,1,1,0,0,0,8,8,0,0,11,0,10
482762,2,1,0,0,7,0,15,0,0,0,0,0
482763,1,1,0,0,13,16,21,0,0,8,0,0
482764,1,1,0,0,0,0,0,0,0,0,0,0
482764,2,1,14,0,0,0,0,0,11,0,0,0
482765,1,1,14,14,14,14,14,14,14,14,14,14
482766,1,1,0,0,0,15,0,0,0,8,0,0
482766,2,1,0,0,0,0,0,0,0,0,0,0
482766,3,1,0,0,0,0,0,0,0,0,3,0
482767,0,1,0,31,21,17,0,0,0,0,0,0
482767,1,1,1,1,1,1,1,1,1,1,1,1
482768,0,1,0,0,23,0,0,18,0,0,0,0
482768,1,1,0,0,0,10,0,0,8,0,0,0
482769,1,1,0,23,0,0,0,14,0,5,0,0
482769,2,1,0,0,0,0,0,0,0,0,0,0
482770,1,1,0,12,0,0,0,0,0,0,0,0
482770,2,1,0,0,7,0,0,0,0,0,0,0
482771,1,1,0,0,0,0,0,0,0,0,0,0
482773,0,1,0,0,19,0,0,26,0,0,0,15
482773,1,1,8,0,0,0,20,0,22,0,0,0
482774,0,1,7,7,7,7,7,7,7,7,7,7
482774,1,1,0,0,0,0,0,0,0,0,0,0
482775,0,1,0,17,0,0,10,0,0,0,0,0
482775,1,1,6,17,0,0,15,14,14,24,7,8
482776,1,1,11,23,11,22,31,21,15,0,19,10
482776,2,1,26,0,0,0,12,0,17,0,0,0
482777,1,1,0,0,0,0,0,0,0,0,0,0
482777,2,1,0,0,0,0,0,0,0,0,17,0
482778,0,1,0,0,0,14,18,13,0,0,23,0
482778,1,1,0,0,0,0,0,0,0,0,0,0
482778,2,1,0,0,0,0,0,0,2,0,25,0
482779,1,1,2,2,2,2,2,2,2,2,2,2
482780,1,1,37,0,0,0,0,0,0,14,0,0
482780,2,1,0,0,0,0,0,0,0,0,0,0
482781,1,1,21,28,12,0,0,11,0,0,0,15
482782,1,1,0,0,12,0,0,0,0,0,2,0
482782,2,1,21,21,21,21,21,21,21,21,21,21
482783,1,1,0,0,0,0,24,16,0,0,0,0
482784,1,1,0,25,0,0,0,0,9,0,0,0
482784,2,1,0,0,0,0,0,0,0,0,0,0
482785,1,1,24,24,24,24,24,24,24,24,24,24
482785,2,1,0,0,21,0,0,0,0,12,0,9
482786,0,1,31,31,31,31,31,31,31,31,31,31
482786,1,1,8,16,23,14,22,0,0,12,0,0
482787,0,1,0,0,0,0,0,0,0,0,0,0
482787,1,1,0,0,0,0,0,0,0,0,0,0
482788,1,1,0,0,0,8,0,50,11,0,0,0
482789,1,1,0,0,0,0,0,0,0,0,0,0
482789,2,1,5,11,0,0,0,0,0,0,0,0
482790,1,1,0,0,0,0,0,0,0,0,0,0
482791,0,1,21,21,21,21,21,21,21,21,21,21
482791,1,1,33,0,18,0,23,0,19,0,0,0
482792,0,1,0,0,0,33,45,19,0,0,8,34
482792,0,2,8,8,8,8,8,8,8,8,8,8
482792,1,1,5,5,5,5,5,5,5,5,5,5
482793,0,1,0,0,31,31,36,0,0,43,29,15
482793,1,1,35,10,0,0,11,0,24,0,29,0
482795,1,1,0,0,0,0,0,0,0,0,0,0
482795,2,1,0,16,12,18,0,13,0,0,0,0
482796,1,1,0,0,23,5,8,32,9,12,0,8
482796,6,1,19,24,0,14,22,0,0,0,0,3
482797,1,1,0,0,12,20,0,24,0,9,16,9
482798,1,1,0,0,0,0,0,0,0,0,0,0
482798,2,1,0,23,0,0,0,0,17,0,0,0
482799,1,1,23,33,0,15,11,9,0,9,26,7
482800,0,1,0,0,0,0,0,0,0,0,0,0
482800,1,1,0,25,0,0,9,0,17,0,14,0
482801,1,1,10,10,10,10,10,10,10,10,10,10
482802,0,1,10,10,10,10,10,10,10,10,10,10
482802,1,1,20,0,0,0,29,0,0,0,6,17
482803,1,1,13,13,13,13,13,13,13,13,13,13
482804,1,1,0,0,0,0,7,12,14,0,14,27
482804,2,1,0,0,0,25,12,0,0,0,0,0
482805,1,1,19,19,19,19,19,19,19,19,19,19
482805,2,1,20,0,6,0,0,11,0,0,16,0
482806,1,1,17,17,17,17,17,17,17,17,17,17
482806,2,1,0,0,0,0,0,0,0,0,11,0
482806,3,1,0,9,0,34,0,0,0,0,0,0
482807,1,1,0,0,0,0,0,0,0,0,0,8
482807,2,1,5,5,5,5,5,5,5,5,5,5
482808,1,1,16,10,0,0,8,13,0,20,0,0
482809,1,1,11,16,13,33,0,6,4,10,12,4
482810,1,1,0,0,0,0,0,0,0,14,0,0
482810,2,1,0,34,0,0,0,0,0,0,18,0
482810,3,1,0,0,3,17,0,11,0,0,1,0
482811,0,1,0,0,0,0,0,0,0,0,0,0
482811,1,1,23,22,0,0,23,24,0,25,0,0
482812,1,1,0,0,0,0,0,0,0,0,0,0
482813,1,1,0,0,17,3,19,0,0,0,0,0
482813,2,1,0,0,0,0,0,11,0,0,0,0
482814,1,1,22,22,22,22,22,22,22,22,22,22
482815,0,1,0,0,0,0,0,0,0,0,20,0
482815,1,1,0,0,0,4,0,17,0,0,0,0
482815,2,1,0,0,15,0,0,0,0,17,0,0
482817,1,1,0,0,0,0,0,0,0,0,0,0
482817,2,1,0,0,0,0,0,0,0,0,0,0
482817,3,1,0,0,0,0,0,0,0,0,3,0
482819,1,1,27,27,27,27,27,27,27,27,27,27
482820,0,1,17,17,17,17,17,17,17,17,17,17
482820,1,1,8,0,7,6,0,0,0,13,0,0
482821,1,1,0,0,0,0,0,0,0,0,0,0
482822,1,1,0,0,0,0,0,0,0,0,0,0
482822,2,1,0,0,0,30,0,0,0,0,0,0
482823,0,1,13,23,0,0,0,6,0,0,0,0
482823,1,1,0,0,0,0,0,13,0,0,0,48
482824,1,1,16,16,16,16,16,16,16,16,16,16
482824,2,1,0,0,0,0,0,0,0,0,0,0
482824,3,1,0,0,0,0,0,0,0,8,12,0
482825,0,1,23,23,23,23,23,23,23,23,23,23
482825,1,1,0,0,28,0,0,0,0,0,0,19
482826,1,1,0,0,0,0,0,0,0,0,0,0
482827,1,1,0,0,0,0,0,0,0,0,0,0
482827,2,1,6,0,0,0,0,26,0,0,0,0
482827,3,1,0,6,0,0,0,20,0,0,0,0
482828,1,1,0,0,0,0,0,0,0,0,0,0
482828,2,1,0,0,0,0,0,0,0,0,0,0
482829,0,1,0,0,0,0,0,0,16,0,0,0
482829,1,1,0,0,0,0,0,0,0,0,0,0
482830,1,1,0,0,20,0,0,0,0,0,0,0
482831,1,1,0,0,0,0,0,0,0,0,0,0
482831,2,1,0,0,0,0,0,0,0,0,0,0
482832,0,1,0,0,13,0,0,0,0,0,0,0
482832,1,1,0,0,0,0,0,0,0,0,0,0
482834,1,1,9,9,9,9,9,9,9,9,9,9
482834,2,1,0,0,24,0,0,0,0,0,0,0
482835,1,1,25,25,25,25,25,25,25,25,25,25
482835,2,1,7,0,0,0,12,0,0,0,0,0
482836,0,1,0,0,0,0,0,0,0,0,0,0
482836,1,1,0,0,0,0,24,0,0,0,0,0
482837,1,1,5,0,23,20,24,18,10,19,16,6
482837,2,1,0,0,0,30,0,0,12,13,22,0
482838,1,1,12,12,12,12,12,12,12,12,12,12
482839,1,1,5,5,5,5,5,5,5,5,5,5
482840,1,1,0,0,0,0,0,0,0,0,0,0
482840,2,1,0,0,16,0,0,0,9,0,0,0
482841,1,1,0,13,9,0,21,0,0,0,24,22
482841,2,1,0,0,4,0,31,0,0,7,0,0
482842,1,1,28,28,28,28,28,28,28,28,28,28
482842,2,1,0,0,0,0,0,0,0,0,0,0
482843,1,1,0,9,0,0,0,0,0,0,0,0
482843,2,1,0,0,0,0,0,0,3,0,16,8
482844,1,1,0,0,0,0,0,0,0,0,0,0
482844,2,1,0,0,0,0,0,0,0,0,0,0
482845,1,1,28,28,28,28,28,28,28,28,28,28
482845,2,1,0,0,17,0,24,42,0,0,14,0
482846,1,1,25,25,25,25,25,25,25,25,25,25
482846,2,1,7,0,0,14,5,0,17,26,0,0
482847,1,1,21,21,21,21,21,21,21,21,21,21
482848,1,1,16,16,16,16,16,16,16,16,16,16
482849,1,1,0,0,0,0,28,0,0,0,0,0
482849,2,1,0,25,0,17,13,0,20,0,0,8
482849,3,1,8,0,0,0,20,0,0,0,0,0
482849,4,1,0,0,23,21,21,0,0,0,0,0
482849,5,1,0,0,0,0,0,0,14,0,0,0
482850,1,1,0,20,0,0,15,0,21,0,0,0
482851,1,1,0,13,0,0,0,0,0,0,0,12
482851,2,1,0,0,0,0,0,0,0,0,0,0
482851,3,1,0,14,0,0,0,0,7,0,0,0
482852,1,1,27,27,27,27,27,27,27,27,27,27
482852,2,1,0,0,0,0,0,0,0,0,0,17
482853,1,1,0,0,0,0,0,0,0,0,0,0
482853,2,1,0,0,7,0,0,0,0,0,0,0
482854,1,1,27,27,27,27,27,27,27,27,27,27
482854,2,1,0,22,0,0,0,6,0,38,0,0
482854,3,1,26,0,0,0,8,0,0,23,11,0
482855,0,1,14,14,14,14,14,14,14,14,14,14
482855,1,1,0,0,8,0,0,0,0,0,0,0
482856,1,1,0,0,0,0,0,0,0,0,0,0
482856,2,1,0,0,0,0,0,0,22,0,0,0
482857,1,1,14,14,14,14,14,14,14,14,14,14
482858,0,1,34,34,34,34,34,34,34,34,34,34
482858,1,1,0,0,0,0,0,25,15,0,23,17
482859,1,1,0,0,0,0,21,0,0,0,0,0
482859,2,1,3,3,3,3,3,3,3,3,3,3
482860,1,1,10,11,11,8,11,4,16,19,11,31
482861,1,1,11,11,11,11,11,11,11,11,11,11
482862,1,1,0,0,0,0,0,0,0,0,0,0
482862,2,1,4,0,0,0,17,0,2,11,0,14
482862,3,1,8,0,7,27,0,0,0,23,0,0
482862,4,1,16,9,39,4,22,9,9,15,2,11
482863,1,1,0,0,0,12,25,19,0,7,0,18
482863,2,1,0,0,0,0,0,0,0,10,29,0
482864,1,1,15,15,15,15,15,15,15,15,15,15
482864,2,1,0,0,0,0,0,0,0,0,0,0
482865,1,1,23,23,23,23,23,23,23,23,23,23
482866,1,1,0,0,0,0,24,0,43,0,0,27
482866,2,1,0,0,0,0,0,0,0,0,0,0
482867,1,1,0,0,0,0,18,0,21,0,0,22
482867,2,1,0,0,0,0,0,0,0,0,0,27
482868,1,1,15,15,15,15,15,15,15,15,15,15
482869,0,1,0,0,0,0,0,0,0,0,0,0
482869,1,1,13,0,0,0,0,0,0,0,0,0
482870,1,1,0,0,0,12,21,9,0,0,0,0
482871,1,1,12,0,0,34,0,0,8,0,8,34
482871,2,1,11,0,0,0,0,0,6,0,0,15
482872,1,1,0,0,0,0,0,17,0,0,0,13
482873,1,1,0,0,8,15,0,9,0,19,22,0
482874,0,1,5,5,5,5,5,5,5,5,5,5
482874,1,1,0,0,0,0,0,0,0,0,0,0
482875,1,1,0,0,0,0,0,0,0,0,0,0
482875,2,1,3,26,0,0,26,0,0,25,0,0
482876,0,1,22,22,22,22,22,22,22,22,22,22
482876,0,2,16,16,16,16,16,16,16,16,16,16
482876,0,3,32,0,0,23,0,23,36,0,20,0
482876,0,4,0,15,32,27,18,16,9,0,0,0
482876,2,1,20,20,20,20,20,20,20,20,20,20
482877,1,1,1,1,1,1,1,1,1,1,1,1
482878,1,1,24,24,0,0,0,0,0,21,0,0
482879,1,1,19,19,19,19,19,19,19,19,19,19
482879,2,1,0,9,0,32,0,28,0,0,0,0
482879,3,1,14,0,0,0,0,0,0,0,0,9
482879,4,1,0,0,18,0,0,0,10,6,0,0
482880,1,1,0,0,0,0,0,0,0,0,0,0
482880,2,1,0,0,0,0,0,0,0,0,0,0
482881,1,1,14,18,14,25,6,9,0,0,0,0
482882,0,1,0,0,0,0,0,0,0,0,0,0
482882,1,1,0,0,0,0,0,8,0,0,0,0
482883,0,1,0,0,0,0,0,0,0,0,0,0
482883,1,1,7,0,0,0,25,27,35,0,0,0
482884,1,1,0,0,13,0,0,0,0,0,0,21
482885,1,1,0,10,0,4,0,0,13,0,0,15
482886,1,1,0,0,12,0,0,0,0,0,0,0
482886,2,1,0,0,0,0,0,0,0,0,0,0
482887,1,1,0,0,0,0,0,0,0,0,0,0
482887,2,1,0,0,0,0,0,0,0,0,0,0
482887,3,1,0,0,0,0,0,0,0,0,0,0
482888,1,1,15,0,0,0,0,0,0,0,0,0
482889,0,1,0,15,22,23,22,0,0,16,0,0
482889,1,1,0,0,0,0,25,0,0,0,0,0
482890,1,1,0,0,0,0,0,0,0,0,0,0
482891,0,1,0,29,54,16,0,18,35,0,17,9
482891,1,1,8,0,21,0,0,0,0,0,0,0
482892,0,1,0,0,0,0,0,0,0,0,0,0
482892,1,1,0,0,0,0,0,0,0,0,0,0
482893,1,1,0,0,0,0,0,0,0,0,0,0
482893,2,1,0,16,0,0,14,0,0,0,0,5
482894,0,1,0,31,0,0,0,0,0,8,0,9
482894,1,1,0,0,0,0,0,0,0,0,0,0
482895,1,1,0,0,0,0,0,0,0,10,0,0
482895,2,1,25,27,0,0,0,0,0,0,0,0
482896,1,1,0,0,0,0,16,0,0,0,0,0
482896,2,1,40,0,0,8,20,0,9,0,0,0
482897,1,1,0,20,15,0,0,0,0,0,0,0
482897,2,1,0,0,0,0,0,0,0,0,0,0
482898,1,1,0,0,0,0,0,0,0,0,24,0
482898,2,1,0,0,0,0,0,0,0,0,0,0
482899,1,1,27,27,27,27,27,27,27,27,27,27
482901,1,1,21,21,21,21,21,21,21,21,21,21
482902,1,1,11,11,11,11,11,11,11,11,11,11
482903,1,1,27,43,32,14,49,35,13,0,26,0
482904,1,1,0,0,0,0,0,0,0,0,0,0
482904,2,1,0,0,0,0,0,0,0,0,0,0
482904,3,1,0,0,0,0,0,0,0,0,0,27
482905,1,1,16,16,16,16,16,16,16,16,16,16
482906,1,1,0,0,0,0,0,0,0,0,0,0
482908,1,1,0,0,0,0,0,0,0,0,0,0
482908,2,1,0,0,0,0,6,0,13,0,0,0
482909,1,1,0,19,0,0,0,0,0,0,0,0
482909,2,1,0,0,0,0,0,0,0,0,0,0
482910,0,1,0,0,0,10,19,19,0,13,0,0
482910,1,1,0,0,0,0,0,13,0,0,0,0
482911,1,1,34,34,34,34,34,34,34,34,34,34
482912,0,1,0,19,25,0,9,0,0,6,0,0
482912,1,1,0,0,0,0,15,27,33,3,0,0
482913,1,1,0,3,13,0,22,0,0,0,0,0
482914,1,1,0,0,0,0,0,0,0,0,0,0
482914,2,1,0,0,18,0,0,0,0,0,9,0
482915,1,1,0,0,0,0,0,0,0,0,0,0
482915,2,1,0,0,0,0,0,0,0,0,0,0
482915,3,1,0,0,0,0,0,0,0,0,0,0
482916,1,1,24,24,24,24,24,24,24,24,24,24
482916,2,1,0,0,0,0,12,22,0,0,0,0
482917,1,1,0,0,20,22,0,0,15,0,17,27
482918,1,1,26,26,26,26,26,26,26,26,26,26
482919,1,1,0,0,0,0,0,5,0,27,0,0
482919,2,1,0,0,0,0,0,0,0,0,0,0
482920,1,1,0,0,13,0,0,0,0,0,0,0
482920,2,1,0,0,0,0,0,0,0,0,0,0
482921,0,1,2,2,2,2,2,2,2,2,2,2
482921,1,1,0,0,0,0,15,0,9,31,0,3
482922,1,1,0,0,0,0,0,0,0,0,0,0
482922,2,1,24,0,0,0,0,0,0,22,0,0
482923,1,1,1,1,1,1,1,1,1,1,1,1
482924,1,1,0,0,24,0,21,0,0,0,0,0
482924,2,1,0,0,0,17,0,0,0,0,0,0
482925,1,1,0,0,0,0,0,0,0,0,0,0
482926,1,1,0,0,0,0,0,0,0,0,0,0
482926,2,1,17,0,19,0,14,18,15,0,0,16
482927,0,1,16,16,34,23,32,19,19,6,22,8
482927,1,1,0,0,0,0,0,0,0,0,0,0
482928,1,1,0,0,0,0,0,0,38,0,29,0
482929,1,1,1,1,1,1,1,1,1,1,1,1
482931,1,1,0,0,0,0,0,0,0,0,0,0
482932,1,1,10,10,10,10,10,10,10,10,10,10
482935,1,1,15,15,19,5,13,6,14,15,22,22
482935,2,1,18,0,0,20,0,24,27,0,0,0
482936,1,1,15,15,15,15,15,15,15,15,15,15
482937,1,1,10,10,10,10,10,10,10,10,10,10
482938,1,1,0,0,0,13,0,0,0,0,0,0
482938,2,1,15,0,0,21,0,0,0,0,0,0
482939,1,1,0,21,0,31,18,21,25,6,0,20
482939,2,1,4,0,7,0,0,0,13,0,0,0
482939,3,1,0,0,14,0,0,0,0,0,17,0
482940,1,1,0,0,0,0,0,0,0,0,0,0
482940,2,1,0,0,0,0,0,0,0,0,0,0
482941,1,1,4,0,0,0,0,0,28,9,0,0
482942,0,1,0,0,35,0,0,0,0,0,15,14
482942,1,1,18,0,0,0,4,0,8,18,9,0
482943,1,1,5,0,0,11,0,0,0,0,0,0
482943,2,1,0,10,11,0,0,25,0,0,6,0
482943,3,1,10,0,0,0,0,0,0,12,0,0
482944,1,1,0,0,0,0,0,0,0,0,0,0
482944,2,1,0,0,0,0,0,0,16,0,33,0
482945,1,1,36,36,36,36,36,36,36,36,36,36
482945,2,1,0,7,13,0,0,0,10,20,0,8
482946,1,1,0,0,0,15,0,0,0,0,0,0
482946,2,1,0,0,0,0,0,0,0,0,0,0
482947,1,1,16,16,16,16,16,16,16,16,16,16
482948,1,1,14,14,14,14,14,14,14,14,14,14
482949,0,1,40,0,0,0,0,9,0,13,0,0
482949,1,1,0,0,0,0,28,0,14,0,12,5
482950,1,1,0,14,4,3,18,28,14,0,0,22
482951,1,1,0,0,0,0,0,0,0,0,0,6
482951,2,1,0,0,0,0,0,0,0,0,0,0
482952,1,1,0,0,0,14,0,14,0,0,0,0
482952,2,1,13,0,21,10,0,28,0,0,0,0
482953,0,1,0,0,0,0,45,0,5,8,40,8
482953,1,1,0,0,13,31,13,30,0,0,0,0
482954,1,1,0,0,0,0,0,0,0,0,0,0
482955,0,1,0,0,0,0,0,0,0,0,0,0
482955,1,1,0,0,0,0,0,0,0,0,0,0
482956,1,1,0,0,0,0,0,0,27,0,0,0
482957,0,1,18,18,18,18,18,18,18,18,18,18
482957,1,1,0,0,0,0,9,0,0,0,0,0
482958,1,1,0,0,0,0,0,0,0,0,0,0
482959,1,1,0,0,0,0,0,0,0,0,0,0
482959,2,1,0,0,0,0,0,0,0,0,0,0
482960,1,1,11,11,11,11,11,11,11,11,11,11
482960,2,1,0,0,0,0,0,0,0,0,0,0
482960,3,1,0,37,0,0,0,0,0,17,0,0
482960,4,1,0,0,0,22,0,0,0,0,0,0
482960,5,1,0,0,0,0,0,0,0,14,0,0
482960,6,1,0,0,0,0,0,0,0,0,0,0
482960,7,1,6,0,6,0,0,13,0,0,10,0
482961,1,1,0,11,0,0,0,0,0,0,0,0
482961,2,1,0,0,0,6,0,0,0,0,0,0
482962,1,1,0,0,0,0,0,0,0,0,0,0
482963,1,1,0,0,0,0,0,0,22,0,9,0
482963,2,1,0,0,0,0,0,0,0,0,0,0
482964,1,1,0,0,0,0,6,0,0,0,0,0
482965,1,1,17,17,17,17,17,17,17,17,17,17
482965,2,1,0,0,0,16,0,0,0,0,22,0
482966,1,1,0,13,0,0,0,0,0,0,0,0
482967,1,1,12,0,3,9,0,0,0,0,0,0
482967,2,1,3,3,3,3,3,3,3,3,3,3
482968,1,1,0,0,19,22,0,17,0,0,0,0
482969,1,1,31,31,31,31,31,31,31,31,31,31
482969,2,1,17,17,17,17,17,17,17,17,17,17
482970,1,1,0,21,19,0,5,0,0,0,0,0
482971,1,1,13,13,13,13,13,13,13,13,13,13
482972,1,1,2,2,16,9,12,3,3,7,20,13