ST_CASE,VEH_NO,PER_NO,P1,P2,P3,P4,P5,P6,P7,P8,P9,P10
482972,2,1,11,23,31,20,20,13,34,40,18,15
482973,1,1,12,23,0,11,8,0,38,0,18,21
482974,0,1,0,22,0,30,0,0,23,0,0,36
482974,1,1,0,0,0,0,25,0,9,0,0,0
482975,1,1,22,22,22,22,22,22,22,22,22,22
482975,2,1,2,2,2,2,2,2,2,2,2,2
482975,3,1,0,19,0,12,0,18,0,0,0,0
482976,0,1,32,0,0,0,23,38,27,0,31,0
482976,1,1,0,0,0,22,40,0,0,0,0,7
482977,0,1,30,0,0,19,0,25,0,0,31,49
482977,1,1,0,0,0,0,0,0,0,0,0,0
482977,2,1,0,0,0,0,0,0,0,0,0,0
482978,1,1,0,27,0,0,0,0,0,0,0,0
482978,2,1,21,0,0,0,0,0,0,0,0,0
482979,1,1,0,9,0,6,30,22,0,0,6,0
482980,1,1,3,0,0,0,31,0,0,0,0,0
482981,1,1,0,0,10,0,17,14,23,0,0,0
482981,2,1,14,0,0,12,0,0,12,0,16,14
482983,1,1,0,0,0,0,0,0,0,0,0,0
482983,2,1,0,0,0,0,0,0,18,0,0,0
482983,3,1,0,0,0,0,0,0,0,0,0,0
482984,1,1,0,7,17,0,23,0,0,0,0,0
482985,0,1,0,13,27,0,15,13,0,7,21,24
482986,1,1,0,0,0,0,0,0,0,0,0,0
482986,2,1,0,0,0,0,0,0,0,0,0,0
482987,1,1,0,0,0,0,0,0,0,0,0,0
482988,0,1,0,0,0,0,0,0,0,8,29,0
482988,1,1,0,0,10,0,0,0,0,0,0,0
482989,0,1,0,0,0,0,0,0,0,0,0,0
482989,1,1,0,19,22,22,0,0,14,0,0,0
482989,2,1,16,0,9,0,0,16,17,0,0,0
482990,1,1,29,0,0,0,26,0,0,14,0,19
482991,1,1,23,23,23,23,23,23,23,23,23,23
482992,1,1,23,23,23,23,23,23,23,23,23,23
482992,2,1,0,33,0,0,0,0,0,0,0,0
482993,1,1,9,9,0,25,0,0,7,0,0,0
482993,2,1,0,0,12,0,0,0,15,0,0,0
482994,1,1,0,0,0,0,0,0,0,0,0,0
482994,2,1,0,0,0,16,0,0,0,0,15,0
482995,1,1,0,0,0,0,0,0,0,0,0,0
482995,2,1,0,0,0,0,0,0,0,0,0,0
482995,3,1,0,0,0,0,0,0,0,0,0,0
482996,1,1,0,0,0,0,0,0,0,0,0,8
482997,1,1,10,10,10,10,10,10,10,10,10,10
482997,2,1,18,25,0,0,0,0,0,0,4,8
482998,1,1,19,29,13,0,5,26,14,17,16,9
482999,1,1,11,11,11,11,11,11,11,11,11,11
483000,1,1,23,0,0,24,0,18,5,13,0,18
483001,1,1,0,0,0,0,0,0,0,0,0,0
483001,2,1,0,0,0,0,0,0,0,0,0,0
483002,1,1,0,0,0,0,0,0,0,0,0,0
483003,0,1,0,0,0,16,0,0,0,0,35,0
483003,1,1,0,0,0,0,0,0,0,0,0,0
483004,1,1,18,9,16,12,16,8,23,0,14,29
483005,1,1,13,13,13,13,13,13,13,13,13,13
483006,0,1,0,0,0,0,14,0,0,0,0,0
483006,1,1,0,0,0,0,0,0,0,0,0,0
483007,1,1,9,9,9,9,9,9,9,9,9,9
483008,1,1,28,28,28,28,28,28,28,28,28,28
483009,1,1,16,16,16,16,16,16,16,16,16,16
483010,1,1,0,0,0,0,0,0,0,0,0,0
483010,2,1,0,0,0,0,0,0,0,0,22,0
483010,3,1,0,0,0,0,0,0,12,0,0,0
483011,0,1,0,0,0,0,0,0,0,0,0,0
483011,1,1,17,21,0,10,0,0,17,25,0,0
483012,1,1,0,0,0,0,0,0,0,0,0,0
483012,2,1,0,0,17,0,3,0,0,0,0,0
483013,0,1,27,0,11,0,0,21,0,0,0,24
483013,1,1,30,30,30,30,30,30,30,30,30,30
483014,1,1,4,4,4,4,4,4,4,4,4,4
483014,2,1,11,11,11,11,11,11,11,11,11,11
483015,1,1,0,0,22,0,10,4,10,0,0,0
483015,2,1,8,0,0,11,0,4,17,13,0,0
483016,1,1,0,0,0,0,0,0,0,0,0,0
483017,1,1,19,19,19,19,19,19,19,19,19,19
483017,2,1,0,0,0,0,0,0,0,0,0,0
483018,1,1,0,0,0,7,0,0,0,0,0,0
483018,2,1,0,0,10,0,0,0,0,0,7,0
483019,1,1,0,0,21,0,13,0,0,0,13,0
483020,1,1,0,14,0,0,0,0,0,12,11,0
483021,1,1,16,16,16,16,16,16,16,16,16,16
483022,1,1,19,19,19,19,19,19,19,19,19,19
483022,2,1,0,0,0,0,0,0,0,0,0,0
483022,3,1,1,1,1,1,1,1,1,1,1,1
483023,1,1,31,0,31,0,0,0,15,0,0,0
483023,2,1,20,0,0,8,0,22,0,28,0,0
483024,1,1,14,14,14,14,14,14,14,14,14,14
483025,0,1,0,0,0,0,0,0,0,0,0,0
483025,1,1,0,0,0,0,0,0,0,0,0,0
483026,0,1,19,0,19,0,0,18,13,23,0,0
483026,1,1,0,0,0,0,9,0,0,17,15,17
483027,1,1,13,13,13,13,13,13,13,13,13,13
483028,1,1,19,19,19,19,19,19,19,19,19,19
483029,0,1,0,0,0,0,0,0,0,0,0,0
483029,1,1,0,0,0,0,0,0,0,0,0,0
483030,1,1,6,6,6,6,6,6,6,6,6,6
483030,2,1,10,0,0,20,0,0,0,0,0,0
483031,1,1,0,0,17,15,39,0,13,0,22,18
483032,1,1,0,0,0,0,0,0,0,0,29,18
483032,2,1,0,0,0,14,0,0,23,0,20,0
483032,3,1,0,21,0,0,0,0,0,12,0,0
483033,1,1,0,0,0,0,0,0,0,0,0,0
483033,2,1,5,5,5,5,5,5,5,5,5,5
483034,1,1,24,0,0,4,0,0,0,15,3,0
483035,1,1,0,0,0,0,0,0,0,0,0,0
483036,1,1,0,0,0,0,0,0,0,0,0,0
483037,0,1,11,15,8,0,0,21,17,11,9,23
483037,1,1,0,0,0,0,0,0,0,0,0,0
483038,0,1,13,56,13,19,0,0,0,0,22,0
483038,1,1,0,0,0,10,0,0,11,18,36,0
483039,0,1,0,0,0,0,0,0,0,0,0,0
483039,1,1,17,17,0,27,29,0,0,0,0,0
483040,1,1,0,0,0,0,0,0,0,0,0,0
483040,2,1,0,0,0,0,6,0,0,0,0,0
483041,1,1,0,0,0,0,0,0,0,0,0,0
483041,2,1,0,0,0,0,0,0,0,0,14,0
483042,1,1,0,0,0,0,0,0,0,0,0,0
483042,2,1,31,12,17,0,0,0,0,12,0,12
483043,1,1,0,0,0,0,0,0,0,0,0,0
483044,1,1,0,7,0,0,0,0,0,0,29,0
483044,2,1,0,0,0,0,0,0,0,24,0,0
483045,1,1,23,0,0,0,0,0,17,17,8,32
483046,1,1,18,18,18,18,18,18,18,18,18,18
483047,0,1,15,0,0,0,0,12,15,0,38,15
483047,1,1,19,0,30,0,11,0,0,24,7,0
483048,1,1,0,0,0,0,0,0,0,0,0,0
483048,2,1,0,0,0,0,0,0,0,0,0,0
483049,0,1,0,0,0,0,0,0,0,0,0,0
483049,1,1,7,0,0,0,0,7,0,0,0,0
483050,1,1,0,0,18,0,0,0,6,0,16,0
483050,2,1,0,0,0,0,0,0,0,22,0,0
483051,1,1,10,0,18,0,0,0,15,0,16,0
483051,2,1,0,0,0,23,0,24,0,0,0,14
483052,1,1,0,0,0,0,0,0,0,0,0,0
483052,2,1,12,12,12,12,12,12,12,12,12,12
483053,1,1,26,26,26,26,26,26,26,26,26,26
483053,2,1,0,0,0,0,0,0,0,0,0,0
483053,3,1,0,0,0,0,18,0,27,0,0,16
483054,1,1,0,10,0,0,23,0,0,0,0,0
483054,2,1,0,7,0,0,0,0,12,0,0,0
483055,1,1,0,0,0,0,0,0,0,0,0,0
483055,2,1,0,0,0,0,0,0,0,0,0,0
483056,1,1,0,0,0,0,0,0,0,0,0,0
483057,1,1,0,0,0,0,0,0,0,0,18,0
483057,2,1,0,0,0,0,0,0,0,0,0,0
483058,0,1,13,0,14,0,40,0,0,0,0,0
483058,1,1,19,12,0,22,0,0,49,25,11,30
483059,1,1,15,15,15,15,15,15,15,15,15,15
483060,1,1,0,0,0,12,0,0,0,0,0,0
483060,2,1,0,0,0,0,0,0,0,0,0,0
483061,0,1,0,0,0,0,0,0,0,0,0,0
483061,1,1,0,0,0,0,0,0,0,6,0,0
483062,1,1,0,14,14,0,15,0,27,6,19,14
483063,1,1,7,7,7,7,7,7,7,7,7,7
483063,2,1,0,0,0,26,0,0,0,0,0,0
483064,1,1,0,0,0,0,0,0,0,0,0,0
483064,2,1,0,0,0,0,0,0,0,0,0,0
483065,0,1,0,0,34,0,0,0,0,0,48,0
483065,1,1,0,0,0,0,0,0,0,0,21,0
483066,1,1,0,0,0,0,0,0,0,0,0,0
483067,0,1,0,0,0,0,0,0,0,0,0,0
483067,1,1,0,0,0,0,0,0,0,0,0,0
483068,1,1,0,0,0,0,0,0,0,0,0,0
483069,1,1,0,0,0,0,0,0,0,0,0,0
483070,1,1,0,0,0,18,0,0,0,0,0,0
483070,2,1,0,0,0,0,0,0,0,0,0,0
483071,0,1,25,0,0,0,0,0,0,0,0,0
483071,1,1,0,0,0,0,0,0,0,0,0,0
483072,1,1,19,19,19,19,19,19,19,19,19,19
483073,1,1,0,0,0,0,0,0,0,0,0,0
483074,1,1,0,0,0,0,0,0,0,0,0,0
483075,1,1,0,0,0,0,0,0,0,0,0,0
483075,2,1,0,0,0,0,0,21,0,0,21,0
483076,1,1,12,3,0,0,0,0,0,0,0,0
483076,2,1,0,0,0,0,0,0,25,11,0,0
483077,1,1,0,0,0,0,0,0,0,0,0,0
483078,1,1,0,12,0,0,0,0,0,0,0,8
483079,0,1,0,0,0,0,0,0,0,0,36,0
483079,1,1,0,0,0,0,0,42,0,0,15,0
483080,1,1,0,0,0,0,0,0,0,0,0,0
483081,1,1,0,0,0,0,0,0,0,0,0,0
483081,2,1,0,0,0,0,0,0,0,0,0,0
483082,1,1,0,0,0,0,0,0,0,0,0,0
483082,2,1,0,0,32,0,0,0,0,0,6,0
483083,0,1,18,0,0,0,0,0,0,0,0,36
483083,1,1,14,0,3,9,36,15,25,0,14,15
483084,1,1,0,0,0,0,0,0,0,0,0,0
483084,2,1,0,0,13,4,8,0,0,0,0,16
483084,3,1,0,0,0,0,0,0,0,0,0,0
483085,0,1,0,0,0,0,0,0,0,0,0,0
483085,1,1,0,0,0,0,15,9,26,0,0,0
483086,1,1,0,0,14,0,0,0,0,0,0,33
483086,2,1,0,0,0,0,0,10,0,0,12,7
483087,0,1,4,4,4,4,4,4,4,4,4,4
483087,1,1,0,0,0,23,37,0,15,0,0,0
483087,3,1,13,0,0,0,0,0,0,21,20,0
483087,4,1,22,0,0,0,29,28,0,18,11,0
483088,1,1,0,0,27,15,23,12,0,0,0,0
483088,2,1,17,17,17,17,17,17,17,17,17,17
483089,1,1,0,0,0,0,0,0,0,0,0,0
483090,1,1,0,0,0,0,0,0,0,0,0,0
483091,1,1,0,0,0,0,0,0,0,0,0,0
483092,1,1,9,9,9,9,9,9,9,9,9,9
483093,1,1,20,20,20,20,20,20,20,20,20,20
483094,1,1,0,0,0,0,0,0,0,0,0,0
483094,2,1,0,0,7,6,0,0,0,7,0,0
483095,1,1,17,0,0,0,0,0,0,0,32,0
483095,2,1,28,28,28,28,28,28,28,28,28,28
483096,1,1,0,0,0,0,0,0,25,0,0,0
483097,1,1,19,19,19,19,19,19,19,19,19,19
483098,1,1,0,0,0,0,0,0,14,0,0,0
483099,0,1,0,0,0,0,0,0,0,0,0,0
483099,1,1,0,0,0,16,0,50,0,11,0,0
483100,1,1,0,14,0,13,8,0,5,0,26,0
483101,1,1,0,0,0,0,0,0,0,0,0,0
483101,2,1,0,19,13,7,0,0,0,0,36,0
483102,1,1,23,23,23,23,23,23,23,23,23,23
483103,1,1,15,0,0,18,0,0,0,19,0,23
483103,2,1,0,0,0,0,0,7,0,0,0,0
483104,1,1,0,0,0,0,0,0,0,0,0,0
483104,2,1,0,0,0,0,0,0,0,0,0,0
483105,0,1,10,0,0,0,0,0,23,11,16,0
483105,1,1,23,0,0,0,0,0,0,0,0,0
483106,1,1,13,0,19,33,0,21,7,31,7,22
483107,0,1,0,0,0,42,0,0,22,0,0,0
483107,1,1,0,0,0,0,0,0,0,0,0,0
483108,0,1,0,0,0,0,0,0,0,0,0,0
483108,1,1,0,0,0,22,0,36,0,0,0,16
483109,1,1,0,0,0,0,0,0,0,0,0,0
483109,2,1,0,0,15,0,0,4,0,0,0,0
483110,0,1,0,0,10,34,0,0,0,0,0,0
483110,1,1,0,0,0,20,24,0,0,0,0,0
483111,0,1,0,0,0,0,0,0,0,0,0,0
483111,1,1,0,0,0,0,0,0,0,0,0,0
483112,1,1,0,0,0,0,0,0,0,0,0,0
483112,2,1,0,16,0,0,0,0,0,0,0,0
483113,0,1,29,29,29,29,29,29,29,29,29,29
483113,1,1,0,0,0,0,0,0,0,0,0,0
483114,1,1,10,29,0,0,0,0,0,0,0,0
483114,2,1,0,0,0,0,0,0,0,6,0,0
483114,3,1,0,0,0,0,0,0,8,0,0,0
483114,4,1,0,0,0,0,0,0,0,0,0,19
483115,0,1,0,0,0,0,0,0,0,0,0,0
483115,1,1,29,0,0,0,0,13,0,0,13,0
483116,1,1,0,0,0,0,0,0,0,0,0,0
483116,2,1,0,0,0,0,0,0,0,0,0,0
483116,3,1,0,0,0,0,0,0,0,0,0,0
483117,0,1,33,33,33,33,33,33,33,33,33,33
483117,1,1,0,0,0,0,0,0,0,0,0,0
483118,1,1,0,0,0,0,0,0,0,0,0,0
483118,2,1,0,0,0,0,0,0,0,0,0,0
483119,1,1,0,0,0,0,0,0,0,0,0,0
483119,2,1,0,0,17,0,0,0,0,0,17,18
483120,1,1,22,22,22,22,22,22,22,22,22,22
483120,2,1,23,0,0,17,0,0,14,26,0,0
483121,0,1,0,0,0,0,0,0,0,0,0,0
483121,1,1,0,0,0,12,9,0,16,12,0,0
483122,1,1,12,6,44,10,20,25,10,2,0,19
483122,2,1,27,26,0,0,0,9,20,16,0,0
483123,1,1,0,0,0,0,0,0,0,0,0,0
483123,2,1,0,0,23,0,0,0,0,8,6,0
483123,3,1,19,15,10,0,14,15,0,0,0,15
483124,1,1,0,0,0,0,0,0,0,0,0,0
483125,1,1,20,6,0,20,17,0,0,11,22,0
483126,0,1,0,30,0,27,47,0,9,0,0,0
483126,1,1,0,0,10,0,0,0,0,0,9,8
483127,1,1,0,0,0,0,0,0,0,0,0,0
483127,2,1,0,0,0,0,0,0,0,0,0,0
483127,3,1,0,0,0,0,0,0,0,0,0,0
483128,1,1,0,0,0,0,0,0,0,0,0,0
483128,2,1,0,9,29,0,0,0,0,0,0,0
483129,1,1,9,9,9,9,9,9,9,9,9,9
483129,2,1,4,4,4,4,4,4,4,4,4,4
483129,3,1,18,0,0,20,31,0,0,0,0,20
483130,1,1,0,0,0,0,0,0,8,18,0,0
483130,2,1,0,0,0,0,0,0,9,0,0,0
483131,1,1,13,0,0,0,0,0,0,0,0,0
483131,2,1,0,0,0,0,0,0,0,0,0,0
483132,1,1,14,0,0,36,13,20,12,22,33,21
483133,1,1,0,0,0,0,0,0,0,0,0,0
483134,1,1,5,14,0,8,9,4,10,0,8,0
483134,2,1,0,0,0,0,0,0,0,0,0,0
483134,3,1,18,24,0,0,0,0,21,0,25,19
483135,1,1,0,0,0,0,0,0,0,0,0,0
483135,2,1,0,10,0,0,0,0,0,0,0,0
483135,3,1,0,12,27,8,0,12,7,0,0,0
483135,4,1,0,0,0,0,0,0,0,0,0,0
483135,5,1,0,0,0,0,0,0,0,0,0,0
483135,6,1,0,0,4,0,16,0,0,0,10,0
483135,7,1,13,9,0,0,0,0,6,0,0,0
483136,1,1,0,0,0,0,0,0,0,0,0,0
483137,1,1,0,0,0,0,0,0,0,0,0,0
483137,2,1,0,11,0,0,0,0,0,0,0,0
483138,1,1,0,0,0,0,0,0,0,0,0,0
483138,2,1,0,0,0,0,0,0,0,0,0,0
483139,1,1,0,0,0,0,0,0,0,0,0,0
483139,2,1,0,0,0,0,0,0,0,0,0,0
483140,1,1,0,0,0,0,0,0,0,0,0,0
483140,2,1,0,11,0,0,0,0,0,0,0,0
483141,1,1,6,20,0,0,0,0,0,23,0,0
483141,2,1,0,0,0,0,0,26,0,0,28,0
483142,0,1,0,0,0,0,0,0,13,0,0,0
483142,1,1,0,0,0,0,21,0,0,0,0,0
483143,1,1,0,0,0,0,0,0,0,0,0,0
483144,1,1,27,6,0,7,0,20,14,0,12,0
483145,1,1,0,0,0,0,0,0,0,0,0,0
483146,0,1,0,0,0,0,0,0,0,0,0,0
483146,1,1,0,0,0,16,0,0,0,0,0,0
483147,1,1,0,0,0,0,0,0,0,0,0,0
483147,2,1,6,0,0,0,0,17,0,0,0,0
483148,1,1,0,0,0,0,15,0,13,0,0,0
483149,1,1,13,7,8,5,14,26,20,16,7,19
483150,1,1,0,0,0,0,0,0,0,0,0,0
483150,2,1,0,0,0,0,0,0,0,0,0,0
483151,1,1,19,0,0,0,0,0,0,0,0,0
483152,1,1,0,0,0,32,0,22,6,0,20,0
483152,2,1,13,0,0,8,0,0,16,0,19,0
483153,0,1,0,0,0,0,0,0,0,0,0,0
483153,1,1,0,0,0,0,0,0,0,0,0,0
483154,1,1,10,10,10,10,10,10,10,10,10,10
483155,1,1,31,0,0,0,0,23,0,0,0,24
483155,2,1,0,0,0,0,0,0,0,0,0,0
483156,1,1,0,0,0,0,0,0,0,0,0,0
483156,2,1,27,27,27,27,27,27,27,27,27,27
483157,1,1,22,22,22,22,22,22,22,22,22,22
483158,1,1,4,4,4,4,4,4,4,4,4,4
483159,0,1,0,0,0,0,0,0,0,0,0,0
483159,1,1,0,16,0,16,15,0,0,0,0,14
483160,1,1,15,15,15,15,15,15,15,15,15,15
483161,0,1,26,26,26,26,26,26,26,26,26,26
483161,1,1,0,9,0,14,0,0,0,14,0,0
483162,0,1,25,25,25,25,25,25,25,25,25,25
483162,1,1,0,0,0,0,0,17,16,22,0,2
483163,1,1,26,26,26,26,26,26,26,26,26,26
483164,1,1,18,7,0,0,10,25,0,0,0,13
483165,1,1,0,0,26,0,1,0,0,10,0,0
483166,1,1,20,20,20,20,20,20,20,20,20,20
483166,2,1,13,13,13,13,13,13,13,13,13,13
483167,1,1,0,25,0,0,16,0,0,0,0,0
483168,1,1,0,0,41,0,0,0,21,0,0,0
483168,2,1,35,29,0,17,0,0,0,0,0,12
483169,1,1,0,0,0,0,0,0,0,0,0,0
483169,2,1,0,0,0,0,11,0,0,0,0,0
483170,1,1,0,11,0,0,0,0,0,0,0,0
483170,2,1,8,0,0,0,0,0,0,0,0,0
483171,0,1,14,0,0,0,0,23,0,0,6,0
483171,1,1,26,0,0,0,0,0,0,6,20,25
483172,1,1,15,5,18,28,21,0,19,17,0,19
483173,1,1,19,19,19,19,19,19,19,19,19,19
483173,2,1,0,0,0,0,0,0,0,0,0,0
483174,1,1,16,16,16,16,16,16,16,16,16,16
483174,2,1,20,0,0,0,0,0,0,8,0,0
483175,1,1,20,20,20,20,20,20,20,20,20,20
483176,0,1,32,32,32,32,32,32,32,32,32,32
483176,1,1,0,6,0,0,0,0,5,8,0,0
483177,1,1,0,0,0,0,8,0,0,0,0,0
483177,2,1,0,0,0,0,0,0,19,0,0,15
483178,1,1,0,0,0,0,0,0,0,0,0,0
483179,1,1,24,0,0,13,8,0,12,0,10,22
483180,1,1,15,15,15,15,15,15,15,15,15,15
483181,1,1,0,0,0,0,0,0,0,0,0,0
483182,0,1,28,28,28,28,28,28,28,28,28,28
483182,1,1,0,0,0,0,0,0,0,15,22,0
483183,1,1,15,15,15,15,15,15,15,15,15,15
483184,0,1,0,20,26,0,25,10,30,0,9,0
483184,1,1,16,0,0,28,28,16,17,0,24,0
483185,0,1,9,9,9,9,9,9,9,9,9,9
483185,1,1,0,0,20,0,0,0,0,0,0,27
483185,2,1,23,0,18,14,0,0,0,0,0,0
483186,0,1,8,13,27,13,0,14,4,0,0,52
483186,1,1,24,0,0,0,19,16,0,0,17,0
483188,1,1,24,24,24,24,24,24,24,24,24,24
483189,0,1,15,15,15,15,15,15,15,15,15,15
483189,1,1,0,0,15,20,24,26,21,0,0,0
483190,1,1,23,25,17,4,17,10,11,15,20,21
483191,1,1,13,13,13,13,13,13,13,13,13,13
483192,0,1,10,0,8,0,14,39,0,0,21,0
483192,1,1,0,16,0,0,0,0,6,15,22,0
483192,2,1,0,0,0,19,0,26,14,12,0,16
483193,1,1,10,0,0,0,0,28,8,0,23,17
483194,1,1,0,0,0,0,0,0,0,0,0,8
483194,2,1,28,14,0,0,0,18,0,0,0,0
483195,0,1,0,0,0,0,0,0,0,0,0,0
483195,1,1,13,0,0,0,0,0,50,0,0,0
483196,1,1,10,10,10,10,10,10,10,10,10,10
483197,1,1,0,0,0,8,0,0,0,0,0,0
483197,2,1,0,0,0,0,0,0,17,0,0,0
483198,1,1,16,16,16,16,16,16,16,16,16,16
483198,2,1,0,0,0,0,0,0,0,0,0,0
483199,1,1,0,0,0,0,0,0,36,0,0,0
483200,1,1,0,31,0,0,0,0,0,0,0,0
483200,2,1,0,0,0,0,0,0,0,7,0,0
483200,3,1,0,0,0,0,0,0,0,0,0,0
483201,1,1,18,18,18,18,18,18,18,18,18,18
483202,1,1,0,0,0,0,0,0,0,0,0,0
483203,1,1,0,20,0,0,16,8,6,0,16,12
483204,0,1,11,7,23,0,31,38,7,0,27,26
483204,1,1,0,0,0,0,0,0,0,0,0,0
483205,1,1,0,0,0,0,0,0,0,0,0,0
483205,2,1,0,0,0,0,0,0,0,0,0,0
483205,3,1,0,0,0,0,0,0,0,0,0,0
483206,1,1,19,0,0,23,0,0,0,0,0,0
483207,1,1,0,0,0,0,0,0,4,0,0,0
483207,2,1,0,0,10,0,0,0,0,0,0,0
483207,3,1,0,0,0,0,0,0,0,0,0,0
483208,1,1,0,0,0,0,0,0,0,0,5,0
483208,2,1,0,0,0,0,0,6,0,0,28,7
483209,1,1,23,23,23,23,23,23,23,23,23,23
483211,1,1,0,0,0,0,0,0,0,0,0,0
483211,2,1,0,0,0,0,0,0,0,0,0,0
483212,1,1,25,14,0,0,0,8,13,0,23,52
483213,1,1,23,23,23,23,23,23,23,23,23,23
483213,2,1,0,0,0,3,0,0,0,0,15,5
483213,3,1,0,13,8,0,0,0,0,0,16,0
483213,4,1,0,0,0,10,0,0,0,21,34,13
483214,1,1,6,6,6,6,6,6,6,6,6,6
483215,1,1,0,0,0,0,0,0,0,0,0,0
483215,2,1,0,0,0,0,0,0,0,5,0,0
483216,1,1,13,13,13,13,13,13,13,13,13,13
483217,1,1,25,0,9,0,0,0,0,13,0,25
483218,1,1,4,4,4,4,4,4,4,4,4,4
483219,0,1,0,0,0,0,0,0,0,0,0,0
483219,1,1,10,6,0,0,18,5,9,0,0,0
483220,1,1,0,0,0,0,0,0,0,0,0,0
483221,1,1,0,22,0,0,0,0,0,0,23,0
483221,2,1,0,0,0,0,0,0,0,0,0,0
483222,1,1,0,0,0,0,0,0,0,0,0,0
483222,2,1,3,0,0,0,19,0,0,0,0,0
483223,1,1,0,0,0,0,0,0,0,0,0,0
483223,2,1,0,0,0,0,0,0,0,0,18,0
483224,1,1,0,0,0,0,0,0,0,0,17,0
483224,2,1,0,0,0,0,0,0,0,0,0,4
483225,1,1,0,26,0,0,0,0,0,0,0,0
483226,1,1,0,11,15,0,5,0,0,0,0,20
483226,2,1,0,0,0,31,0,0,0,0,0,0
483227,1,1,18,0,0,0,25,0,9,7,0,0
483228,0,1,0,0,0,0,33,11,0,0,14,0
483228,1,1,0,0,10,0,0,0,0,0,0,0
483229,1,1,0,0,0,0,0,0,0,0,0,0
483229,2,1,0,0,0,0,0,0,0,23,16,0
483230,1,1,0,15,0,20,0,0,0,0,29,25
483231,1,1,0,0,0,0,0,0,0,0,0,0
483232,0,1,0,0,0,0,0,0,0,0,0,0
483232,1,1,0,0,0,0,0,0,0,0,5,0
483233,1,1,15,15,15,15,15,15,15,15,15,15
483234,1,1,10,10,10,10,10,10,10,10,10,10
483235,1,1,0,0,0,0,0,0,0,0,0,0
483236,1,1,16,16,16,16,16,16,16,16,16,16
483237,1,1,0,0,0,0,0,0,0,0,0,0
483238,1,1,0,0,0,0,0,0,0,0,26,0
483238,2,1,0,0,0,0,0,0,0,0,0,0
483238,3,1,0,0,0,0,0,0,0,0,0,0
483238,4,1,0,0,0,0,0,0,0,0,0,0
483239,1,1,21,19,0,16,0,8,0,0,0,0
483239,2,1,0,0,17,6,14,0,0,0,0,23
483240,0,1,0,0,0,0,0,0,0,0,0,0
483240,1,1,31,0,0,36,16,19,0,15,0,17
483241,1,1,20,27,0,0,21,25,0,0,32,10
483241,2,1,8,0,0,0,0,25,36,18,0,0
483241,3,1,0,0,12,0,15,28,4,0,0,0
483241,4,1,29,8,0,0,0,10,4,0,0,0
483241,5,1,3,0,0,11,7,22,0,0,4,0
483242,0,1,0,19,0,0,0,0,0,0,0,0
483242,1,1,0,0,0,0,0,0,0,0,12,0
483243,1,1,20,0,0,0,16,0,0,0,14,0
483243,2,1,0,0,0,0,0,0,0,0,0,0
483244,1,1,21,31,20,8,17,0,15,7,0,0
483244,2,1,0,0,0,16,0,25,0,11,0,0
483246,1,1,8,8,8,8,8,8,8,8,8,8
483246,2,1,0,0,0,0,0,0,0,0,3,0
483247,1,1,0,0,0,8,0,0,12,0,0,0
483247,2,1,19,0,6,0,0,0,0,0,0,0
483248,1,1,23,23,23,23,23,23,23,23,23,23
483249,1,1,0,0,0,0,0,0,0,0,0,0
483250,1,1,12,0,9,10,23,17,20,27,14,24
483251,1,1,0,0,0,28,0,14,17,14,10,0
483252,1,1,0,0,0,0,0,0,0,0,0,0
483252,2,1,13,0,0,21,18,8,0,17,0,19
483253,0,1,0,43,0,3,0,0,0,44,0,0
483253,1,1,18,0,0,8,0,0,11,31,0,0
483254,1,1,0,0,0,0,13,16,0,0,0,14
483254,2,1,0,60,0,0,0,0,0,0,0,0
483255,1,1,0,0,0,0,0,0,0,0,0,0
483256,0,1,13,18,38,20,19,11,16,25,24,38
483256,1,1,8,9,0,0,4,0,0,0,0,7
483256,2,1,13,0,0,0,0,0,14,0,0,0
483256,3,1,23,23,11,0,15,0,0,0,9,0
483257,1,1,0,0,0,0,0,0,0,0,0,0
483257,2,1,0,0,0,24,0,0,0,19,0,0
483258,1,1,0,0,0,0,0,0,0,0,0,0
483259,1,1,32,0,5,13,4,0,17,16,21,0
483260,1,1,0,0,0,19,0,0,15,24,0,0
483261,0,1,0,0,0,0,0,0,0,0,0,0
483261,1,1,0,0,0,0,0,0,0,0,0,0
483262,1,1,0,0,0,0,0,0,0,0,0,0
483262,2,1,0,0,0,0,0,0,0,23,0,0
483263,1,1,24,0,0,0,0,12,0,16,18,0
483264,1,1,34,22,0,0,0,0,0,0,0,12
483265,1,1,0,0,9,0,0,0,0,0,0,0
483266,1,1,18,18,18,18,18,18,18,18,18,18