ST_CASE,VEH_NO,PER_NO,P1,P2,P3,P4,P5,P6,P7,P8,P9,P10
490114,0,1,0,0,0,0,0,0,0,0,0,0
490114,1,1,0,0,0,0,0,0,0,0,0,0
490115,1,1,0,0,0,0,0,0,0,0,0,0
490115,2,1,0,0,0,0,0,0,0,0,0,0
490116,1,1,5,5,5,5,5,5,5,5,5,5
490116,2,1,0,0,0,0,0,0,0,0,0,0
490117,0,1,0,0,0,0,0,0,0,0,0,0
490117,1,1,0,0,0,0,0,0,0,0,0,0
490118,1,1,0,0,0,0,0,0,0,0,0,0
490118,2,1,0,0,0,0,0,0,0,0,0,0
490119,1,1,0,0,0,0,0,0,0,0,0,0
490119,2,1,8,0,0,0,0,0,0,0,0,0
490120,1,1,24,24,24,24,24,24,24,24,24,24
490120,2,1,0,0,0,0,0,0,0,0,0,3
490121,1,1,0,0,0,0,0,0,0,0,0,0
490122,1,1,0,0,0,0,0,0,0,0,0,0
490123,1,1,0,0,0,0,0,0,0,0,0,0
490124,1,1,0,0,0,0,0,0,0,0,0,0
490125,1,1,0,0,0,0,0,0,0,0,0,0
490125,2,1,0,0,0,0,0,0,0,0,0,0
490126,1,1,0,8,0,0,0,0,0,17,9,0
490126,2,1,13,13,13,13,13,13,13,13,13,13
490126,3,1,0,0,2,0,0,0,0,25,0,32
490127,1,1,0,0,0,0,0,0,0,0,0,0
490127,2,1,0,0,0,0,0,0,0,0,0,0
490127,3,1,0,0,0,0,0,0,0,0,0,0
490128,1,1,29,29,29,29,29,29,29,29,29,29
490129,1,1,0,0,0,0,0,0,0,0,0,0
490129,2,1,0,0,0,0,0,0,0,0,0,0
490129,3,1,0,0,0,0,0,0,0,0,0,0
490129,4,1,0,0,0,0,0,0,0,0,0,0
490129,5,1,0,0,0,0,0,0,0,0,0,0
490130,0,1,0,0,0,0,0,0,0,0,0,0
490130,1,1,0,0,0,0,0,0,0,0,0,0
490131,1,1,18,18,18,18,18,18,18,18,18,18
490131,2,1,0,0,0,0,0,0,0,0,0,0
490132,0,1,0,0,0,0,0,0,0,0,0,0
490132,1,1,0,0,0,0,0,0,0,0,0,0
490133,1,1,0,0,0,0,0,0,0,0,0,0
490133,2,1,0,0,0,0,0,0,0,0,0,0
490134,1,1,0,0,0,0,0,0,0,0,0,0
490134,2,1,0,0,0,0,0,0,0,0,0,0
490135,1,1,10,0,0,37,0,0,0,0,0,0
490135,2,1,0,0,4,0,0,7,0,16,0,0
490136,1,1,11,11,11,11,11,11,11,11,11,11
490137,1,1,0,0,0,0,0,0,0,0,0,0
490138,1,1,0,0,0,0,0,0,0,0,0,0
490139,1,1,9,0,0,0,0,0,0,0,15,0
490140,0,1,0,0,0,0,0,0,0,0,0,0
490140,1,1,0,0,0,0,0,0,0,0,0,0
490141,0,1,0,0,0,0,0,0,0,0,0,0
490141,1,1,0,10,0,0,0,0,3,0,0,0
490142,1,1,20,20,12,10,25,39,20,19,24,23
490143,1,1,0,0,0,0,0,0,0,0,0,0
490143,2,1,0,0,0,0,0,0,0,0,0,0
490143,3,1,0,0,0,11,0,0,0,2,0,0
490144,1,1,0,0,0,0,0,0,0,0,0,0
490144,2,1,35,35,35,35,35,35,35,35,35,35
490145,1,1,0,0,0,0,0,0,0,0,0,0
490146,1,1,9,9,9,9,9,9,9,9,9,9
490146,2,1,0,0,0,0,0,0,0,0,0,0
490147,1,1,0,0,0,0,0,0,0,0,0,0
490148,1,1,0,0,0,0,0,0,0,0,0,0
490150,1,1,0,0,0,0,0,0,0,0,0,0
490150,2,1,0,0,0,0,0,0,0,0,0,0
490151,1,1,0,0,0,0,0,0,0,0,0,0
490151,2,1,8,8,8,8,8,8,8,8,8,8
490152,1,1,0,0,0,0,0,0,0,0,0,0
490152,2,1,0,0,0,0,0,0,0,0,13,0
490152,3,1,0,0,0,0,0,0,0,0,0,0
490153,1,1,0,0,0,0,0,0,0,0,0,0
490154,1,1,0,0,0,22,23,0,7,0,0,0
490155,1,1,14,14,14,14,14,14,14,14,14,14
490155,2,1,0,0,0,0,0,0,0,0,0,0
490156,1,1,21,21,21,21,21,21,21,21,21,21
490156,2,1,0,0,0,0,0,0,0,0,0,0
490157,1,1,0,0,0,0,0,0,0,0,0,0
490157,2,1,0,0,0,0,0,0,0,0,0,0
490158,0,1,28,28,28,28,28,28,28,28,28,28
490158,1,1,12,0,0,11,13,0,0,0,0,0
490158,2,1,24,0,0,0,0,0,0,0,22,0
490158,3,1,0,16,0,0,0,0,13,0,0,0
490159,1,1,0,0,0,0,0,0,0,0,0,0
490159,2,1,0,0,0,0,0,0,0,0,0,0
490160,1,1,0,0,0,0,0,0,0,0,0,0
490161,1,1,0,0,0,0,0,0,0,0,0,0
490161,2,1,0,0,0,0,0,0,0,0,0,0
490162,1,1,0,0,0,0,0,0,0,0,0,0
490162,2,1,0,0,0,0,0,0,0,0,0,0
490163,0,1,0,0,0,0,0,0,0,0,0,0
490163,1,1,39,18,10,0,11,14,0,0,21,0
490164,1,1,0,0,0,0,0,0,0,0,0,0
490164,2,1,0,0,0,0,0,0,0,0,0,0
490165,1,1,21,21,21,21,21,21,21,21,21,21
490165,2,1,0,13,0,16,0,0,0,0,0,0
490166,1,1,0,0,0,0,0,0,0,0,0,0
490167,1,1,0,0,0,0,0,0,0,0,0,0
490169,1,1,0,0,0,0,0,0,0,0,0,0
490170,0,1,0,0,0,0,0,0,0,0,0,0
490170,1,1,0,0,10,0,0,0,0,0,0,0
490171,1,1,0,0,0,0,0,0,0,0,0,0
490171,2,1,0,0,0,0,0,0,0,0,0,0
490171,3,1,0,0,0,0,0,0,0,0,0,0
490173,1,1,2,2,2,2,2,2,2,2,2,2
490174,0,1,0,0,0,0,0,0,0,0,0,0
490174,1,1,0,0,0,0,0,0,0,0,0,0
490174,2,1,0,0,0,0,0,0,0,0,0,0
490175,1,1,0,0,0,0,0,0,0,0,0,0
490176,1,1,0,0,0,0,0,0,0,0,0,0
490177,1,1,0,0,0,0,0,0,0,0,0,0
490177,2,1,1,1,1,1,1,1,1,1,1,1
490178,0,1,0,0,0,0,0,0,0,0,0,0
490178,1,1,0,0,0,0,0,0,11,0,0,0
490179,1,1,0,0,0,0,0,0,0,0,0,0
490179,2,1,0,0,0,0,0,0,0,0,0,0
490179,3,1,0,0,0,0,0,0,0,0,0,0
490179,4,1,0,0,0,0,0,0,0,0,0,0
490179,5,1,0,0,0,0,0,0,0,0,0,0
490179,6,1,7,0,0,0,0,0,0,0,0,0
490179,7,1,0,0,0,0,0,0,0,0,0,0
490180,1,1,10,10,10,10,10,10,10,10,10,10
490180,2,1,0,0,0,0,0,0,0,0,0,0
490181,0,1,0,0,0,0,0,22,0,19,0,0
490181,1,1,0,0,0,0,0,0,0,0,0,0
490182,1,1,11,11,11,11,11,11,11,11,11,11
490183,1,1,0,0,0,0,0,0,0,0,0,0
490183,2,1,0,0,0,0,0,0,0,0,0,0
490184,1,1,0,0,0,0,0,0,0,0,0,0
490185,0,1,0,0,0,0,0,0,0,0,0,0
490185,1,1,0,0,0,0,0,0,0,0,0,0
490186,1,1,18,29,19,12,12,16,20,14,17,16
490187,1,1,0,0,0,0,0,0,0,0,0,0
490188,0,1,0,0,0,0,0,0,0,0,0,0
490188,1,1,0,0,0,0,0,0,0,0,0,0
490189,1,1,0,0,0,0,0,0,0,0,0,0
490190,1,1,0,0,0,0,0,0,0,0,0,0
490190,2,1,0,0,0,0,0,0,0,0,0,0
490191,1,1,0,0,0,0,0,0,0,0,0,0
490191,2,1,0,0,0,0,0,0,0,0,0,0
490192,1,1,0,0,0,0,0,0,0,0,0,0
490192,2,1,0,0,0,0,0,0,0,0,0,0
490193,1,1,0,0,0,0,0,0,0,0,0,0
490194,1,1,0,0,0,0,0,0,0,0,0,0
490194,2,1,0,0,0,0,0,0,0,0,0,0
490195,1,1,0,0,7,0,21,0,0,0,0,0
490196,0,1,25,0,0,0,0,0,0,0,0,0
490196,0,2,0,0,0,0,0,0,0,0,0,0
490196,1,1,0,0,0,0,0,0,0,0,0,0
490196,2,1,0,0,0,0,0,0,0,0,0,0
490197,1,1,16,0,11,17,0,25,0,0,0,0
490197,2,1,0,0,0,0,0,0,0,0,0,0
490198,0,1,24,24,24,24,24,24,24,24,24,24
490198,1,1,0,0,0,0,0,0,0,0,0,0
490200,0,1,0,0,0,0,0,0,0,0,0,0
490200,1,1,0,0,0,0,0,0,0,0,0,0
490201,1,1,16,16,16,16,16,16,16,16,16,16
490202,1,1,0,0,0,0,0,0,0,0,0,0
490203,0,1,37,37,37,37,37,37,37,37,37,37
490203,1,1,0,0,0,0,0,0,0,0,0,0
490203,2,1,0,0,0,32,13,0,25,3,0,0
490204,1,1,0,0,0,0,0,0,0,0,0,0
490204,2,1,0,0,0,0,0,0,0,0,0,0
490205,1,1,0,0,0,0,0,0,0,0,0,0
490205,2,1,0,0,0,0,0,0,0,0,0,0
490206,1,1,0,0,0,0,0,0,0,0,0,0
490207,1,1,0,0,0,0,0,0,26,0,0,0
490208,1,1,0,0,0,0,0,0,0,0,0,0
490209,1,1,0,0,0,0,0,0,0,0,0,0
490209,2,1,0,0,0,0,0,0,0,7,0,0
490210,1,1,0,0,0,0,0,0,0,0,0,0
490210,2,1,0,0,0,0,0,0,0,0,0,0
490210,3,1,0,0,0,0,0,0,0,0,0,0
490210,4,1,0,6,0,0,0,0,0,0,0,0
490210,5,1,0,0,0,0,0,0,0,0,0,0
490210,6,1,0,0,0,0,0,0,0,10,0,0
490211,1,1,0,9,0,0,0,0,0,0,0,0
490212,1,1,0,0,0,0,0,0,0,0,0,0
490213,1,1,0,0,0,0,0,0,0,0,0,0
490213,2,1,0,0,0,0,0,0,0,0,0,0
490214,1,1,22,22,22,22,22,22,22,22,22,22
490215,1,1,20,0,0,0,0,0,0,0,0,0
490216,1,1,21,21,21,21,21,21,21,21,21,21
490217,1,1,0,0,0,0,0,0,0,0,0,0
490218,1,1,0,0,0,0,0,13,0,0,0,0
490219,1,1,0,0,0,0,0,0,0,0,0,0
490219,2,1,0,0,0,0,0,0,0,0,0,0
490220,1,1,33,48,22,6,8,3,23,0,12,26
490221,1,1,0,0,0,0,0,18,0,0,0,0
490221,2,1,0,0,0,0,0,0,0,0,0,0
490222,0,1,0,0,0,0,0,0,0,0,0,0
490222,1,1,0,0,0,0,0,0,0,0,0,0
490223,1,1,0,0,0,0,0,0,0,0,0,0
490223,2,1,0,0,0,0,0,0,0,0,0,0
490224,0,1,0,0,0,0,0,0,0,0,0,0
490224,1,1,0,0,0,0,0,0,0,0,0,0
490225,1,1,0,0,0,0,0,0,0,0,0,0
490226,1,1,15,15,15,15,15,15,15,15,15,15
490226,2,1,13,0,0,0,0,0,0,0,0,0
490227,1,1,0,0,0,0,0,0,0,0,10,0
490227,2,1,0,0,0,0,0,0,0,0,0,0
490227,3,1,0,0,0,0,0,0,0,0,0,0
490228,0,1,0,0,0,0,0,0,0,0,0,0
490228,1,1,17,17,17,17,17,17,17,17,17,17
490229,1,1,31,31,31,31,31,31,31,31,31,31
490231,0,1,16,16,16,16,16,16,16,16,16,16
490231,1,1,20,1,16,9,13,13,22,13,33,24
490232,1,1,0,0,13,0,0,0,0,0,0,0
490232,2,1,0,0,0,0,0,0,0,0,0,0
490233,1,1,1,1,1,1,1,1,1,1,1,1
490234,0,1,0,0,0,0,0,0,0,0,0,0
490234,1,1,0,0,0,0,0,0,0,0,0,0
490235,1,1,0,0,0,0,0,0,0,0,0,0
490235,2,1,0,0,0,0,0,0,0,0,0,0
490236,1,1,8,17,29,0,18,12,18,21,4,28
490237,0,1,22,0,0,0,0,0,9,0,0,15
490237,0,2,0,14,40,0,15,22,0,18,42,21
490237,0,3,0,0,0,0,0,0,0,0,0,0
490237,1,1,0,0,0,0,0,0,0,0,0,0
490238,1,1,0,0,0,0,0,0,0,0,0,0
490239,0,1,0,0,0,0,0,0,0,0,0,0
490239,1,1,0,0,0,0,0,0,0,0,0,0
490239,2,1,0,0,0,0,0,0,0,0,0,0
490241,1,1,0,0,0,0,0,0,0,0,0,0
490242,0,1,0,0,0,0,0,0,0,0,0,0
490242,1,1,0,0,0,0,0,0,0,0,0,13
490243,0,1,0,0,0,0,0,0,0,0,0,0
490243,1,1,12,0,0,0,0,0,0,0,0,0
490244,1,1,0,0,0,0,0,0,0,0,0,0
490245,1,1,0,0,0,0,0,0,0,0,0,0
490245,2,1,0,0,0,0,0,0,0,0,0,0
490246,1,1,0,0,0,0,0,0,0,0,0,0
490246,2,1,0,0,0,0,0,0,0,0,0,0
490247,1,1,9,0,20,16,13,20,13,15,24,5
490248,1,1,0,0,0,0,0,14,0,0,0,3
490249,1,1,0,0,0,0,0,0,0,0,0,0
490249,2,1,0,0,0,0,0,0,0,0,0,0
490250,1,1,21,21,21,21,21,21,21,21,21,21
490251,1,1,0,0,0,10,17,0,0,0,0,25
490252,1,1,9,0,9,12,0,17,16,0,21,19
490253,1,1,0,0,0,0,0,0,0,0,0,0
490254,1,1,0,0,0,0,0,0,0,0,0,0
490255,1,1,0,0,0,0,0,0,0,0,0,0
490255,2,1,0,0,0,0,0,0,0,0,0,0
490256,1,1,0,0,0,0,0,0,0,0,0,0
490257,1,1,0,0,0,0,0,0,0,0,0,0
490257,2,1,2,2,2,2,2,2,2,2,2,2
500001,1,1,18,18,18,18,18,18,18,18,18,18
500001,2,1,0,0,0,0,0,0,0,0,0,0
500002,1,1,0,0,0,0,0,0,0,0,0,0
500003,1,1,8,14,0,0,0,0,0,0,27,0
500004,1,1,8,8,8,8,8,8,8,8,8,8
500005,1,1,0,0,0,0,0,0,0,0,0,0
500005,2,1,0,0,0,0,0,0,0,0,0,0
500006,1,1,0,0,0,0,0,0,0,0,0,0
500007,1,1,0,0,0,0,0,0,0,0,0,0
500007,2,1,0,0,0,0,0,0,0,0,0,0
500008,1,1,0,0,0,0,0,0,0,0,0,0
500008,2,1,0,0,0,0,0,0,0,0,0,0
500009,0,1,0,0,0,0,0,0,0,0,9,0
500009,1,1,0,0,15,0,0,0,0,0,0,0
500010,1,1,14,14,14,14,14,14,14,14,14,14
500011,1,1,0,0,0,0,0,0,0,0,0,0
500011,2,1,0,0,0,0,0,0,0,0,0,0
500012,1,1,0,0,0,0,0,0,0,0,0,0
500012,2,1,0,0,0,0,0,0,0,0,0,13
500013,1,1,8,8,8,8,8,8,8,8,8,8
500014,1,1,0,0,0,0,0,0,0,0,0,0
500014,2,1,0,0,0,0,0,0,0,0,0,0
500015,1,1,0,0,0,0,0,0,0,0,0,0
500016,1,1,0,0,0,0,0,0,0,0,0,0
500016,2,1,0,0,0,0,0,0,0,0,0,0
500017,1,1,17,17,17,17,17,17,17,17,17,17
500018,1,1,0,0,0,0,0,0,0,0,0,0
500019,1,1,0,0,0,0,0,0,0,0,0,0
500020,1,1,0,0,0,0,0,0,0,0,0,0
500020,2,1,0,0,0,0,0,0,0,0,0,0
500021,1,1,0,0,0,0,0,0,0,35,0,0
500021,2,1,0,0,0,0,0,0,0,0,0,0
500022,1,1,0,0,0,0,0,0,0,0,0,0
500023,0,1,0,0,0,0,0,0,0,4,0,0
500023,1,1,0,0,0,0,0,0,0,0,0,0
500024,1,1,9,9,9,9,9,9,9,9,9,9
500025,1,1,0,0,0,0,0,0,0,0,0,0
500025,2,1,0,0,0,0,0,0,0,0,0,0
500026,1,1,18,18,18,18,18,18,18,18,18,18
500026,2,1,0,0,0,0,0,0,0,0,0,0
500027,0,1,0,0,0,0,0,0,0,0,0,0
500027,1,1,0,0,0,0,0,0,0,0,0,2
500028,1,1,19,19,19,19,19,19,19,19,19,19
500029,1,1,17,17,17,17,17,17,17,17,17,17
500030,1,1,0,0,0,0,0,35,0,34,0,0
500031,1,1,6,6,6,6,6,6,6,6,6,6
500032,1,1,0,0,0,0,0,0,0,0,0,0
500033,1,1,0,0,0,0,0,0,0,0,0,0
500034,1,1,0,0,0,0,0,0,0,0,0,0
500034,2,1,0,0,0,0,0,0,0,0,0,0
500035,1,1,0,0,0,0,0,0,0,0,0,0
500035,2,1,0,0,0,0,0,0,0,0,0,0
500036,0,1,0,0,0,0,0,0,0,0,0,0
500036,1,1,0,0,0,0,0,0,0,0,0,0
500037,1,1,0,0,0,0,0,0,0,0,0,0
500037,2,1,0,0,0,0,0,0,0,0,0,0
500037,3,1,0,0,0,0,0,0,0,0,0,20
500038,1,1,0,0,0,0,0,0,0,0,0,0
500038,2,1,0,0,0,0,0,0,0,0,0,0
500038,3,1,0,0,0,0,0,15,0,0,0,0
500039,1,1,0,0,0,0,0,0,0,0,0,0
500040,1,1,20,20,20,20,20,20,20,20,20,20
500041,1,1,23,23,23,23,23,23,23,23,23,23
500042,1,1,0,0,0,0,0,0,0,11,0,0
500042,2,1,0,0,0,0,0,0,0,0,0,0
500042,3,1,0,0,14,0,0,0,0,0,0,0
500043,1,1,0,5,19,0,0,16,0,0,0,20
500044,0,1,0,0,0,0,0,0,0,0,0,0
500044,1,1,0,0,0,0,0,0,0,0,0,0
500045,1,1,23,23,23,23,23,23,23,23,23,23
500045,2,1,18,18,18,18,18,18,18,18,18,18
500046,1,1,4,4,4,4,4,4,4,4,4,4
500046,2,1,0,27,0,0,0,0,0,0,5,0
500047,1,1,17,17,17,17,17,17,17,17,17,17
500048,1,1,0,0,0,0,0,0,0,0,0,0
500048,2,1,0,0,0,0,0,0,0,0,0,0
500049,1,1,0,0,0,0,0,0,0,0,0,0
500050,0,1,0,0,0,0,0,0,0,0,0,0
500050,1,1,0,0,0,0,0,0,0,0,0,0
500051,1,1,0,0,0,0,0,0,0,0,0,0
500051,2,1,0,0,0,0,0,0,0,0,0,0
500052,1,1,0,0,0,22,0,0,0,0,0,0
500052,2,1,0,0,0,0,0,0,0,0,0,0
500052,3,1,0,0,0,0,0,0,0,12,0,0
500053,1,1,0,0,0,0,0,0,0,0,0,0
500053,2,1,0,0,0,0,0,0,0,11,0,0
500054,1,1,5,5,5,5,5,5,5,5,5,5
500054,2,1,0,0,0,0,0,0,0,0,0,0
500054,3,1,0,0,0,0,0,0,0,0,0,0
500055,1,1,0,0,0,0,0,0,0,0,0,0
500055,2,1,0,0,0,0,0,0,0,0,0,0
500056,1,1,19,19,19,19,19,19,19,19,19,19
500057,1,1,0,0,0,0,0,0,0,0,0,0
500058,1,1,0,0,0,0,0,0,0,0,0,0
500059,1,1,0,0,0,0,0,0,0,0,0,0
500060,0,1,0,0,0,0,0,0,0,0,0,0
500060,1,1,0,0,0,0,0,0,0,0,0,0
500061,0,1,15,15,15,15,15,15,15,15,15,15
500061,1,1,34,0,0,0,0,0,0,0,0,0
500062,1,1,0,0,19,0,0,0,0,0,0,0
500063,1,1,17,17,17,17,17,17,17,17,17,17
510001,1,1,14,10,24,8,8,12,25,2,7,6
510001,2,1,12,12,12,12,12,12,12,12,12,12
510002,1,1,0,0,0,0,0,0,0,0,0,0
510002,2,1,0,0,0,0,0,0,0,0,0,0
510003,1,1,0,0,0,0,0,0,0,0,0,0
510003,2,1,0,0,0,0,0,0,0,0,0,0
510004,1,1,0,0,0,0,0,0,0,0,0,0
510004,2,1,0,0,0,0,0,0,0,0,0,0
510005,1,1,19,26,21,25,20,8,5,17,13,29
510006,1,1,16,16,16,16,16,16,16,16,16,16
510007,1,1,0,0,15,21,0,0,0,0,0,0
510007,2,1,0,0,0,0,0,0,0,0,0,0
510008,0,1,0,0,0,0,0,0,0,0,0,0
510008,1,1,0,0,0,0,0,0,0,0,0,0
510009,1,1,0,0,0,0,0,0,0,0,0,0
510009,2,1,0,0,0,0,0,0,0,0,0,0
510010,1,1,23,0,28,14,29,15,8,14,3,15
510010,2,1,0,0,0,0,0,0,0,0,0,0
510011,1,1,0,0,0,0,0,0,0,0,0,0
510012,0,1,9,9,9,9,9,9,9,9,9,9
510012,1,1,0,0,0,0,0,0,0,0,0,0
510012,2,1,0,0,0,0,0,0,0,0,0,0
510013,0,1,0,0,0,0,0,0,0,0,0,0
510013,1,1,0,0,0,0,0,0,0,0,0,0
510014,0,1,14,28,5,22,5,21,18,19,29,29
510014,1,1,6,0,0,0,0,0,0,0,0,0
510015,1,1,0,0,0,0,0,0,0,0,0,0
510016,1,1,0,0,0,0,0,0,0,0,0,0
510016,2,1,0,0,0,0,0,0,0,0,0,0
510017,1,1,0,0,0,0,0,0,0,0,0,0
510018,1,1,0,0,0,0,0,0,0,0,0,0
510018,2,1,0,0,0,0,0,0,0,0,0,0
510019,1,1,0,0,0,0,0,0,0,0,0,0
510019,2,1,0,0,0,0,0,0,0,0,0,0
510020,1,1,0,0,0,0,0,0,0,0,0,0
510020,2,1,0,12,0,0,0,0,0,0,0,0
510021,0,1,21,21,21,21,21,21,21,21,21,21
510021,1,1,0,0,0,0,0,0,0,0,0,0
510022,1,1,11,16,23,11,19,10,12,16,16,8
510023,0,1,23,23,23,23,23,23,23,23,23,23
510023,1,1,24,0,13,0,23,0,0,0,0,0
510024,1,1,0,0,0,0,0,0,0,0,0,0
510025,0,1,0,0,0,0,0,0,0,0,0,0
510025,1,1,0,0,0,0,0,0,0,0,0,0
510026,1,1,20,0,9,0,0,0,30,20,20,17
510027,1,1,20,20,20,20,20,20,20,20,20,20
510028,1,1,0,0,0,0,0,0,0,0,0,0
510028,2,1,0,0,0,0,0,0,0,0,0,0
510029,1,1,0,0,0,0,0,0,0,0,0,0
510029,2,1,0,7,0,0,0,0,0,0,0,0
510030,1,1,0,0,0,0,0,0,0,0,0,0
510031,1,1,0,0,0,0,0,0,0,0,0,0
510031,2,1,0,0,0,0,0,0,0,0,0,0
510032,1,1,0,0,0,0,0,0,0,0,0,0
510032,2,1,0,0,0,0,0,0,0,0,0,0
510033,1,1,0,0,0,28,0,0,26,5,0,0
510034,1,1,0,0,0,0,0,0,20,0,0,0
510034,2,1,0,0,0,0,0,0,0,0,0,0
510035,1,1,0,0,0,0,0,0,0,0,0,0
510035,2,1,0,0,0,0,0,0,0,0,0,0
510036,1,1,0,0,0,0,0,0,0,0,0,0
510036,2,1,0,0,0,0,0,0,0,0,0,0
510037,1,1,0,0,0,0,0,0,0,0,0,0
510038,1,1,0,0,0,0,0,0,0,0,0,0
510038,2,1,0,0,0,0,0,0,0,0,0,0
510039,1,1,34,34,34,34,34,34,34,34,34,34
510040,1,1,15,15,15,15,15,15,15,15,15,15
510040,2,1,0,0,0,0,0,0,0,0,0,0
510041,1,1,0,0,0,0,0,0,0,0,0,0
510042,1,1,13,13,13,13,13,13,13,13,13,13
510043,0,1,11,11,11,11,11,11,11,11,11,11
510043,1,1,0,0,10,0,0,0,0,0,0,0
510044,1,1,12,12,12,12,12,12,12,12,12,12
510045,1,1,0,0,0,0,0,0,0,0,0,0
510045,2,1,0,0,0,0,0,0,0,0,0,0
510046,1,1,0,0,0,0,0,0,0,0,0,0
510046,2,1,4,0,0,0,0,0,53,0,15,0
510047,0,1,0,0,0,25,0,0,0,0,0,0
510047,1,1,0,0,0,0,0,0,0,0,0,0
510048,1,1,9,11,9,4,8,9,24,14,9,3
510048,2,1,0,0,0,0,0,0,0,0,0,0
510049,1,1,0,0,0,0,0,0,0,0,0,0
510049,2,1,0,0,0,0,0,0,0,0,0,0
510050,1,1,0,0,0,0,0,0,0,0,0,0
510051,1,1,24,24,24,24,24,24,24,24,24,24
510052,1,1,0,0,0,0,0,0,0,11,0,0
510053,1,1,4,4,4,4,4,4,4,4,4,4
510053,2,1,0,0,0,0,0,0,0,0,0,0
510053,3,1,0,0,0,0,0,0,0,0,0,0
510054,1,1,10,10,10,10,10,10,10,10,10,10
510054,2,1,0,0,0,0,0,0,0,0,0,0
510055,0,1,0,0,0,0,0,0,0,0,0,0
510055,1,1,0,0,0,0,0,14,0,0,0,0
510056,1,1,0,0,0,0,0,0,0,0,0,0
510057,1,1,0,0,0,0,0,0,0,0,0,0
510057,2,1,0,0,0,0,0,0,0,0,0,0
510058,1,1,29,29,29,29,29,29,29,29,29,29
510059,1,1,0,0,0,0,0,0,0,0,0,0
510059,2,1,0,0,0,0,0,0,0,0,0,0
510060,1,1,0,0,0,14,0,0,0,0,0,0
510060,2,1,0,0,0,0,0,0,0,0,0,0
510061,0,1,0,0,0,0,0,0,0,0,0,0
510061,0,2,0,0,0,0,0,0,0,0,0,0
510061,0,3,0,0,0,0,0,0,0,0,0,0
510061,1,1,0,0,0,0,0,0,0,19,0,0
510062,1,1,22,27,29,31,32,6,20,0,28,22
510063,1,1,0,0,0,0,0,0,24,0,0,0
510063,2,1,0,0,0,0,0,0,0,0,0,0
510063,3,1,0,0,0,0,0,0,0,0,0,0
510064,1,1,0,0,0,0,0,0,0,0,0,0
510065,1,1,9,2,23,32,19,16,21,12,28,27
510066,1,1,0,0,0,0,0,0,0,0,0,0
510066,2,1,0,0,0,0,0,0,0,0,0,0
510067,1,1,12,12,12,12,12,12,12,12,12,12
510068,1,1,28,28,28,28,28,28,28,28,28,28
510069,1,1,0,17,0,0,10,7,0,0,0,0
510070,0,1,0,0,0,0,0,0,0,0,0,0
510070,1,1,0,0,0,0,0,0,0,0,0,0
510071,1,1,0,0,0,0,0,0,0,0,0,0
510071,2,1,0,0,0,0,0,0,0,0,0,0
510072,1,1,0,0,0,0,0,0,0,0,0,0
510072,2,1,0,0,0,0,0,0,0,0,0,0
510073,1,1,0,0,0,0,0,0,0,0,0,0
510073,2,1,0,0,0,0,0,0,0,0,0,0
510074,1,1,0,0,0,0,0,0,0,0,0,0
510074,2,1,0,0,0,0,0,0,0,0,0,0
510075,1,1,0,0,0,0,0,0,0,0,0,0
510076,0,1,0,0,0,0,0,0,0,0,0,0
510076,0,2,0,0,0,0,0,0,0,0,0,0
510076,2,1,0,0,0,0,0,0,0,0,0,0
510077,1,1,0,0,0,0,0,0,0,0,0,0
510078,1,1,0,0,0,0,0,0,0,0,0,0
510078,2,1,0,0,0,0,0,0,0,0,0,0
510079,1,1,16,16,16,16,16,16,16,16,16,16
510079,2,1,0,0,0,0,0,0,0,0,0,15
510080,1,1,0,0,0,0,0,0,0,0,0,20
510081,1,1,0,0,0,18,29,0,0,0,0,8
510081,2,1,0,0,0,0,0,0,0,0,0,0
510082,1,1,28,28,28,28,28,28,28,28,28,28
510083,0,1,24,24,24,24,24,24,24,24,24,24
510083,1,1,0,0,0,0,0,0,0,0,0,0
510084,1,1,0,0,0,0,0,0,0,0,0,0
510084,2,1,9,0,0,0,0,0,0,0,0,0
510085,0,1,22,22,22,22,22,22,22,22,22,22
510085,1,1,22,22,22,22,22,22,22,22,22,22
510086,1,1,0,0,0,0,0,0,0,0,0,0
510086,2,1,0,0,0,0,0,0,0,0,0,0
510087,1,1,9,9,9,9,9,9,9,9,9,9
510088,1,1,0,0,0,0,0,0,0,0,0,0
510089,1,1,15,15,15,15,15,15,15,15,15,15
510090,1,1,0,0,0,0,0,0,0,0,0,0
510090,2,1,17,0,0,0,0,0,0,0,0,0
510091,1,1,0,0,0,0,0,0,0,0,0,0
510091,2,1,14,14,14,14,14,14,14,14,14,14
510091,3,1,0,0,0,0,0,0,0,0,16,0
510092,1,1,2,2,2,2,2,2,2,2,2,2
510093,1,1,0,0,0,0,0,0,0,0,0,0
510094,1,1,0,0,0,26,0,0,0,0,0,0
510094,2,1,0,0,0,0,0,0,0,0,0,0
510094,3,1,0,0,0,0,17,0,0,15,0,0
510095,1,1,13,13,13,13,13,13,13,13,13,13
510096,1,1,0,0,0,0,0,0,0,0,0,0
510096,2,1,0,0,0,0,0,0,9,0,0,0
510096,3,1,0,0,0,12,0,0,0,0,0,0
510097,0,1,0,0,0,0,0,0,0,0,0,0
510097,1,1,0,0,0,12,0,0,0,0,0,0
510098,1,1,0,0,0,0,0,0,0,0,0,0
510098,2,1,0,0,0,0,0,0,0,0,0,0
510099,0,1,0,0,0,0,0,0,0,0,0,0