ST_CASE,VEH_NO,PER_NO,P1,P2,P3,P4,P5,P6,P7,P8,P9,P10
530525,0,1,0,0,0,0,0,0,0,0,0,0
530525,1,1,0,0,0,0,0,0,0,0,0,0
530526,1,1,0,0,0,0,0,0,0,0,0,0
530527,1,1,0,0,0,0,0,0,0,16,8,0
530527,2,1,15,0,6,6,4,13,7,9,13,11
530528,1,1,26,26,26,26,26,26,26,26,26,26
530528,2,1,0,0,0,0,0,0,0,0,0,0
530529,1,1,0,0,0,0,0,0,0,0,0,0
530530,1,1,0,0,0,0,0,0,0,0,0,0
530531,1,1,19,19,19,19,19,19,19,19,19,19
530532,1,1,16,16,16,16,16,16,16,16,16,16
530533,1,1,10,9,20,20,15,17,9,11,14,17
530534,1,1,0,0,0,0,0,0,0,0,0,0
530534,2,1,0,0,0,0,0,0,0,0,0,0
530535,0,1,0,0,0,0,0,0,5,0,0,0
530535,1,1,0,0,0,0,0,0,0,0,0,0
530536,1,1,0,0,0,0,0,0,0,0,0,10
530537,1,1,0,0,0,0,0,0,0,0,0,0
530537,2,1,0,0,0,0,0,0,0,0,0,0
530538,1,1,19,16,22,23,7,10,13,27,16,26
530539,0,1,0,0,0,20,8,22,0,0,31,0
530539,1,1,0,0,0,0,0,0,0,0,0,0
530540,1,1,0,0,0,0,0,0,0,0,0,0
530541,1,1,0,0,0,0,0,0,0,0,0,0
530542,1,1,0,0,0,0,0,0,0,0,0,0
530542,2,1,0,0,0,0,0,0,0,0,0,0
530543,0,1,0,0,0,20,0,0,0,0,0,0
530543,1,1,0,0,0,0,0,0,0,0,0,0
530544,0,1,11,11,11,11,11,11,11,11,11,11
530544,1,1,16,12,29,12,0,26,0,14,16,0
530546,0,1,0,0,0,0,0,0,0,0,0,0
530546,1,1,0,0,0,0,0,0,0,0,0,0
530547,1,1,7,7,7,7,7,7,7,7,7,7
530548,0,1,0,0,35,17,0,0,0,0,15,20
530548,1,1,0,0,31,0,0,0,0,0,0,0
530549,1,1,0,0,0,0,0,35,0,0,0,0
530549,2,1,0,0,0,0,0,0,0,0,0,0
530550,1,1,0,0,0,0,0,0,0,0,0,0
540001,1,1,0,0,0,0,0,0,0,0,0,0
540002,0,1,8,8,8,8,8,8,8,8,8,8
540002,1,1,0,0,0,0,0,0,0,0,0,0
540003,1,1,10,0,0,0,0,0,0,0,0,0
540003,2,1,0,0,0,0,0,0,0,0,0,0
540004,1,1,0,0,0,0,0,0,0,0,0,0
540004,2,1,0,0,0,0,0,0,0,0,0,0
540004,3,1,0,0,0,0,0,0,0,0,0,0
540005,1,1,13,13,13,13,13,13,13,13,13,13
540006,1,1,0,0,9,0,0,0,0,0,19,0
540006,2,1,0,0,0,0,0,0,0,0,0,0
540006,3,1,0,0,0,0,0,0,0,0,0,0
540007,1,1,18,18,18,18,18,18,18,18,18,18
540008,1,1,3,3,3,3,3,3,3,3,3,3
540009,1,1,0,0,0,0,0,0,0,0,0,0
540009,2,1,5,5,5,5,5,5,5,5,5,5
540010,1,1,0,0,14,0,0,0,0,0,0,0
540010,2,1,0,0,0,0,0,0,0,0,0,0
540011,0,1,0,0,0,0,0,0,0,0,0,0
540011,1,1,0,0,0,0,0,0,0,0,0,0
540012,1,1,12,12,12,12,12,12,12,12,12,12
540013,1,1,0,0,0,0,0,0,0,0,0,0
540013,2,1,11,0,0,0,0,0,0,0,0,0
540014,0,1,16,16,16,16,16,16,16,16,16,16
540014,1,1,0,0,0,0,0,0,0,0,0,0
540015,1,1,11,0,0,0,0,0,20,0,18,6
540016,1,1,0,0,0,0,0,0,0,0,0,0
540016,2,1,0,0,0,0,0,0,0,0,0,0
540016,3,1,0,0,0,0,0,0,0,0,24,0
540017,1,1,0,0,0,0,0,0,0,0,0,0
540019,1,1,0,0,0,0,0,0,0,0,0,0
540020,1,1,19,19,19,19,19,19,19,19,19,19
540021,1,1,0,0,0,0,0,0,0,0,0,0
540022,1,1,0,0,0,0,0,0,0,0,0,0
540023,1,1,30,30,30,30,30,30,30,30,30,30
540024,1,1,19,19,19,19,19,19,19,19,19,19
540024,2,1,0,0,0,0,0,0,0,0,0,0
540025,1,1,38,0,9,12,12,19,21,9,8,11
540026,1,1,14,8,25,15,12,15,13,18,17,20
540027,1,1,11,11,11,11,11,11,11,11,11,11
540028,1,1,0,0,0,0,0,0,0,0,0,0
540029,1,1,0,0,0,0,0,0,0,0,0,0
540030,1,1,0,0,0,0,0,0,0,0,0,0
540030,2,1,0,0,0,0,0,0,0,0,0,0
540030,3,1,9,9,9,9,9,9,9,9,9,9
540030,4,1,0,7,0,0,0,0,0,0,0,0
540031,0,1,0,0,0,0,0,0,0,0,0,0
540031,1,1,0,31,0,0,0,0,0,0,0,0
540032,1,1,0,0,0,0,0,0,0,0,0,0
540033,1,1,0,0,0,0,0,0,0,0,0,0
540034,1,1,29,0,0,0,0,0,0,0,0,0
540034,2,1,0,0,0,0,0,0,0,0,0,0
540035,1,1,0,0,0,0,0,0,0,0,0,0
540037,1,1,7,7,7,7,7,7,7,7,7,7
540037,2,1,0,0,0,0,0,0,0,0,0,0
540038,1,1,0,0,0,0,0,0,0,0,0,0
540038,2,1,0,22,0,0,0,0,0,0,0,0
540039,1,1,0,0,0,0,0,0,0,0,0,0
540039,2,1,0,0,0,0,0,0,0,0,0,0
540040,1,1,0,0,0,0,0,0,0,0,0,0
540041,1,1,0,0,0,0,0,0,0,0,0,0
540042,1,1,0,0,0,0,0,0,0,0,0,0
540042,2,1,0,0,0,0,0,0,0,0,0,0
540043,1,1,15,23,16,0,12,9,28,16,16,29
540044,1,1,0,0,0,0,0,0,0,0,0,0
540045,0,1,0,0,0,0,0,0,0,0,0,0
540045,1,1,0,20,0,18,0,0,0,0,0,0
540046,1,1,0,0,0,0,0,0,17,0,0,0
540046,2,1,0,0,0,0,0,0,0,0,0,0
540047,1,1,0,0,0,0,0,0,0,0,0,0
540048,1,1,0,0,0,0,0,0,0,0,0,0
540049,1,1,12,12,12,12,12,12,12,12,12,12
540050,1,1,11,11,11,11,11,11,11,11,11,11
540051,1,1,5,0,0,5,10,0,0,17,0,0
540052,1,1,0,0,0,0,0,0,0,0,0,0
540053,1,1,0,0,0,0,0,0,0,0,0,0
540054,1,1,0,0,0,0,0,0,0,0,0,0
540055,1,1,0,0,0,0,0,0,0,0,0,0
540056,1,1,13,13,13,13,13,13,13,13,13,13
540057,1,1,21,21,21,21,21,21,21,21,21,21
540058,1,1,0,0,0,0,0,0,0,0,0,0
540059,1,1,19,11,20,17,15,19,13,0,14,15
540060,1,1,26,26,26,26,26,26,26,26,26,26
540061,1,1,20,20,20,20,20,20,20,20,20,20
540062,1,1,0,0,0,0,0,0,0,0,0,0
540062,2,1,0,0,0,0,0,0,0,0,0,5
540062,3,1,0,0,0,0,0,0,0,0,0,0
540062,4,1,0,0,0,0,0,0,0,0,0,0
540062,5,1,0,0,0,0,0,0,0,0,0,0
540063,1,1,0,0,0,0,0,0,0,0,0,0
540063,2,1,0,0,0,0,0,0,0,0,0,0
540064,1,1,0,0,0,0,0,0,0,0,0,0
540064,2,1,0,0,0,0,0,0,0,0,0,0
540065,1,1,0,0,0,0,0,0,0,0,0,0
540065,2,1,0,0,0,0,0,0,0,0,0,0
540066,1,1,0,0,0,0,0,0,0,0,0,0
540066,2,1,0,0,0,0,0,0,0,0,0,0
540068,1,1,14,14,14,14,14,14,14,14,14,14
540068,2,1,20,2,5,9,16,11,14,11,8,18
540069,1,1,0,0,0,0,0,0,0,0,0,0
540069,2,1,0,0,0,0,0,0,0,0,0,0
540070,1,1,26,14,19,12,15,23,16,8,12,16
540070,2,1,0,0,0,0,0,0,0,0,0,0
540071,1,1,26,0,0,0,0,0,0,0,0,0
540071,2,1,0,0,0,0,0,0,0,0,0,0
540072,1,1,0,0,0,0,10,0,0,0,0,0
540072,2,1,2,2,2,2,2,2,2,2,2,2
540073,0,1,0,0,0,0,0,0,0,0,0,0
540073,1,1,14,33,13,13,20,9,6,11,0,3
540073,2,1,0,0,0,0,0,0,0,0,0,0
540074,1,1,0,0,0,0,0,0,0,0,0,0
540075,1,1,0,0,0,0,0,0,0,0,0,0
540075,2,1,0,0,0,0,0,0,0,0,0,0
540076,1,1,0,0,0,0,0,0,0,0,0,0
540077,1,1,0,0,0,0,0,0,0,0,0,0
540078,1,1,0,0,0,0,0,0,0,0,0,0
540079,1,1,0,0,0,0,0,0,0,0,0,0
540079,2,1,0,0,0,0,0,0,0,0,0,0
540080,1,1,0,0,0,0,0,0,0,0,0,0
540080,2,1,0,0,0,0,0,0,0,0,0,0
540080,3,1,0,0,0,0,0,0,0,0,0,0
540081,1,1,0,0,0,0,0,0,0,0,0,0
540081,2,1,0,0,0,0,0,0,0,0,0,0
540082,1,1,0,0,0,0,0,0,0,0,0,0
540083,1,1,0,0,0,0,0,0,0,0,0,0
540084,1,1,0,0,0,0,0,0,0,7,0,0
540084,2,1,0,0,0,0,0,0,0,0,0,0
540085,0,1,0,12,18,0,0,0,0,0,0,0
540085,1,1,0,0,0,0,0,0,0,0,0,0
540086,1,1,0,0,0,0,2,0,0,0,0,0
540086,2,1,0,0,0,0,0,0,0,0,0,0
540086,3,1,0,0,0,0,0,0,26,0,0,0
540087,1,1,10,21,13,23,17,13,11,30,15,11
540088,1,1,0,0,0,0,0,0,0,0,0,0
540088,2,1,0,0,0,0,0,0,0,0,0,0
540089,1,1,18,18,18,18,18,18,18,18,18,18
540090,1,1,25,25,25,25,25,25,25,25,25,25
540091,1,1,0,0,0,0,0,0,0,0,0,0
540091,2,1,0,0,0,0,0,0,0,0,0,0
540092,1,1,0,0,0,0,0,0,0,0,0,0
540092,2,1,0,0,0,0,0,0,0,0,0,0
540093,0,1,2,2,2,2,2,2,2,2,2,2
540093,1,1,0,0,0,0,0,0,0,0,0,0
540094,1,1,0,0,0,0,0,0,0,0,0,0
540095,1,1,0,0,0,0,0,0,0,0,0,0
540096,1,1,0,0,0,0,0,0,0,0,0,0
540096,2,1,0,0,0,0,0,0,0,0,0,0
540096,3,1,0,0,0,18,0,2,0,0,26,0
540097,1,1,0,0,0,0,0,0,0,0,0,0
540097,2,1,0,0,0,0,0,0,0,0,0,0
540098,1,1,19,19,19,19,19,19,19,19,19,19
540099,1,1,0,0,0,0,0,0,0,0,0,0
540099,2,1,0,0,0,0,0,0,0,0,0,0
540099,3,1,0,0,0,0,0,0,0,0,0,0
540100,1,1,0,0,0,0,0,0,0,0,0,0
540101,1,1,15,15,15,15,15,15,15,15,15,15
540101,2,1,0,0,0,0,0,0,0,0,0,0
540101,3,1,0,0,0,2,0,0,19,0,0,0
540102,0,1,0,0,0,0,0,0,0,0,0,0
540102,1,1,0,0,0,0,0,0,0,0,0,0
540102,2,1,0,0,25,0,0,0,0,9,0,0
540102,3,1,0,0,0,22,0,10,0,0,0,0
540103,1,1,0,0,0,0,0,0,0,0,0,0
540104,0,1,15,15,15,15,15,15,15,15,15,15
540104,1,1,0,0,12,0,0,0,0,0,0,0
540105,1,1,13,32,0,42,22,2,13,0,0,4
540106,1,1,8,8,8,8,8,8,8,8,8,8
540108,1,1,0,0,0,0,0,0,0,0,0,0
540108,2,1,0,0,0,0,13,0,0,0,0,0
540109,1,1,0,0,0,0,0,0,0,0,0,0
540110,1,1,0,0,0,0,0,0,0,0,0,0
540111,1,1,0,0,0,0,0,0,0,0,0,0
540112,1,1,0,0,0,0,0,0,0,0,0,0
540113,1,1,0,0,0,0,0,0,0,0,0,0
540114,1,1,16,16,16,16,16,16,16,16,16,16
540115,1,1,0,0,0,0,0,0,0,0,0,0
540116,1,1,0,0,0,0,0,0,0,0,0,0
540116,2,1,0,0,0,0,0,0,0,0,0,0
540117,1,1,0,0,0,0,0,0,0,0,0,0
540118,1,1,0,0,0,0,0,0,0,0,0,0
540119,1,1,13,13,13,13,13,13,13,13,13,13
540120,0,1,0,0,0,0,0,0,0,0,0,0
540120,1,1,0,0,0,0,0,0,0,0,0,0
540121,1,1,18,18,18,18,18,18,18,18,18,18
540122,1,1,0,0,0,0,0,0,0,0,0,0
540122,2,1,0,0,0,0,0,0,0,0,0,0
540123,0,1,0,0,0,0,0,0,21,0,0,0
540123,1,1,0,0,0,0,0,0,28,0,0,0
540124,1,1,8,8,17,6,16,30,26,26,16,46
540125,1,1,0,0,0,0,0,0,0,0,28,0
540125,2,1,0,0,0,0,0,0,0,0,0,0
540126,1,1,0,0,0,0,0,0,0,0,0,0
540126,2,1,0,0,0,0,0,0,0,0,0,0
540127,1,1,0,0,0,0,0,0,0,0,0,0
540127,2,1,0,0,0,0,0,0,0,0,0,20
540127,3,1,0,0,0,0,14,0,0,0,0,0
540128,1,1,18,18,18,18,18,18,18,18,18,18
540129,1,1,0,0,16,0,0,17,0,26,0,0
540130,1,1,0,0,0,0,0,0,0,0,0,0
540131,1,1,3,3,3,3,3,3,3,3,3,3
540132,1,1,0,0,0,0,0,0,0,0,0,0
540132,2,1,0,0,0,0,0,0,0,0,0,0
540133,1,1,7,7,7,7,7,7,7,7,7,7
540134,1,1,0,0,0,0,0,0,0,0,0,0
540135,1,1,0,0,0,0,0,0,0,0,0,0
540137,1,1,0,0,0,27,0,0,0,0,0,0
540138,1,1,0,0,0,0,0,0,0,0,0,0
540139,0,1,0,0,0,0,0,0,0,0,0,0
540139,1,1,0,0,0,0,0,0,0,0,0,0
540140,1,1,0,0,0,0,0,0,0,0,0,0
540141,1,1,0,13,0,46,0,7,0,0,28,0
540142,0,1,12,12,12,12,12,12,12,12,12,12
540142,1,1,5,5,5,5,5,5,5,5,5,5
540143,1,1,16,16,16,16,16,16,16,16,16,16
540144,1,1,0,0,0,0,0,0,0,0,0,0
540145,0,1,0,0,0,0,0,0,0,0,0,0
540145,1,1,0,0,0,7,0,0,0,11,0,0
540146,1,1,0,0,0,0,0,0,0,0,0,0
540147,1,1,0,0,0,0,0,0,0,0,0,0
540148,1,1,0,0,0,21,0,14,0,15,0,30
540149,1,1,0,0,0,0,0,0,0,0,0,15
540149,2,1,0,0,0,0,0,0,0,0,0,0
540150,1,1,0,0,0,0,0,0,0,25,0,0
540151,1,1,13,13,13,13,13,13,13,13,13,13
540152,1,1,22,22,22,22,22,22,22,22,22,22
540153,1,1,0,0,0,0,0,0,0,0,0,0
540153,2,1,0,0,0,0,0,0,0,0,0,0
540154,1,1,18,0,0,11,0,0,0,0,0,0
540154,2,1,0,0,0,0,0,0,0,0,0,0
540155,1,1,0,0,0,0,0,0,0,0,0,0
540155,2,1,0,0,0,0,0,0,0,0,0,0
540156,1,1,0,0,0,0,0,0,0,0,0,0
540156,2,1,0,0,0,0,0,0,0,0,0,0
540158,1,1,0,0,0,0,0,0,0,0,0,0
540158,2,1,0,0,0,0,0,0,0,0,0,0
540158,3,1,0,0,0,0,0,0,0,0,0,0
540159,1,1,0,0,0,0,0,0,0,0,0,0
540160,1,1,0,0,0,0,0,6,0,0,0,0
540160,2,1,0,0,0,0,0,0,0,0,0,0
540161,1,1,0,0,0,0,0,0,0,0,0,0
540162,0,1,0,0,0,0,0,0,0,0,0,0
540162,0,2,0,0,0,23,16,0,0,0,0,0
540162,1,1,0,0,0,0,0,0,0,0,0,0
540163,1,1,0,0,0,0,0,0,0,0,0,0
540164,1,1,0,0,0,0,0,0,0,0,0,0
540165,1,1,0,0,0,0,0,0,0,0,0,0
540166,1,1,0,0,0,0,0,0,0,0,0,0
540166,2,1,0,0,0,0,0,0,0,0,0,0
540167,0,1,0,0,0,0,0,0,0,0,0,0
540167,1,1,0,0,0,0,0,0,0,0,5,0
540168,1,1,0,0,0,0,0,0,13,0,0,7
540168,2,1,0,0,0,0,0,0,0,0,0,0
540169,0,1,0,0,0,0,0,0,0,0,0,0
540169,1,1,32,0,12,27,0,14,0,0,33,0
540170,1,1,0,0,0,0,0,0,0,0,0,0
540171,1,1,0,0,0,0,0,0,0,0,0,0
540171,2,1,0,0,0,0,0,0,0,0,0,0
540172,1,1,0,0,0,0,0,0,0,0,0,0
540173,1,1,19,19,19,19,19,19,19,19,19,19
540174,1,1,11,11,11,11,11,11,11,11,11,11
540175,1,1,0,0,0,0,0,0,0,0,0,30
540176,1,1,0,22,0,19,0,0,0,17,0,0
540177,1,1,0,0,0,0,0,0,0,0,0,0
540178,1,1,21,21,21,21,21,21,21,21,21,21
540179,1,1,14,14,14,14,14,14,14,14,14,14
540180,1,1,0,0,0,0,0,0,0,0,0,0
540181,1,1,0,0,0,0,0,0,0,0,0,0
540182,1,1,0,0,23,0,0,0,18,0,0,0
540183,1,1,0,0,0,0,0,0,0,0,0,0
540183,2,1,0,0,0,0,0,0,0,0,0,0
540184,1,1,0,0,0,0,0,0,0,0,0,0
540184,2,1,0,0,0,0,0,0,0,0,0,0
540185,1,1,0,0,0,0,0,0,0,0,0,0
540185,2,1,0,0,0,0,0,0,0,0,0,0
540186,1,1,0,0,0,0,0,0,0,0,0,0
540186,2,1,10,10,10,10,10,10,10,10,10,10
540187,1,1,0,0,0,0,0,0,0,0,0,0
540187,2,1,0,0,0,0,0,0,0,0,0,0
540187,3,1,0,0,0,0,0,0,0,0,0,0
540188,1,1,0,0,0,0,0,0,0,0,0,0
540188,2,1,0,0,0,0,0,0,0,0,0,0
540188,3,1,0,0,0,0,0,0,0,0,0,0
540189,1,1,0,0,0,0,0,0,0,0,0,0
540189,2,1,0,0,0,0,0,0,0,0,0,0
540190,1,1,0,0,0,0,0,0,0,0,0,0
540191,1,1,0,0,0,0,0,0,0,0,0,0
540192,1,1,0,0,0,0,0,0,0,0,0,0
540193,1,1,0,0,0,0,0,0,0,0,0,0
540193,2,1,0,0,0,0,0,0,0,0,0,0
540194,0,1,0,0,0,0,0,0,0,0,0,0
540194,1,1,0,0,0,0,0,0,0,0,0,0
540195,1,1,0,0,0,0,0,0,0,0,0,0
540196,1,1,0,0,0,0,0,16,0,0,0,0
540196,2,1,0,0,0,0,0,0,0,0,0,0
540197,1,1,0,0,0,0,0,0,0,0,0,0
540198,0,1,0,0,0,0,0,0,0,0,0,0
540198,1,1,0,0,0,0,0,18,14,0,29,0
540199,1,1,0,0,0,0,0,0,0,0,0,0
540200,1,1,2,2,2,2,2,2,2,2,2,2
540201,1,1,0,0,0,0,0,0,0,0,0,0
540202,1,1,5,5,5,5,5,5,5,5,5,5
540202,2,1,0,0,0,26,0,0,0,0,0,0
540202,3,1,0,0,12,0,0,0,0,0,0,0
540203,1,1,0,0,0,0,0,0,0,0,0,0
540203,2,1,0,0,0,0,0,0,8,0,0,0
540203,3,1,0,0,0,0,0,0,0,0,0,0
540204,1,1,0,0,0,0,0,0,0,0,0,0
540204,2,1,0,0,0,0,0,0,0,0,0,0
540204,3,1,19,0,19,20,23,17,25,5,26,0
540205,1,1,0,0,0,0,0,0,0,0,0,0
540205,2,1,0,0,0,0,0,0,0,0,0,0
540206,1,1,0,0,0,0,0,0,0,0,0,0
540206,2,1,0,0,0,0,0,0,0,0,0,0
540207,0,1,0,0,0,0,0,0,0,0,0,0
540207,1,1,26,5,0,0,0,0,9,14,0,11
540208,1,1,0,0,0,0,0,0,0,0,0,0
540209,1,1,0,0,0,0,0,0,0,0,0,0
540210,1,1,24,11,14,12,0,10,27,6,0,19
540211,0,1,18,18,18,18,18,18,18,18,18,18
540211,1,1,0,0,0,0,0,0,0,0,0,0
540212,0,1,0,0,0,0,0,0,0,0,0,0
540212,1,1,8,0,0,0,13,0,0,0,3,0
540213,1,1,0,0,0,0,0,0,0,0,0,0
540214,1,1,0,0,0,0,0,0,0,0,0,0
540215,1,1,0,0,0,0,0,0,0,0,0,0
540216,1,1,25,25,25,25,25,25,25,25,25,25
540217,1,1,24,15,24,22,19,20,8,19,15,13
540218,1,1,0,0,0,0,0,0,0,0,0,0
540219,1,1,7,7,7,7,7,7,7,7,7,7
540220,1,1,0,0,0,0,0,0,0,0,0,0
540221,1,1,18,18,18,18,18,18,18,18,18,18
540222,0,1,0,0,0,0,0,0,0,0,0,0
540222,1,1,0,0,0,0,0,0,0,0,0,0
540223,1,1,0,0,0,0,0,0,0,0,0,0
540224,1,1,0,0,0,0,0,0,0,0,0,0
540225,1,1,0,0,0,0,0,8,0,0,0,11
540225,2,1,0,0,0,0,0,0,0,0,0,0
540226,1,1,0,0,0,0,0,0,0,0,0,0
540226,2,1,0,0,0,0,14,0,0,0,0,0
540227,1,1,0,0,0,8,0,0,0,0,0,0
540227,2,1,0,0,0,0,0,0,0,0,0,0
540228,1,1,11,0,0,0,12,0,0,0,0,0
540229,1,1,0,0,21,0,21,0,0,0,0,0
540230,0,1,0,0,0,0,0,0,0,0,0,0
540230,1,1,0,0,0,0,0,0,0,0,0,0
540231,1,1,0,0,0,0,0,0,0,0,0,0
540232,1,1,17,17,17,17,17,17,17,17,17,17
540233,1,1,9,9,9,9,9,9,9,9,9,9
540233,2,1,10,10,10,10,10,10,10,10,10,10
540234,1,1,0,0,0,0,0,0,0,0,0,0
540235,1,1,0,0,0,0,0,0,0,0,0,0
540236,0,1,0,0,0,0,0,0,0,0,0,0
540236,1,1,0,0,0,0,0,0,0,0,0,0
540237,1,1,20,20,20,20,20,20,20,20,20,20
540238,1,1,0,0,0,0,0,0,0,0,0,0
540239,1,1,0,0,0,0,0,0,0,0,0,0
540239,2,1,0,0,0,0,0,0,0,0,0,0
540240,1,1,0,0,0,0,0,0,0,0,0,0
540240,2,1,0,0,0,0,0,0,0,0,0,0
540241,1,1,19,19,19,19,19,19,19,19,19,19
540241,2,1,37,0,0,0,0,0,0,0,0,0
540242,0,1,2,2,2,2,2,2,2,2,2,2
540242,1,1,0,11,14,6,0,21,4,16,14,20
540243,1,1,0,0,0,0,0,0,0,0,19,0
540244,0,1,0,0,0,0,0,0,0,0,0,0
540244,1,1,0,0,0,0,0,0,0,9,0,0
540245,1,1,0,0,0,0,0,0,0,0,0,0
540245,2,1,0,0,0,13,0,0,0,0,0,0
540246,0,1,0,0,0,0,0,0,0,0,0,0
540246,1,1,8,0,0,0,0,0,6,0,0,0
540247,1,1,0,0,0,22,0,4,6,0,0,0
540247,2,1,0,0,0,0,0,0,0,0,0,0
540248,1,1,0,0,0,0,0,0,0,0,0,0
540249,1,1,0,0,0,0,0,0,0,0,0,0
540250,0,1,0,0,0,0,0,0,0,0,0,0
540250,1,1,0,12,0,0,0,0,0,0,0,22
540252,1,1,18,18,18,18,18,18,18,18,18,18
540253,1,1,0,0,0,0,0,0,0,0,0,0
540254,0,1,12,12,12,12,12,12,12,12,12,12
540254,1,1,0,0,0,0,0,0,9,0,0,0
540255,1,1,0,0,0,0,0,0,0,0,0,0
540255,2,1,0,0,0,0,0,0,0,0,0,0
540256,1,1,0,0,0,0,0,0,0,0,0,0
540256,2,1,0,0,0,0,0,0,0,0,0,0
540257,1,1,0,0,0,0,0,0,0,0,0,0
540257,2,1,0,0,0,0,0,0,0,0,0,0
540258,1,1,0,0,0,0,0,0,0,0,0,0
540259,1,1,25,28,16,13,16,10,20,3,8,32
540261,0,1,36,36,36,36,36,36,36,36,36,36
540261,1,1,0,0,0,0,0,0,0,0,0,0
540262,1,1,0,0,0,0,0,0,0,0,0,0
540263,1,1,0,0,0,0,0,0,0,0,0,0
540264,1,1,0,0,0,0,0,0,0,0,0,0
540265,1,1,0,0,0,0,31,0,0,0,0,0
540265,2,1,0,0,0,0,0,0,0,0,0,0
540266,1,1,0,0,0,0,0,0,0,0,0,0
540266,2,1,0,0,0,0,0,0,0,0,0,0
540267,1,1,0,0,0,0,0,0,0,0,0,0
540267,2,1,0,0,0,0,0,0,0,0,0,0
540268,1,1,15,15,15,15,15,15,15,15,15,15
540269,1,1,0,0,0,0,0,0,0,0,0,0
540269,2,1,0,0,0,0,0,0,0,0,0,0
540270,1,1,0,0,0,0,0,0,0,0,0,0
540270,2,1,0,0,0,0,0,0,0,0,0,0
540271,1,1,0,0,0,0,0,0,0,0,0,0
540271,2,1,0,0,0,0,0,0,0,0,0,0
540272,1,1,0,0,35,0,0,0,0,0,0,0
540272,2,1,0,0,0,0,0,0,0,0,0,0
540273,1,1,0,0,0,0,0,0,0,0,0,0
540273,2,1,0,0,0,0,0,0,0,0,0,0
540274,1,1,0,0,0,0,0,18,0,0,0,0
540274,2,1,7,13,28,17,25,14,24,30,19,12
540275,1,1,0,0,0,0,0,0,0,0,0,0
540275,2,1,0,0,0,0,0,0,0,0,0,0
540276,1,1,0,0,0,0,0,0,0,0,0,0
540276,2,1,0,0,0,0,0,0,0,0,0,0
540277,1,1,0,0,0,0,0,0,0,0,23,0
540278,1,1,0,0,0,0,0,0,0,0,0,0
540279,1,1,0,0,0,0,0,0,0,0,0,0
540280,1,1,0,0,0,0,0,0,0,0,0,0
540280,2,1,0,0,0,22,0,0,0,0,0,0
540281,1,1,12,0,21,10,0,17,22,15,0,25
540282,1,1,11,11,11,11,11,11,11,11,11,11
540283,1,1,0,0,0,0,0,0,0,0,0,0
540283,2,1,0,0,0,0,0,0,0,0,0,0
540284,1,1,0,0,0,0,0,0,0,0,0,0
540285,1,1,11,11,11,11,11,11,11,11,11,11
540286,1,1,0,0,0,0,0,0,0,0,0,0
540287,1,1,24,24,24,24,24,24,24,24,24,24
540288,1,1,0,0,0,0,0,0,0,0,0,0
540288,2,1,0,0,0,0,0,0,0,0,0,0
550001,1,1,12,12,12,12,12,12,12,12,12,12
550001,2,1,0,0,0,0,0,0,0,0,0,0
550001,3,1,0,0,0,0,0,0,0,0,0,0
550002,1,1,0,0,0,0,0,0,0,0,0,0
550003,0,1,0,0,0,0,0,0,0,0,0,0
550003,1,1,0,0,0,0,0,0,0,0,0,0
550004,1,1,28,28,28,28,28,28,28,28,28,28
550005,1,1,0,0,0,0,0,0,0,0,0,0
550005,2,1,0,0,0,0,0,0,0,0,0,0
550006,1,1,0,0,0,0,0,0,0,0,0,0
550006,2,1,0,0,0,0,0,0,0,0,0,0
550007,1,1,0,0,0,0,0,0,0,0,0,0
550007,2,1,0,0,0,0,0,0,0,0,0,0
550008,1,1,0,0,0,0,0,0,0,0,0,0
550008,2,1,0,0,0,0,0,0,0,0,0,0
550009,1,1,31,31,31,31,31,31,31,31,31,31
550009,2,1,0,0,0,0,0,0,0,0,0,0
550010,1,1,0,0,0,0,0,0,0,0,0,0
550010,2,1,0,0,0,0,0,0,0,0,0,0
550011,1,1,0,0,0,0,0,0,0,0,0,0
550011,2,1,23,23,23,23,23,23,23,23,23,23
550012,1,1,0,0,0,0,0,0,0,0,0,0
550013,1,1,27,27,27,27,27,27,27,27,27,27
550014,1,1,0,0,0,0,0,0,0,0,0,0
550014,2,1,0,0,0,0,0,0,0,0,0,0
550015,1,1,0,0,0,0,0,0,0,0,0,0
550015,2,1,0,0,0,0,0,0,0,0,0,0
550016,1,1,0,0,0,0,0,12,0,0,0,0
550016,2,1,0,0,0,0,0,0,0,0,0,0
550017,1,1,0,0,0,0,0,0,0,0,0,0
550018,1,1,0,0,0,0,0,0,0,0,0,0
550018,2,1,0,0,0,0,0,0,0,0,0,0
550019,1,1,29,24,26,21,20,17,8,19,22,11
550020,1,1,0,0,0,0,0,0,0,0,0,0
550021,1,1,0,0,0,0,0,0,0,0,0,0
550021,2,1,0,0,0,0,0,0,0,0,0,0
550022,1,1,22,22,22,22,22,22,22,22,22,22
550023,1,1,26,26,26,26,26,26,26,26,26,26
550024,1,1,0,0,0,0,0,0,0,0,0,0
550025,1,1,7,7,7,7,7,7,7,7,7,7
550026,1,1,0,0,0,0,0,0,0,0,0,0
550027,1,1,0,0,0,0,0,0,0,0,0,0
550027,2,1,0,0,0,0,0,0,0,0,0,0
550028,0,1,0,0,0,0,0,0,0,0,0,0
550028,1,1,0,0,0,0,0,0,0,0,0,0