ST_CASE,VEH_NO,PER_NO,P1,P2,P3,P4,P5,P6,P7,P8,P9,P10
550029,1,1,0,0,0,0,0,0,0,0,0,0
550029,2,1,0,0,0,0,0,0,0,0,0,0
550030,1,1,0,0,0,0,0,0,0,0,0,0
550031,1,1,0,0,0,0,0,0,0,0,0,0
550031,2,1,0,0,0,0,0,0,0,0,0,0
550032,1,1,25,25,25,25,25,25,25,25,25,25
550033,1,1,0,0,0,0,0,0,0,0,0,0
550033,2,1,0,0,0,0,0,0,0,0,0,0
550034,0,1,0,0,0,0,0,0,0,0,0,0
550034,1,1,0,0,0,0,0,0,0,0,0,0
550035,1,1,26,26,26,26,26,26,26,26,26,26
550036,1,1,25,25,25,25,25,25,25,25,25,25
550036,2,1,0,0,0,0,0,0,0,0,0,0
550037,1,1,28,28,28,28,28,28,28,28,28,28
550037,2,1,2,2,2,2,2,2,2,2,2,2
550038,1,1,0,0,0,0,0,0,0,0,0,0
550038,2,1,0,0,0,0,0,0,0,0,0,0
550038,3,1,0,0,0,0,0,0,0,0,0,0
550039,1,1,25,25,25,25,25,25,25,25,25,25
550040,1,1,0,0,0,0,0,0,0,0,0,0
550041,1,1,13,13,13,13,13,13,13,13,13,13
550042,1,1,0,0,0,0,0,0,0,0,0,0
550043,1,1,0,0,0,0,0,0,0,0,0,0
550043,2,1,0,0,0,0,0,0,0,0,0,0
550044,1,1,0,0,0,0,0,0,0,0,0,0
550044,2,1,0,0,0,0,0,0,10,0,0,0
550045,0,1,0,0,0,0,0,0,0,0,0,0
550045,1,1,0,0,0,0,0,0,0,0,0,0
550046,1,1,0,0,0,0,0,0,0,0,0,0
550047,1,1,0,0,0,0,0,0,0,0,0,0
550047,2,1,0,12,0,0,0,0,0,0,0,0
550047,3,1,0,0,0,0,0,0,0,0,0,0
550047,4,1,0,0,0,0,0,0,0,0,0,0
550048,1,1,0,0,0,0,7,0,0,0,0,12
550049,1,1,0,0,0,0,0,0,0,0,0,0
550049,2,1,0,0,0,0,0,0,0,0,0,0
550050,1,1,14,14,14,14,14,14,14,14,14,14
550051,1,1,0,0,0,0,0,0,0,0,0,0
550051,2,1,0,0,0,0,0,0,0,0,0,0
550052,1,1,0,0,0,0,0,0,0,0,0,0
550053,0,1,0,0,0,0,0,0,0,0,0,0
550053,1,1,0,0,0,0,0,0,0,0,0,0
550054,1,1,0,0,0,0,0,0,0,0,0,0
550054,2,1,0,0,0,0,0,0,0,0,0,0
550054,3,1,0,0,0,0,0,0,0,0,0,0
550055,1,1,16,16,16,16,16,16,16,16,16,16
550055,2,1,0,0,0,0,0,0,0,0,0,0
550056,0,1,0,0,0,0,0,0,0,0,0,0
550056,1,1,0,0,0,0,0,0,0,0,0,0
550057,1,1,15,15,15,15,15,15,15,15,15,15
550057,2,1,19,19,19,19,19,19,19,19,19,19
550058,1,1,20,20,20,20,20,20,20,20,20,20
550059,1,1,0,0,0,0,0,0,0,0,0,0
550059,2,1,0,0,0,0,0,0,0,0,0,0
550060,1,1,25,25,25,25,25,25,25,25,25,25
550061,1,1,0,0,0,0,0,0,0,0,0,0
550061,2,1,27,27,27,27,27,27,27,27,27,27
550062,1,1,0,0,0,0,0,0,0,0,0,0
550062,2,1,0,0,0,0,0,0,0,0,0,0
550062,3,1,0,0,0,0,0,0,0,0,0,0
550063,0,1,21,21,21,21,21,21,21,21,21,21
550063,1,1,0,0,0,0,0,0,0,10,0,0
550064,1,1,0,0,0,0,14,0,0,19,0,0
550065,1,1,13,13,13,13,13,13,13,13,13,13
550066,0,1,0,0,0,0,22,0,0,34,0,0
550066,1,1,13,13,13,13,13,13,13,13,13,13
550067,0,1,0,0,0,0,0,0,0,0,0,0
550067,1,1,0,0,0,0,0,0,0,0,0,0
550068,1,1,0,0,0,0,0,0,0,0,0,0
550068,2,1,0,0,19,0,0,0,0,0,0,23
550069,1,1,28,28,28,28,28,28,28,28,28,28
550069,2,1,0,0,0,0,0,0,0,0,0,0
550070,1,1,0,0,0,0,0,0,0,0,0,0
550070,2,1,0,0,0,0,0,0,0,0,0,0
550071,1,1,0,0,0,0,0,0,0,0,0,0
550071,2,1,0,0,0,0,0,0,0,0,0,0
550072,1,1,22,22,22,22,22,22,22,22,22,22
550073,1,1,26,26,26,26,26,26,26,26,26,26
550074,1,1,0,0,0,0,0,0,0,0,0,0
550074,2,1,0,0,0,0,0,0,0,0,0,0
550075,1,1,0,0,0,0,0,0,0,0,0,0
550075,2,1,0,0,0,0,0,0,0,0,0,0
550076,1,1,8,8,8,8,8,8,8,8,8,8
550077,1,1,0,0,0,0,0,0,0,0,0,0
550077,2,1,0,0,0,0,0,0,0,0,0,0
550078,1,1,0,0,0,0,0,0,0,0,0,0
550078,2,1,0,0,0,0,17,0,0,0,0,0
550079,1,1,0,0,0,0,0,0,0,0,0,0
550080,1,1,0,0,0,0,0,0,0,7,0,0
550080,2,1,2,2,2,2,2,2,2,2,2,2
550081,1,1,0,0,0,0,0,0,0,0,0,0
550081,2,1,0,0,0,0,0,0,0,0,0,0
550082,1,1,0,0,0,0,0,0,0,0,0,0
550082,2,1,0,0,0,0,0,0,0,0,0,0
550083,1,1,25,25,25,25,25,25,25,25,25,25
550084,1,1,0,0,0,0,0,0,0,0,0,0
550085,1,1,6,6,6,6,6,6,6,6,6,6
550085,2,1,0,0,0,0,0,0,0,0,0,0
550086,1,1,0,0,0,0,0,0,0,0,0,0
550087,1,1,0,0,0,0,0,0,0,0,0,0
550088,1,1,0,0,0,0,9,0,11,0,0,0
550088,2,1,0,0,0,0,0,0,0,0,0,0
550089,0,1,20,20,20,20,20,20,20,20,20,20
550089,1,1,0,0,0,0,0,0,0,0,0,0
550090,1,1,0,0,0,0,0,0,0,0,0,0
550091,1,1,0,0,0,0,0,0,0,0,0,0
550092,1,1,0,0,0,0,0,0,0,0,0,0
550093,1,1,0,0,0,0,0,0,0,0,0,0
550093,2,1,0,0,0,0,0,0,0,0,0,0
550094,1,1,0,0,0,0,0,0,0,0,0,0
550094,2,1,0,0,0,0,0,0,0,0,0,0
550095,0,1,0,0,0,0,0,0,0,0,0,0
550095,0,2,0,0,0,0,0,0,0,0,0,0
550095,1,1,0,0,0,23,0,0,0,0,0,0
550095,2,1,0,0,0,0,0,0,0,0,0,0
550095,3,1,0,0,0,0,0,0,0,0,0,0
550096,1,1,0,0,0,0,0,0,0,0,0,0
550096,2,1,0,0,0,0,0,0,0,0,0,0
550097,1,1,36,36,36,36,36,36,36,36,36,36
550098,1,1,0,0,0,0,0,0,0,0,0,0
550098,2,1,0,0,0,0,0,0,0,0,0,0
550099,1,1,0,0,0,0,0,0,0,0,0,0
550100,1,1,2,2,2,2,2,2,2,2,2,2
550101,1,1,0,0,0,0,0,0,0,0,0,0
550102,1,1,0,0,0,0,0,0,0,0,0,0
550103,0,1,0,0,0,0,0,0,0,0,0,0
550103,1,1,0,0,0,0,0,0,0,0,0,0
550103,2,1,0,0,0,0,0,0,0,0,0,0
550104,1,1,0,0,0,0,0,0,0,0,0,0
550104,2,1,0,0,0,0,0,0,0,0,0,0
550105,1,1,0,0,0,0,0,0,0,0,0,0
550105,2,1,0,0,0,0,0,0,0,0,0,0
550106,1,1,0,0,0,0,0,0,0,0,0,0
550106,2,1,0,0,0,0,0,0,0,0,0,0
550107,1,1,4,4,4,4,4,4,4,4,4,4
550108,0,1,0,0,0,0,21,0,0,0,0,0
550108,1,1,0,0,0,0,0,0,0,0,0,0
550109,1,1,15,15,15,15,15,15,15,15,15,15
550110,0,1,0,0,0,0,0,0,0,0,0,0
550110,1,1,18,0,13,21,0,0,14,0,0,0
550111,1,1,21,17,22,7,12,28,6,15,17,18
550112,0,1,0,0,0,0,0,6,0,0,0,0
550112,1,1,0,0,0,7,0,13,0,0,0,0
550113,1,1,0,0,0,0,0,0,0,0,0,0
550114,0,1,0,0,0,0,0,0,0,0,0,0
550114,0,2,0,0,0,0,0,0,0,0,0,0
550114,0,3,0,0,0,0,0,0,0,0,0,0
550114,1,1,14,14,14,14,14,14,14,14,14,14
550115,1,1,7,7,7,7,7,7,7,7,7,7
550116,1,1,11,11,11,11,11,11,11,11,11,11
550117,1,1,13,13,13,13,13,13,13,13,13,13
550118,1,1,0,0,0,0,0,0,0,0,0,0
550118,2,1,0,0,0,0,0,0,0,0,0,0
550119,0,1,0,0,0,0,0,0,0,0,0,0
550119,1,1,0,0,0,0,0,0,0,0,0,0
550120,0,1,26,26,26,26,26,26,26,26,26,26
550120,1,1,0,0,0,0,0,8,0,0,0,0
550121,1,1,0,0,0,0,0,0,0,0,0,0
550122,0,1,33,33,33,33,33,33,33,33,33,33
550122,1,1,0,0,0,0,0,0,0,0,0,0
550123,0,1,0,0,0,0,0,0,0,0,0,0
550123,1,1,26,26,26,26,26,26,26,26,26,26
550124,1,1,0,0,0,0,0,0,0,0,0,0
550125,1,1,2,2,2,2,2,2,2,2,2,2
550126,1,1,13,13,13,13,13,13,13,13,13,13
550127,1,1,0,0,0,0,0,0,0,0,0,0
550127,2,1,0,0,0,0,0,0,0,0,0,0
550128,1,1,0,0,0,0,0,0,0,0,0,0
550128,2,1,12,12,12,12,12,12,12,12,12,12
550129,1,1,33,33,33,33,33,33,33,33,33,33
550130,1,1,0,0,0,0,0,0,0,0,0,0
550130,2,1,0,0,0,0,0,0,0,0,0,0
550131,1,1,0,0,0,0,0,0,0,0,0,0
550132,1,1,26,26,26,26,26,26,26,26,26,26
550133,1,1,1,1,1,1,1,1,1,1,1,1
550133,2,1,0,0,0,0,0,0,0,0,0,0
550134,1,1,24,24,24,24,24,24,24,24,24,24
550135,1,1,0,0,0,0,0,0,0,0,0,0
550136,1,1,18,18,18,18,18,18,18,18,18,18
550137,1,1,27,27,27,27,27,27,27,27,27,27
550138,1,1,0,0,0,0,0,0,0,0,0,0
550138,2,1,0,0,0,0,0,0,0,0,0,0
550139,1,1,0,16,0,0,0,0,0,0,0,11
550139,2,1,0,0,0,0,0,0,0,0,0,0
550140,0,1,0,0,10,0,17,0,0,10,0,8
550140,1,1,0,0,0,0,0,0,0,0,0,0
550141,0,1,0,0,0,0,0,0,0,0,0,0
550141,1,1,0,0,0,0,0,0,0,0,0,0
550142,1,1,19,19,19,19,19,19,19,19,19,19
550143,1,1,0,0,0,0,0,0,0,0,0,0
550144,1,1,0,0,0,0,0,0,0,0,0,0
550145,1,1,22,22,22,22,22,22,22,22,22,22
550146,1,1,0,0,0,0,0,0,11,0,0,0
550146,2,1,0,0,0,0,0,0,0,0,0,0
550147,1,1,20,20,20,20,20,20,20,20,20,20
550148,1,1,0,0,0,0,0,0,0,0,0,0
550149,1,1,17,17,17,17,17,17,17,17,17,17
550150,1,1,0,0,0,0,0,0,0,0,0,0
550150,2,1,0,0,0,0,0,0,0,0,0,0
550151,1,1,6,6,6,6,6,6,6,6,6,6
550151,2,1,0,0,0,0,0,0,0,0,0,0
550152,1,1,7,7,7,7,7,7,7,7,7,7
550152,2,1,0,5,0,0,8,0,0,0,0,0
550153,0,1,9,9,9,9,9,9,9,9,9,9
550153,1,1,0,0,0,0,0,0,0,0,0,0
550154,1,1,0,0,0,0,0,0,0,0,0,0
550155,1,1,0,0,0,0,0,0,0,0,0,0
550155,2,1,0,0,0,0,0,0,0,0,0,0
550156,1,1,0,0,0,0,0,0,0,0,0,0
550156,2,1,0,0,0,0,0,0,0,0,0,0
550157,0,1,39,39,39,39,39,39,39,39,39,39
550157,1,1,0,0,0,0,0,0,0,0,0,0
550158,1,1,0,0,0,0,0,0,0,0,0,0
550159,1,1,0,0,9,41,0,0,0,0,7,0
550160,0,1,0,0,0,0,0,0,41,0,12,0
550160,1,1,0,0,0,0,0,0,0,0,0,0
550161,1,1,0,0,0,0,0,0,0,0,0,0
550162,1,1,0,0,0,0,0,0,0,0,0,0
550163,1,1,0,0,0,0,0,0,0,0,0,0
550163,2,1,0,0,0,0,0,0,0,0,0,0
550164,1,1,0,0,0,0,0,0,0,0,0,0
550164,2,1,0,0,0,0,0,0,0,0,0,0
550165,1,1,0,0,0,0,0,0,0,0,0,0
550165,2,1,0,0,0,0,0,0,0,0,0,0
550166,1,1,0,0,0,0,0,0,0,0,0,0
550166,2,1,0,0,0,0,0,0,0,0,0,0
550167,1,1,0,0,0,0,0,0,0,0,0,0
550167,2,1,0,0,0,0,0,0,0,0,0,0
550168,1,1,11,11,11,11,11,11,11,11,11,11
550169,1,1,0,0,0,0,0,0,0,0,0,0
550169,2,1,4,4,4,4,4,4,4,4,4,4
550170,1,1,0,0,0,0,0,0,0,0,0,0
550170,2,1,0,0,0,0,0,0,0,0,0,0
550171,1,1,0,0,0,0,0,0,0,0,0,0
550171,2,1,0,0,0,0,0,0,0,0,0,0
550172,0,1,0,0,0,0,0,0,0,0,0,0
550172,1,1,0,0,0,0,0,0,0,0,0,0
550173,1,1,5,5,5,5,5,5,5,5,5,5
550173,2,1,11,11,11,11,11,11,11,11,11,11
550174,1,1,0,0,0,0,0,0,0,0,0,0
550174,2,1,0,0,0,0,0,0,0,0,0,0
550175,1,1,0,0,0,0,0,0,0,0,0,0
550176,1,1,0,0,0,0,0,0,0,0,0,0
550176,2,1,0,0,0,0,0,0,0,0,0,0
550177,1,1,0,0,0,0,0,0,0,0,0,0
550177,2,1,3,3,3,3,3,3,3,3,3,3
550178,1,1,15,0,0,0,0,11,0,21,0,0
550179,1,1,0,0,0,0,0,0,0,14,0,0
550179,2,1,0,0,0,0,0,0,0,0,0,0
550180,1,1,19,19,19,19,19,19,19,19,19,19
550181,1,1,0,0,0,0,0,0,0,0,0,0
550182,1,1,0,0,0,0,0,0,0,0,0,0
550182,2,1,0,0,0,0,0,0,0,0,0,0
550182,3,1,0,0,0,0,0,0,0,0,0,0
550183,1,1,0,0,0,0,0,0,0,0,0,0
550183,2,1,0,0,0,0,0,0,0,0,0,0
550184,1,1,22,22,22,22,22,22,22,22,22,22
550184,2,1,0,0,0,0,0,0,0,0,0,0
550185,1,1,0,0,0,0,0,0,0,0,0,0
550185,2,1,0,0,0,0,0,0,0,0,0,0
550186,1,1,0,0,0,0,0,0,0,0,4,0
550187,1,1,16,16,16,16,16,16,16,16,16,16
550188,1,1,0,0,0,0,0,0,0,0,0,0
550188,2,1,0,0,0,0,0,0,0,0,0,0
550189,1,1,6,6,6,6,6,6,6,6,6,6
550190,1,1,16,16,16,16,16,16,16,16,16,16
550191,1,1,0,18,21,0,0,0,0,0,0,27
550192,1,1,8,8,8,8,8,8,8,8,8,8
550193,1,1,0,0,0,0,0,0,0,0,0,0
550194,1,1,18,18,18,18,18,18,18,18,18,18
550195,0,1,0,0,0,0,0,0,0,0,0,0
550195,1,1,0,0,0,0,0,0,0,0,0,0
550196,1,1,0,0,0,0,0,0,0,0,0,0
550196,2,1,0,0,0,0,0,0,0,0,0,0
550197,1,1,0,0,0,0,0,0,0,0,0,0
550198,1,1,11,11,11,11,11,11,11,11,11,11
550199,1,1,0,0,0,0,0,0,0,0,0,0
550199,2,1,0,0,0,0,0,8,0,0,0,12
550199,3,1,0,0,0,0,0,0,0,0,0,0
550200,1,1,0,0,0,0,0,0,0,0,0,0
550200,2,1,0,0,0,0,0,0,0,0,0,0
550201,1,1,0,0,0,0,0,0,0,0,0,0
550201,2,1,0,0,0,0,0,0,0,0,0,0
550202,1,1,21,21,21,21,21,21,21,21,21,21
550202,2,1,0,0,8,0,5,0,0,0,0,0
550203,1,1,0,0,0,0,0,0,0,0,0,0
550203,2,1,0,0,0,0,0,0,0,0,0,0
550204,1,1,19,19,19,19,19,19,19,19,19,19
550204,2,1,0,0,0,0,0,0,0,0,0,0
550205,1,1,34,34,34,34,34,34,34,34,34,34
550205,2,1,0,0,0,0,0,0,0,0,0,0
550206,0,1,0,0,0,0,0,0,0,0,0,0
550207,1,1,0,0,0,0,0,0,0,0,0,0
550207,2,1,0,0,0,0,0,0,0,0,0,0
550208,1,1,0,0,0,0,0,0,0,0,0,0
550208,2,1,0,0,0,0,0,0,0,0,0,0
550209,1,1,0,0,0,0,0,0,0,0,0,0
550209,2,1,0,0,0,0,0,0,0,0,0,0
550209,3,1,0,0,0,0,0,0,0,0,0,0
550210,0,1,25,25,25,25,25,25,25,25,25,25
550210,1,1,10,0,0,0,0,0,0,0,6,0
550211,1,1,31,31,31,31,31,31,31,31,31,31
550211,2,1,0,0,0,0,0,0,0,0,0,0
550212,1,1,0,0,0,0,0,0,0,0,0,0
550213,1,1,0,0,0,0,0,0,0,25,0,0
550214,1,1,0,0,0,0,0,0,0,0,0,0
550215,1,1,0,0,0,0,0,0,0,0,0,0
550216,1,1,0,0,0,0,0,0,0,0,0,0
550217,1,1,28,28,28,28,28,28,28,28,28,28
550218,1,1,0,0,0,0,0,0,0,0,0,0
550219,1,1,0,0,0,0,0,0,0,0,0,0
550220,1,1,0,0,0,0,0,0,0,0,0,0
550221,1,1,26,26,26,26,26,26,26,26,26,26
550221,2,1,0,0,0,0,0,0,0,0,0,0
550222,1,1,5,5,5,5,5,5,5,5,5,5
550222,2,1,0,0,0,0,0,0,0,0,0,0
550223,1,1,0,0,0,0,0,0,0,0,0,0
550223,2,1,11,11,11,11,11,11,11,11,11,11
550224,1,1,0,0,0,0,0,0,0,0,0,0
550224,2,1,0,0,0,0,0,0,0,0,0,0
550225,1,1,16,16,16,16,16,16,16,16,16,16
550225,2,1,0,0,0,0,0,0,0,0,0,0
550226,1,1,0,0,0,19,0,0,0,0,0,0
550227,1,1,24,24,24,24,24,24,24,24,24,24
550228,1,1,12,12,12,12,12,12,12,12,12,12
550229,1,1,13,13,13,13,13,13,13,13,13,13
550229,2,1,27,27,27,27,27,27,27,27,27,27
550230,1,1,0,0,0,0,0,0,0,0,0,0
550230,2,1,0,0,0,0,0,0,0,0,0,0
550231,1,1,0,0,0,0,0,0,0,0,0,0
550232,1,1,0,0,0,0,0,0,0,0,0,0
550232,2,1,0,0,0,0,0,0,0,0,0,0
550233,1,1,0,0,0,6,0,0,0,0,0,9
550233,2,1,0,0,0,0,0,0,0,0,0,0
550234,1,1,0,0,0,0,0,0,0,0,0,0
550234,2,1,0,0,0,0,0,0,0,0,0,0
550235,1,1,19,19,19,19,19,19,19,19,19,19
550235,2,1,0,0,0,0,0,0,0,0,0,0
550236,1,1,0,0,0,0,0,0,0,0,0,0
550236,2,1,0,0,0,0,0,0,0,0,0,0
550237,1,1,0,0,0,15,0,0,0,0,0,6
550238,1,1,0,0,0,0,0,0,0,0,0,0
550238,2,1,0,0,0,0,0,0,0,0,0,0
550239,0,1,19,19,19,19,19,19,19,19,19,19
550239,1,1,0,0,0,0,0,0,0,0,0,0
550240,1,1,0,0,0,0,0,0,0,0,0,20
550240,2,1,0,0,0,0,0,0,25,0,0,0
550241,1,1,0,0,0,0,0,0,0,0,0,0
550242,1,1,0,0,0,0,0,0,0,0,0,0
550242,2,1,0,0,0,0,0,0,0,0,0,0
550243,1,1,0,0,0,0,0,0,0,0,0,0
550243,2,1,0,0,0,0,0,0,0,0,0,0
550244,0,1,0,0,0,0,0,0,0,0,0,0
550244,0,2,0,0,0,0,0,0,0,0,0,0
550244,0,3,0,0,0,0,0,0,0,0,0,0
550244,1,1,0,0,0,0,0,0,0,0,0,0
550245,1,1,0,0,0,0,0,0,0,0,14,0
550246,1,1,16,16,16,16,16,16,16,16,16,16
550247,1,1,29,29,29,29,29,29,29,29,29,29
550248,1,1,33,33,33,33,33,33,33,33,33,33
550249,1,1,5,5,5,5,5,5,5,5,5,5
550250,1,1,0,0,0,0,0,0,0,0,0,0
550250,2,1,15,15,15,15,15,15,15,15,15,15
550251,1,1,0,0,0,0,0,0,0,0,0,0
550251,2,1,0,0,0,0,0,0,0,0,0,0
550252,1,1,0,39,0,0,0,0,0,0,0,0
550252,2,1,0,0,0,0,0,0,0,0,0,0
550253,1,1,0,0,0,0,0,0,0,0,0,0
550254,1,1,0,0,0,0,0,0,0,0,0,0
550254,2,1,0,0,0,0,0,0,0,0,0,0
550255,1,1,0,0,19,18,0,0,0,0,0,0
550256,1,1,15,20,8,15,7,17,13,14,20,11
550257,1,1,28,0,21,0,25,27,28,0,0,3
550258,1,1,0,0,0,0,0,0,0,0,0,0
550258,2,1,0,0,0,0,0,0,0,0,0,0
550259,1,1,0,0,0,0,0,0,0,0,0,0
550260,1,1,25,25,25,25,25,25,25,25,25,25
550260,2,1,0,0,0,0,0,0,0,0,0,0
550261,0,1,20,20,20,20,20,20,20,20,20,20
550261,1,1,0,0,0,0,0,0,0,0,0,0
550262,1,1,0,0,0,0,0,0,0,0,0,0
550262,2,1,0,0,0,0,0,0,0,0,0,0
550263,1,1,0,0,0,0,17,0,0,0,0,0
550264,1,1,11,0,0,0,0,0,0,0,0,0
550265,0,1,0,0,0,0,0,0,0,0,0,0
550265,1,1,0,0,0,0,0,0,0,0,0,0
550266,1,1,0,0,0,0,0,0,0,0,0,0
550266,2,1,0,0,0,0,0,0,0,0,0,0
550267,1,1,2,2,2,2,2,2,2,2,2,2
550267,2,1,0,0,0,0,0,0,0,0,0,0
550268,1,1,14,14,14,14,14,14,14,14,14,14
550268,2,1,30,5,0,11,0,0,17,0,0,21
550269,1,1,0,0,0,0,0,0,0,0,0,0
550269,2,1,17,17,17,17,17,17,17,17,17,17
550270,1,1,0,0,0,0,0,0,0,0,0,0
550271,1,1,25,25,25,25,25,25,25,25,25,25
550272,0,1,2,2,2,2,2,2,2,2,2,2
550272,1,1,0,0,0,0,20,0,18,0,6,0
550273,1,1,0,0,0,0,0,0,0,0,0,0
550273,2,1,0,0,0,0,0,0,0,0,0,0
550274,1,1,25,34,28,6,25,30,11,10,0,7
550275,1,1,0,0,0,0,0,0,0,0,0,0
550276,1,1,13,13,13,13,13,13,13,13,13,13
550276,2,1,0,0,0,0,0,0,0,0,0,0
550277,1,1,0,0,0,0,0,0,0,0,0,0
550277,2,1,0,0,0,0,0,0,0,0,0,0
550278,1,1,10,19,26,10,18,29,17,21,18,27
550280,1,1,0,0,0,0,0,0,0,0,0,0
550280,2,1,0,0,0,0,0,0,0,0,0,0
550281,1,1,0,0,0,0,0,0,0,0,0,0
550281,2,1,0,0,0,0,0,0,0,0,0,0
550281,3,1,0,0,0,0,0,0,29,0,0,0
550282,1,1,21,21,21,21,21,21,21,21,21,21
550283,1,1,0,0,0,0,0,0,0,0,0,0
550284,0,1,0,0,0,0,0,0,0,0,0,0
550284,1,1,0,0,0,0,0,0,0,0,0,0
550285,1,1,5,11,28,5,21,24,14,11,10,8
550286,0,1,19,19,19,19,19,19,19,19,19,19
550286,1,1,0,0,0,0,0,0,0,0,0,0
550287,1,1,0,0,0,0,0,0,0,0,0,0
550287,2,1,0,0,0,0,0,0,0,0,0,0
550288,1,1,0,0,0,0,0,0,0,0,0,0
550289,1,1,0,0,0,0,0,0,0,0,0,0
550290,1,1,0,0,0,0,0,0,0,0,0,0
550291,1,1,0,0,0,0,0,0,0,0,0,0
550291,2,1,0,0,0,0,0,0,0,0,0,0
550292,1,1,3,3,3,3,3,3,3,3,3,3
550293,1,1,0,0,0,0,0,0,0,0,0,0
550294,1,1,0,0,0,0,0,0,0,0,0,0
550294,2,1,0,0,0,0,0,0,0,0,0,0
550295,1,1,0,0,0,0,0,0,0,0,0,0
550296,1,1,29,29,29,29,29,29,29,29,29,29
550297,1,1,12,0,0,0,0,0,0,0,0,0
550298,1,1,0,0,0,0,0,0,0,0,0,0
550298,2,1,0,0,0,0,0,0,0,0,0,0
550299,1,1,18,18,18,18,18,18,18,18,18,18
550300,1,1,0,0,0,0,0,0,0,0,0,0
550300,2,1,0,0,0,0,0,0,0,0,0,0
550301,1,1,0,0,0,0,0,0,0,0,0,0
550301,2,1,0,0,0,0,0,0,0,0,0,0
550302,0,1,0,0,0,0,0,0,0,0,0,0
550302,1,1,0,0,0,0,0,21,0,0,0,0
550303,1,1,0,0,0,0,0,0,0,0,0,0
550303,2,1,0,0,0,0,0,0,0,0,0,0
550304,1,1,0,0,0,0,0,0,0,0,0,0
550304,2,1,12,12,12,12,12,12,12,12,12,12
550305,1,1,5,5,5,5,5,5,5,5,5,5
550305,2,1,0,0,0,0,0,0,0,0,0,0
550306,1,1,33,33,33,33,33,33,33,33,33,33
550307,1,1,0,0,0,0,0,0,0,0,0,0
550307,2,1,0,0,0,0,0,0,0,0,0,0
550308,1,1,16,16,16,16,16,16,16,16,16,16
550308,2,1,0,0,0,0,0,0,0,0,0,0
550309,1,1,0,15,0,0,33,13,0,19,0,0
550310,1,1,9,9,9,9,9,9,9,9,9,9
550311,1,1,23,23,23,23,23,23,23,23,23,23
550312,1,1,7,7,7,7,7,7,7,7,7,7
550312,2,1,0,0,0,0,0,0,0,0,0,0
550313,1,1,0,0,0,0,0,0,0,0,0,0
550313,2,1,0,0,0,0,0,0,0,0,0,0
550314,1,1,28,28,28,28,28,28,28,28,28,28
550315,0,1,34,34,34,34,34,34,34,34,34,34
550315,1,1,0,0,0,0,0,0,0,0,0,0
550316,1,1,20,20,20,20,20,20,20,20,20,20
550317,1,1,0,0,0,0,0,0,0,0,0,0
550317,2,1,0,0,0,0,0,0,0,0,0,0
550318,1,1,20,20,20,20,20,20,20,20,20,20
550319,0,1,20,20,20,20,20,20,20,20,20,20
550319,1,1,22,27,0,29,23,19,7,0,0,0
550320,1,1,0,0,0,0,0,0,0,0,0,0
550322,1,1,0,0,0,0,0,0,0,0,0,0
550322,2,1,0,0,0,0,0,0,0,0,0,0
550323,1,1,6,6,6,6,6,6,6,6,6,6
550323,2,1,0,0,0,0,0,0,0,0,0,0
550324,1,1,0,0,0,0,0,0,0,0,0,0
550324,2,1,0,0,0,0,0,0,0,0,0,0
550325,1,1,0,0,0,0,0,0,0,0,0,0
550326,1,1,0,0,0,0,0,0,0,0,0,0
550327,1,1,8,8,8,8,8,8,8,8,8,8
550328,1,1,0,0,0,0,0,0,0,0,0,0
550329,1,1,9,0,0,0,0,9,0,26,0,0
550330,1,1,0,0,0,0,0,0,0,0,0,0
550330,2,1,0,0,0,0,0,0,0,0,0,0
550331,0,1,0,0,0,0,0,0,0,0,0,0
550331,1,1,0,0,0,0,0,0,0,0,0,0
550332,0,1,0,0,0,0,0,0,0,0,0,0
550332,1,1,0,0,0,0,0,0,0,0,0,0
550333,1,1,0,0,0,0,0,0,0,0,0,0
550333,2,1,0,0,0,0,0,0,0,0,0,0
550334,0,1,14,0,0,0,0,0,0,14,0,0
550334,1,1,14,14,14,14,14,14,14,14,14,14
550334,4,1,0,17,25,0,0,0,0,0,0,0
550334,5,1,0,0,0,0,14,0,0,0,0,0
550335,1,1,0,0,0,0,0,0,0,0,0,0
550335,2,1,12,12,12,12,12,12,12,12,12,12
550335,3,1,0,0,0,0,0,0,0,0,0,31
550336,1,1,0,0,0,0,7,0,0,0,0,0
550336,2,1,0,0,0,0,0,0,0,0,0,0
550337,1,1,0,0,0,0,0,0,0,0,0,0
550337,2,1,0,0,0,0,0,0,0,0,0,0
550338,1,1,11,11,11,11,11,11,11,11,11,11
550338,2,1,30,13,19,11,40,27,24,27,38,23
550339,1,1,3,3,3,3,3,3,3,3,3,3
550339,2,1,0,0,0,0,0,0,0,0,0,0
550340,1,1,17,17,17,17,17,17,17,17,17,17
550341,1,1,0,0,0,0,0,0,0,0,19,0
550341,2,1,0,0,0,0,0,0,0,0,0,0
550342,1,1,0,0,0,0,0,0,0,0,0,0