ST_CASE,VEH_NO,PER_NO,P1,P2,P3,P4,P5,P6,P7,P8,P9,P10
60596,3,1,0,0,0,0,0,0,0,0,0,0
60596,4,1,0,0,0,0,0,0,0,0,0,0
60597,0,1,0,0,0,0,0,0,0,0,0,0
60597,1,1,0,0,0,0,0,0,0,0,0,0
60598,1,1,0,0,0,0,0,0,0,0,0,0
60598,2,1,0,0,0,0,0,0,0,0,0,0
60599,0,1,18,18,18,18,18,18,18,18,18,18
60599,1,1,0,0,0,0,0,0,0,0,0,0
60599,2,1,0,23,0,0,0,0,0,0,0,6
60600,0,1,0,0,0,0,0,0,0,0,0,0
60600,1,1,0,0,0,0,0,0,0,0,0,0
60601,1,1,36,36,36,36,36,36,36,36,36,36
60601,2,1,0,0,0,0,0,0,0,0,0,0
60601,3,1,0,0,0,0,0,0,0,18,0,0
60602,1,1,0,0,0,0,0,15,0,0,0,0
60603,1,1,8,8,8,8,8,8,8,8,8,8
60603,2,1,0,0,0,0,0,0,0,0,0,0
60603,3,1,0,0,0,0,0,0,0,0,0,0
60604,0,1,0,0,0,0,0,0,0,0,0,0
60604,1,1,0,0,0,0,0,0,0,0,0,0
60605,1,1,15,15,15,15,15,15,15,15,15,15
60606,1,1,7,7,7,7,7,7,7,7,7,7
60607,1,1,0,0,0,0,0,0,0,0,0,0
60607,2,1,0,0,0,0,0,0,0,0,0,0
60607,3,1,0,0,0,0,0,0,0,0,0,0
60608,1,1,24,24,24,24,24,24,24,24,24,24
60608,2,1,0,0,0,0,0,0,31,0,0,0
60609,1,1,0,0,0,0,0,0,0,0,0,0
60609,2,1,0,0,0,0,0,0,0,0,0,0
60610,0,1,0,0,12,0,0,0,0,0,0,0
60610,1,1,0,0,0,0,0,0,0,0,0,0
60611,0,1,0,30,33,0,0,0,0,0,0,0
60611,1,1,0,0,0,0,0,0,0,0,0,0
60612,0,1,0,0,0,0,0,0,0,0,0,0
60612,1,1,0,0,0,0,0,0,0,0,0,0
60613,1,1,0,0,0,0,0,0,0,0,0,0
60613,2,1,0,0,0,0,0,0,0,0,0,0
60614,0,1,0,0,0,0,0,0,0,0,0,0
60615,1,1,0,0,0,0,0,0,0,0,0,0
60616,1,1,0,0,9,0,12,0,0,9,0,11
60617,1,1,0,0,0,0,0,0,0,0,0,0
60618,1,1,28,22,31,0,23,28,15,24,6,28
60619,1,1,17,17,17,17,17,17,17,17,17,17
60619,2,1,0,0,0,0,0,0,0,0,0,0
60620,1,1,0,0,0,0,0,0,0,0,0,0
60620,2,1,0,0,0,0,0,0,0,0,0,0
60621,1,1,0,0,0,0,0,0,0,0,0,0
60621,2,1,0,0,0,0,0,0,0,0,0,0
60622,1,1,8,8,8,8,8,8,8,8,8,8
60623,1,1,11,11,11,11,11,11,11,11,11,11
60624,1,1,0,0,0,0,0,0,0,0,0,0
60624,2,1,0,0,0,0,0,0,0,0,0,0
60625,1,1,0,0,0,0,0,0,0,0,0,0
60625,2,1,0,0,0,0,0,0,0,0,0,0
60626,1,1,0,0,0,0,0,0,0,0,0,22
60626,2,1,0,0,0,0,0,0,0,0,0,0
60627,1,1,0,0,0,0,0,0,0,0,0,0
60627,2,1,0,0,18,0,0,0,0,0,0,0
60628,1,1,0,0,0,0,0,0,0,0,0,0
60628,2,1,0,0,0,0,0,0,0,0,0,0
60630,1,1,0,0,0,0,0,0,0,0,0,0
60631,1,1,0,0,0,0,0,0,0,0,27,0
60632,1,1,18,18,18,18,18,18,18,18,18,18
60634,1,1,2,2,2,2,2,2,2,2,2,2
60634,2,1,0,0,0,0,0,0,0,0,0,0
60635,1,1,0,0,0,0,0,0,0,0,0,0
60635,2,1,0,0,0,0,0,0,0,0,0,0
60635,3,1,0,0,0,0,0,0,0,0,0,0
60635,4,1,0,0,0,0,0,0,0,0,0,0
60636,1,1,0,0,0,0,0,0,0,0,0,0
60637,0,1,0,0,0,0,0,0,0,0,0,0
60637,1,1,0,0,0,0,0,0,0,0,0,0
60638,1,1,9,9,9,9,9,9,9,9,9,9
60639,1,1,0,0,0,0,0,0,0,0,0,0
60640,0,1,51,0,17,0,0,0,18,0,0,0
60640,2,1,10,10,10,10,10,10,10,10,10,10
60641,1,1,4,4,4,4,4,4,4,4,4,4
60641,2,1,0,0,0,0,0,0,0,0,0,0
60642,1,1,24,24,24,24,24,24,24,24,24,24
60643,1,1,18,18,18,18,18,18,18,18,18,18
60644,1,1,2,2,2,2,2,2,2,2,2,2
60645,1,1,0,0,0,0,0,0,0,0,41,27
60646,1,1,7,7,7,7,7,7,7,7,7,7
60646,2,1,0,0,0,0,0,0,0,0,0,0
60647,1,1,14,14,14,14,14,14,14,14,14,14
60648,0,1,17,18,28,39,31,25,25,16,0,41
60648,1,1,18,0,0,0,0,17,0,0,0,0
60649,1,1,0,0,0,0,0,0,0,0,0,0
60650,1,1,21,21,21,21,21,21,21,21,21,21
60650,2,1,0,0,0,0,0,0,0,0,0,0
60651,0,1,0,0,0,0,0,0,0,0,0,0
60651,1,1,23,0,0,0,11,0,0,0,0,0
60652,0,1,19,19,19,19,19,19,19,19,19,19
60652,1,1,0,0,0,0,0,0,0,0,0,0
60652,2,1,0,0,0,0,0,0,0,0,0,0
60653,1,1,0,0,0,0,7,0,0,0,0,17
60654,1,1,0,0,0,0,0,0,0,0,0,0
60654,2,1,0,0,0,0,0,0,0,0,0,0
60655,1,1,0,0,0,0,0,0,0,0,0,0
60655,2,1,0,0,0,0,0,0,0,0,0,0
60656,1,1,5,0,0,11,16,0,0,0,4,19
60657,1,1,13,0,0,0,0,0,0,0,0,0
60658,0,1,0,0,0,0,0,0,0,0,0,0
60658,1,1,0,19,0,12,0,0,38,0,3,17
60659,1,1,0,0,0,0,0,0,0,0,0,0
60659,2,1,0,12,0,0,0,0,0,0,0,0
60659,3,1,0,0,0,0,0,0,0,0,0,0
60660,1,1,0,0,0,0,0,0,0,0,0,0
60661,0,1,18,18,18,18,18,18,18,18,18,18
60661,1,1,0,0,0,0,0,0,0,0,0,0
60662,1,1,0,0,0,0,0,10,0,0,0,0
60663,1,1,14,14,14,14,14,14,14,14,14,14
60663,2,1,0,8,0,0,0,0,0,11,0,0
60664,1,1,0,0,0,0,0,0,0,0,0,0
60664,2,1,0,0,0,0,0,0,0,0,0,0
60665,1,1,9,9,9,9,9,9,9,9,9,9
60666,0,1,0,0,0,0,0,0,0,0,0,0
60666,1,1,19,21,24,5,23,10,19,8,7,16
60667,1,1,30,30,30,30,30,30,30,30,30,30
60668,0,1,2,2,2,2,2,2,2,2,2,2
60668,1,1,4,0,0,23,30,13,18,7,0,0
60669,1,1,12,12,12,12,12,12,12,12,12,12
60669,2,1,12,0,0,0,0,0,0,0,0,15
60671,1,1,0,0,0,0,0,0,0,0,0,0
60672,1,1,24,24,24,24,24,24,24,24,24,24
60673,1,1,17,11,0,0,0,0,0,0,11,0
60673,2,1,0,0,0,0,0,0,0,0,0,0
60673,3,1,0,0,11,8,0,0,0,0,0,0
60674,1,1,0,0,0,0,0,0,0,0,0,0
60674,2,1,0,0,0,0,0,0,0,0,0,0
60675,1,1,0,0,3,0,0,0,0,0,0,0
60675,2,1,0,5,0,0,0,0,0,0,0,0
60676,1,1,0,0,0,0,0,0,0,0,0,0
60676,2,1,0,0,0,0,0,0,0,0,0,0
60677,1,1,13,13,13,13,13,13,13,13,13,13
60678,0,1,0,0,0,0,0,0,0,0,0,0
60678,1,1,0,0,0,0,0,0,0,0,0,0
60679,1,1,29,29,29,29,29,29,29,29,29,29
60679,2,1,0,0,9,22,0,23,0,0,0,0
60680,1,1,20,20,20,20,20,20,20,20,20,20
60680,2,1,0,0,0,0,13,0,0,0,0,0
60680,3,1,0,0,0,0,0,0,0,0,0,0
60681,0,1,0,0,0,0,0,0,0,0,0,0
60681,1,1,0,0,0,0,0,0,0,0,0,0
60682,1,1,0,0,0,0,0,0,0,0,0,0
60683,1,1,0,0,32,0,0,0,0,0,0,0
60684,1,1,0,0,0,0,0,0,0,0,0,0
60684,2,1,0,0,0,0,0,0,0,0,0,0
60685,1,1,0,0,0,0,0,0,0,0,0,0
60686,1,1,18,18,18,18,18,18,18,18,18,18
60686,2,1,0,0,0,0,0,0,0,0,0,0
60687,1,1,0,0,0,0,0,0,0,0,0,0
60688,1,1,17,17,17,17,17,17,17,17,17,17
60689,1,1,0,0,0,0,0,0,0,0,0,0
60690,1,1,31,31,31,31,31,31,31,31,31,31
60691,1,1,7,7,7,7,7,7,7,7,7,7
60692,1,1,0,0,0,0,0,0,0,0,0,0
60693,0,1,16,16,16,16,16,16,16,16,16,16
60693,1,1,0,0,0,0,0,0,0,0,0,0
60694,1,1,0,0,0,0,0,0,0,0,0,0
60694,2,1,0,0,0,0,0,0,0,0,0,0
60694,3,1,0,0,0,0,0,0,0,0,0,0
60695,1,1,9,9,9,9,9,9,9,9,9,9
60696,1,1,6,6,6,6,6,6,6,6,6,6
60696,2,1,0,0,0,0,0,0,0,0,0,0
60697,1,1,10,10,10,10,10,10,10,10,10,10
60698,1,1,0,0,0,0,0,0,0,0,0,0
60699,1,1,0,0,0,0,0,0,0,0,0,0
60699,2,1,0,0,0,0,0,0,0,0,0,0
60700,1,1,0,0,0,0,0,0,0,0,0,0
60701,1,1,0,0,0,0,0,0,0,0,0,0
60701,2,1,0,0,0,0,0,0,0,0,0,0
60702,0,1,0,0,0,0,0,0,0,0,0,0
60702,1,1,0,0,0,9,12,0,0,0,0,0
60703,0,1,0,0,0,0,0,0,0,0,0,0
60703,1,1,25,25,25,25,25,25,25,25,25,25
60704,0,1,0,0,0,0,0,0,0,0,0,0
60704,1,1,0,0,0,0,0,0,0,0,0,0
60706,1,1,9,9,9,9,9,9,9,9,9,9
60706,2,1,0,0,0,0,0,0,0,0,0,0
60706,3,1,0,0,0,0,0,0,0,0,0,0
60707,1,1,0,0,0,11,0,0,0,0,0,0
60707,2,1,0,0,0,0,0,0,0,0,0,0
60708,1,1,0,0,0,0,0,0,0,0,0,0
60709,1,1,0,0,0,0,0,0,0,0,0,0
60710,1,1,0,0,0,0,0,0,0,0,0,0
60710,2,1,0,0,0,0,0,0,0,0,0,0
60710,3,1,0,0,0,0,0,0,0,0,0,0
60711,1,1,28,28,28,28,28,28,28,28,28,28
60712,1,1,0,0,0,0,0,0,0,0,0,0
60712,2,1,0,0,0,0,0,0,0,0,0,0
60713,1,1,0,0,0,0,0,0,0,0,0,0
60713,2,1,0,0,0,0,0,0,0,0,0,15
60713,3,1,0,0,0,0,0,0,0,0,0,0
60713,4,1,0,0,0,0,0,0,0,0,0,0
60713,5,1,0,0,0,0,0,0,0,0,0,0
60714,0,1,0,0,0,0,0,0,0,0,0,0
60714,1,1,0,39,15,27,14,0,14,0,0,0
60715,1,1,26,26,26,26,26,26,26,26,26,26
60716,1,1,0,0,0,0,9,0,0,0,16,21
60716,2,1,0,0,20,0,20,0,0,18,0,0
60717,0,1,0,0,0,0,0,0,0,0,0,0
60717,1,1,0,0,0,0,0,0,0,0,0,0
60718,1,1,24,24,24,24,24,24,24,24,24,24
60719,1,1,0,0,0,0,0,0,0,0,0,0
60720,1,1,24,24,24,24,24,24,24,24,24,24
60721,1,1,24,24,24,24,24,24,24,24,24,24
60722,1,1,17,17,17,17,17,17,17,17,17,17
60723,0,1,0,0,0,0,0,0,0,0,0,0
60723,1,1,0,0,0,0,0,0,0,0,0,0
60724,1,1,0,0,0,0,0,0,0,0,0,0
60724,2,1,0,0,0,0,0,0,0,0,0,0
60725,1,1,0,0,0,0,0,0,0,0,0,0
60725,2,1,0,0,0,0,0,0,0,0,0,0
60725,3,1,0,0,0,0,0,0,0,0,0,0
60726,1,1,0,0,0,0,0,0,0,0,0,0
60727,1,1,31,31,31,31,31,31,31,31,31,31
60727,2,1,0,0,0,0,0,0,0,0,0,0
60728,0,1,0,0,0,0,0,0,0,0,0,0
60728,1,1,0,0,0,0,0,0,0,0,0,0
60730,1,1,4,4,4,4,4,4,4,4,4,4
60731,0,1,27,14,13,14,17,22,33,3,3,16
60731,0,2,0,0,0,0,0,0,0,0,0,0
60731,1,1,14,14,14,14,14,14,14,14,14,14
60732,1,1,14,14,14,14,14,14,14,14,14,14
60732,2,1,8,8,8,8,8,8,8,8,8,8
60732,3,1,0,0,0,0,0,0,0,0,0,0
60733,0,1,2,2,2,2,2,2,2,2,2,2
60733,0,2,0,0,0,0,0,0,0,15,0,0
60733,1,1,0,0,0,0,0,0,0,0,0,0
60734,1,1,31,31,31,31,31,31,31,31,31,31
60735,1,1,19,19,19,19,19,19,19,19,19,19
60736,1,1,0,0,0,0,0,0,0,0,0,0
60736,2,1,0,0,0,0,0,0,0,0,0,0
60736,3,1,0,0,0,0,9,0,0,0,0,0
60737,1,1,10,10,10,10,10,10,10,10,10,10
60737,2,1,0,0,0,0,0,0,0,0,0,0
60738,1,1,0,0,0,0,0,0,0,0,0,0
60739,1,1,0,0,0,0,0,0,8,0,0,0
60739,2,1,0,0,5,0,0,0,0,0,0,0
60740,1,1,0,0,0,0,0,0,0,0,0,0
60741,1,1,0,0,0,0,0,0,0,0,0,0
60741,2,1,0,0,0,0,0,0,0,0,0,0
60742,1,1,0,0,0,0,0,0,0,0,0,0
60742,2,1,0,0,0,0,0,0,0,0,0,0
60742,3,1,0,0,0,0,0,0,0,0,0,0
60743,0,1,0,0,0,0,0,0,0,0,0,0
60743,0,2,0,13,0,0,17,0,0,0,0,0
60743,1,1,14,14,14,14,14,14,14,14,14,14
60744,1,1,0,0,0,0,0,0,0,0,0,0
60745,1,1,22,22,22,22,22,22,22,22,22,22
60746,0,1,0,0,0,0,0,0,0,0,0,0
60746,1,1,0,0,0,0,0,0,19,0,0,0
60747,1,1,17,17,17,17,17,17,17,17,17,17
60748,0,1,25,25,25,25,25,25,25,25,25,25
60748,1,1,0,0,0,0,0,0,0,0,0,0
60749,1,1,0,0,0,0,0,0,0,0,0,0
60750,0,1,0,0,0,0,0,0,0,0,0,0
60750,1,1,0,0,0,0,0,0,11,0,0,0
60750,2,1,0,28,0,0,16,0,0,0,0,19
60751,1,1,24,24,24,24,24,24,24,24,24,24
60751,2,1,15,15,15,15,15,15,15,15,15,15
60752,1,1,0,0,0,0,0,0,0,0,0,0
60752,2,1,0,0,0,0,0,0,20,0,0,0
60753,1,1,28,28,28,28,28,28,28,28,28,28
60753,2,1,0,0,0,13,0,0,0,0,0,11
60753,3,1,0,0,0,0,0,0,0,0,0,0
60754,0,1,0,0,0,0,0,0,0,0,0,0
60754,1,1,0,0,0,0,0,0,0,0,0,0
60754,3,1,0,0,0,0,0,0,0,0,0,0
60754,4,1,0,0,0,0,0,0,0,0,0,0
60754,5,1,0,0,21,19,0,20,0,0,0,11
60755,1,1,0,0,0,0,0,5,8,0,0,0
60755,2,1,0,0,0,0,0,0,0,0,0,0
60755,3,1,0,0,21,0,0,0,0,0,0,0
60756,0,1,17,17,17,17,17,17,17,17,17,17
60756,1,1,0,0,0,51,0,0,0,0,0,0
60757,1,1,0,0,0,0,0,0,0,0,0,0
60757,2,1,4,0,0,0,0,0,0,0,0,0
60757,3,1,0,0,0,0,0,0,0,0,0,0
60758,1,1,13,13,13,13,13,13,13,13,13,13
60758,2,1,13,0,0,0,8,0,0,17,16,0
60759,1,1,32,32,32,32,32,32,32,32,32,32
60760,1,1,3,3,3,3,3,3,3,3,3,3
60760,2,1,0,0,0,0,0,0,0,0,0,0
60760,3,1,0,0,0,0,0,0,0,0,0,0
60761,1,1,0,0,0,0,0,0,0,0,0,0
60762,1,1,16,16,16,16,16,16,16,16,16,16
60763,0,1,0,0,0,0,0,0,0,0,0,0
60763,1,1,0,0,0,0,0,0,0,0,0,0
60764,1,1,0,0,0,0,0,0,0,0,0,0
60764,2,1,0,0,0,0,0,0,0,0,0,0
60765,1,1,0,0,0,0,0,0,0,0,0,0
60766,1,1,20,20,20,20,20,20,20,20,20,20
60767,1,1,0,0,0,0,0,0,0,0,0,0
60768,0,1,0,0,0,0,0,0,0,0,0,0
60768,1,1,11,28,0,19,0,16,21,0,0,0
60769,1,1,16,16,16,16,16,16,16,16,16,16
60769,2,1,0,0,0,0,0,0,0,0,0,28
60769,3,1,0,19,7,0,28,0,0,0,11,0
60770,1,1,5,5,5,5,5,5,5,5,5,5
60770,2,1,0,0,0,6,0,0,0,0,0,0
60771,1,1,0,0,0,0,0,0,0,0,0,0
60772,1,1,0,0,0,0,0,0,0,0,0,0
60772,2,1,0,0,0,0,0,0,0,0,0,0
60772,3,1,0,0,10,0,0,6,0,0,0,0
60772,4,1,0,0,0,18,1,11,11,0,0,14
60773,1,1,17,17,17,17,17,17,17,17,17,17
60774,1,1,32,32,32,32,32,32,32,32,32,32
60775,1,1,0,0,0,0,0,0,0,0,0,0
60775,2,1,0,0,0,0,0,0,0,0,0,0
60776,1,1,0,0,0,0,0,0,0,0,0,0
60776,2,1,0,0,0,0,0,0,0,0,0,0
60777,1,1,0,0,0,0,0,0,0,0,0,0
60778,1,1,0,0,0,0,0,0,0,0,0,0
60779,1,1,0,0,0,0,0,0,0,0,0,0
60780,1,1,0,0,0,0,0,0,0,0,0,0
60781,1,1,0,0,0,0,0,0,0,0,0,0
60781,2,1,0,0,0,0,0,0,0,0,0,0
60781,3,1,0,0,0,0,0,0,0,0,0,0
60782,1,1,16,24,0,9,16,0,12,12,27,19
60783,1,1,0,0,0,0,0,0,0,0,0,0
60783,2,1,0,0,0,0,0,0,0,0,0,0
60784,1,1,0,0,0,0,0,0,0,0,0,0
60785,1,1,0,0,0,0,0,0,0,0,0,0
60786,1,1,23,23,23,23,23,23,23,23,23,23
60786,2,1,0,0,0,0,0,0,0,0,0,0
60787,0,1,15,15,15,15,15,15,15,15,15,15
60787,1,1,0,0,0,0,0,0,0,0,0,0
60789,1,1,0,0,0,0,0,0,0,0,0,0
60789,2,1,21,0,0,0,19,0,0,0,0,0
60789,3,1,0,0,0,0,0,0,0,0,0,0
60790,1,1,0,0,0,0,0,0,0,0,0,0
60791,1,1,23,23,23,23,23,23,23,23,23,23
60791,2,1,0,26,0,0,0,0,0,0,0,23
60792,0,1,24,27,15,18,15,0,0,0,0,0
60792,1,1,0,20,0,0,0,0,0,0,0,0
60793,1,1,0,0,0,0,0,0,0,0,0,0
60793,2,1,2,2,2,2,2,2,2,2,2,2
60794,1,1,0,0,0,0,0,0,0,0,0,0
60795,1,1,33,33,33,33,33,33,33,33,33,33
60795,2,1,0,0,0,0,0,0,0,0,0,0
60796,1,1,13,13,13,13,13,13,13,13,13,13
60797,1,1,0,0,0,0,0,0,0,0,0,0
60798,1,1,32,32,32,32,32,32,32,32,32,32
60799,1,1,6,6,6,6,6,6,6,6,6,6
60800,1,1,0,0,0,0,0,0,0,0,0,0
60801,0,1,0,0,0,0,0,0,0,0,0,0
60801,1,1,0,0,0,0,0,0,0,0,0,0
60802,0,1,0,0,0,0,0,0,0,0,0,0
60802,1,1,0,5,0,0,0,0,0,14,32,29
60803,1,1,0,0,0,0,0,0,0,0,0,0
60804,0,1,17,17,17,17,17,17,17,17,17,17
60804,1,1,0,0,0,0,0,0,0,0,0,0
60805,1,1,0,0,0,0,0,0,0,0,0,0
60805,2,1,0,0,0,0,0,0,0,0,0,0
60806,1,1,15,15,15,15,15,15,15,15,15,15
60806,2,1,0,0,0,0,0,0,0,0,0,0
60807,1,1,0,0,0,0,0,0,0,0,0,0
60807,2,1,0,0,0,0,0,0,0,0,0,0
60808,0,1,0,0,0,0,0,0,0,0,0,0
60808,1,1,0,0,0,0,0,0,0,0,0,0
60808,2,1,0,0,0,0,0,0,0,0,0,0
60808,3,1,0,0,0,0,0,0,0,0,0,0
60808,4,1,0,0,0,0,0,0,0,0,0,0
60809,1,1,0,0,0,0,0,0,0,0,0,0
60809,2,1,0,0,0,0,0,0,0,0,0,0
60810,1,1,0,0,0,0,0,0,0,0,0,0
60811,1,1,0,0,0,0,0,0,0,0,0,0
60811,2,1,0,0,0,0,0,0,0,0,0,0
60811,3,1,0,0,0,0,0,0,0,0,0,0
60811,4,1,0,0,0,0,0,0,0,0,0,0
60812,1,1,0,0,0,0,0,0,0,0,0,0
60812,2,1,0,0,0,0,0,0,0,0,0,0
60812,3,1,0,0,0,0,0,0,0,0,0,0
60813,1,1,0,0,0,0,0,0,0,0,0,0
60813,2,1,0,0,0,0,0,0,0,0,0,0
60813,3,1,0,0,0,0,0,0,0,0,0,0
60814,1,1,0,0,0,0,0,0,0,0,0,0
60815,1,1,0,0,0,0,0,0,0,0,0,0
60815,2,1,0,0,0,0,0,0,9,0,14,0
60816,1,1,0,0,0,0,0,0,0,0,0,0
60816,2,1,0,0,0,0,0,0,0,0,0,0
60816,3,1,0,24,0,0,0,0,0,0,0,0
60816,4,1,0,0,0,0,0,0,0,0,0,0
60816,5,1,0,0,0,0,0,0,0,0,11,0
60817,1,1,0,0,0,0,0,0,0,0,0,0
60817,2,1,0,0,0,0,0,0,0,0,0,0
60818,1,1,22,22,22,22,22,22,22,22,22,22
60818,2,1,0,0,0,0,0,0,0,0,0,0
60819,1,1,15,15,15,15,15,15,15,15,15,15
60819,2,1,0,0,14,0,0,0,0,0,0,0
60820,1,1,0,0,0,0,0,0,0,0,0,0
60821,1,1,0,0,0,0,0,0,0,0,0,0
60822,1,1,7,7,7,7,7,7,7,7,7,7
60823,0,1,26,35,0,0,0,30,0,0,18,0
60823,1,1,0,0,0,0,0,0,0,0,36,0
60824,1,1,16,4,30,6,11,6,17,3,5,23
60824,2,1,0,0,0,0,0,0,0,0,0,0
60824,3,1,0,23,33,0,0,0,0,0,0,0
60825,1,1,0,0,0,0,0,0,10,0,0,0
60825,2,1,0,0,0,0,0,0,0,0,0,0
60826,1,1,3,3,3,3,3,3,3,3,3,3
60827,1,1,0,0,0,0,0,0,0,0,0,0
60828,1,1,0,0,0,0,0,0,0,0,0,0
60829,1,1,18,18,18,18,18,18,18,18,18,18
60829,2,1,0,0,0,0,0,0,0,0,0,0
60830,1,1,4,4,4,4,4,4,4,4,4,4
60831,1,1,0,0,0,0,0,0,0,0,0,0
60831,2,1,0,0,0,0,0,0,0,0,0,0
60832,1,1,0,0,0,0,0,0,0,0,0,0
60833,0,1,0,16,21,19,0,6,0,23,0,23
60833,1,1,0,19,23,4,0,6,12,14,10,0
60834,1,1,0,0,0,0,0,0,0,0,0,0
60834,2,1,0,0,0,0,0,0,0,0,0,0
60835,1,1,0,0,0,0,28,0,0,0,0,0
60835,2,1,0,0,0,0,0,0,0,0,0,0
60836,1,1,0,0,0,0,0,0,0,0,0,0
60836,2,1,0,0,0,0,0,0,0,0,0,0
60837,1,1,0,0,0,0,0,0,15,0,0,0
60837,2,1,0,0,0,0,0,0,0,0,0,0
60837,3,1,0,0,0,0,23,0,0,0,0,0
60838,0,1,0,8,0,0,0,19,0,14,21,0
60838,1,1,0,0,0,0,0,0,18,0,0,0
60839,1,1,18,18,18,18,18,18,18,18,18,18
60840,1,1,0,0,0,0,0,0,0,0,0,0
60841,1,1,0,0,0,0,0,0,0,0,0,0
60841,2,1,0,0,0,0,0,0,0,0,0,0
60841,3,1,0,0,0,0,0,0,0,0,0,0
60842,1,1,0,0,0,0,0,0,0,0,0,0
60842,2,1,0,0,0,0,0,0,0,18,0,0
60842,3,1,0,0,0,0,0,0,0,0,0,0
60843,1,1,0,0,0,0,0,0,0,0,0,0
60843,2,1,0,0,0,0,0,0,0,0,0,0
60843,3,1,0,0,0,0,0,0,0,0,0,0
60844,1,1,0,0,0,0,0,0,0,0,0,0
60844,2,1,0,0,0,0,0,0,0,0,0,0
60845,1,1,0,0,0,0,0,0,0,0,0,0
60845,2,1,0,0,0,0,0,0,0,0,0,0
60846,1,1,0,0,0,0,0,0,0,0,0,0
60846,2,1,0,0,0,0,0,0,0,0,0,0
60847,0,1,21,21,21,21,21,21,21,21,21,21
60847,1,1,0,0,0,0,0,0,0,0,0,0
60848,0,1,0,0,0,0,0,0,0,0,0,0
60848,1,1,0,0,0,0,0,0,0,0,0,0
60849,1,1,0,0,0,0,0,0,0,0,0,0
60849,3,1,0,0,0,0,0,10,0,0,0,0
60850,1,1,12,0,0,0,19,27,14,12,0,0
60850,2,1,0,0,0,0,0,0,0,0,0,0
60851,1,1,0,0,0,0,0,0,0,0,0,0
60851,2,1,0,0,0,0,0,0,0,0,0,0
60852,0,1,0,0,0,0,0,0,0,0,0,0
60852,1,1,0,0,0,0,0,0,0,0,0,0
60853,0,1,0,0,0,0,0,0,0,0,0,0
60853,1,1,0,0,0,0,0,0,0,0,0,0
60854,1,1,0,0,0,0,0,0,0,0,0,0
60854,2,1,0,0,0,0,0,0,0,0,0,0
60855,1,1,0,0,0,0,0,0,0,0,27,0
60855,2,1,0,0,0,0,0,0,0,0,0,0
60855,3,1,0,0,0,0,0,0,0,0,0,0
60856,1,1,21,21,21,21,21,21,21,21,21,21
60857,1,1,18,18,18,18,18,18,18,18,18,18
60858,1,1,24,24,24,24,24,24,24,24,24,24
60859,0,1,21,21,21,21,21,21,21,21,21,21
60859,1,1,0,0,0,0,0,14,0,0,0,0
60860,1,1,24,24,24,24,24,24,24,24,24,24
60860,2,1,0,0,0,0,0,0,0,0,0,0
60861,0,1,0,0,0,0,0,0,0,0,0,0
60861,1,1,0,0,0,16,0,0,0,0,0,0
60862,1,1,0,0,0,0,0,0,0,0,0,0
60862,2,1,0,0,0,0,0,0,0,0,0,0
60863,0,1,0,0,0,0,0,0,0,0,0,0
60863,1,1,0,0,0,44,12,8,0,0,24,6
60863,2,1,0,0,0,0,0,0,0,0,0,13
60864,0,1,0,0,0,0,0,0,0,0,0,0
60864,1,1,0,0,0,0,0,0,0,0,0,0
60865,0,1,0,0,0,0,0,0,0,0,0,0
60865,1,1,0,0,0,0,0,0,13,0,0,26
60866,0,1,0,0,0,0,0,0,0,0,0,0
60866,1,1,0,0,0,0,0,0,0,0,0,0
60867,1,1,0,25,23,0,0,0,0,0,0,0
60868,0,1,11,11,11,11,11,11,11,11,11,11
60868,1,1,0,0,0,0,0,0,0,0,0,0
60869,1,1,17,17,17,17,17,17,17,17,17,17
60869,2,1,0,0,0,0,0,0,0,0,0,0
60870,1,1,0,0,0,0,0,0,0,0,0,0
60870,2,1,0,0,0,0,0,0,0,0,0,0
60870,3,1,46,0,0,0,0,0,0,19,0,27
60871,1,1,0,0,0,0,0,0,8,0,0,0
60871,2,1,0,0,0,0,0,0,0,0,0,0
60871,3,1,0,0,0,0,0,0,0,0,0,0
60872,1,1,0,0,0,0,0,0,0,0,0,0
60872,2,1,0,0,17,0,0,0,12,0,0,0
60873,1,1,0,0,0,0,0,0,0,0,0,0
60874,1,1,0,0,0,0,0,0,0,0,0,0
60874,2,1,0,0,0,0,0,0,0,0,0,0
60875,1,1,2,2,2,2,2,2,2,2,2,2
60876,1,1,0,0,0,0,0,0,0,0,0,0
60876,2,1,0,0,0,0,0,0,0,0,0,0
60876,3,1,0,0,0,0,0,0,0,0,0,0
60877,1,1,0,0,0,0,0,0,0,0,0,0
60878,1,1,0,0,0,0,0,0,0,0,0,0
60879,0,1,6,6,6,6,6,6,6,6,6,6
60879,1,1,0,10,0,0,0,5,26,0,20,0
60880,0,1,7,7,7,7,7,7,7,7,7,7
60880,1,1,10,19,54,0,0,11,0,5,0,0
60881,1,1,22,22,22,22,22,22,22,22,22,22
60882,1,1,0,0,0,0,0,0,0,0,0,0
60883,1,1,0,0,0,0,0,0,0,0,0,17
60883,2,1,0,0,0,0,0,0,0,0,0,0