ST_CASE,VEH_NO,PER_NO,P1,P2,P3,P4,P5,P6,P7,P8,P9,P10
63118,0,1,0,0,0,0,0,0,0,0,0,0
63118,1,1,24,0,0,14,0,18,17,0,0,0
63119,1,1,4,4,4,4,4,4,4,4,4,4
63120,1,1,0,0,0,0,0,0,0,0,0,0
63120,2,1,0,0,0,0,0,0,0,0,0,0
63121,1,1,17,17,17,17,17,17,17,17,17,17
63122,1,1,0,0,0,0,0,0,0,0,0,0
63122,2,1,0,0,0,0,0,0,0,0,0,0
63122,3,1,17,0,0,0,0,0,0,0,0,0
63123,0,1,0,0,0,0,0,0,0,0,0,0
63123,1,1,0,0,0,0,0,0,0,0,0,0
63124,1,1,0,0,0,0,0,0,0,0,0,0
63126,1,1,0,0,0,0,0,0,0,0,0,30
63127,1,1,0,0,0,0,0,0,0,0,0,0
63129,1,1,0,0,0,0,0,0,16,0,0,0
63129,2,1,19,0,0,0,0,0,0,15,0,0
63130,0,1,1,1,1,1,1,1,1,1,1,1
63130,1,1,0,20,0,0,0,23,0,0,0,0
63131,1,1,0,0,0,0,0,0,0,0,0,0
63132,1,1,0,0,0,0,0,0,24,0,0,0
63133,1,1,0,0,0,0,0,0,0,0,0,0
63134,1,1,0,0,0,0,0,0,0,0,0,0
63134,2,1,0,0,0,0,0,0,0,5,0,0
63135,1,1,7,26,10,25,13,17,28,27,16,26
63135,2,1,0,0,0,0,0,0,0,0,0,0
63136,1,1,21,21,21,21,21,21,21,21,21,21
63137,1,1,0,0,0,0,0,0,0,0,0,0
63138,1,1,0,0,0,0,0,0,0,0,0,0
63138,2,1,0,0,0,0,0,0,0,0,0,25
63139,1,1,0,0,0,0,0,0,0,0,0,0
63139,2,1,0,0,20,0,0,0,0,0,0,0
63140,1,1,0,0,0,0,0,0,0,0,0,0
63140,2,1,0,10,0,0,0,0,0,0,0,0
63141,1,1,0,0,0,0,0,0,0,0,0,0
63141,2,1,0,0,0,0,0,0,0,0,0,0
63142,1,1,20,20,20,20,20,20,20,20,20,20
63143,1,1,0,0,0,0,0,0,0,0,0,0
63143,2,1,0,0,0,0,0,0,0,0,0,0
63144,1,1,0,0,0,0,0,0,0,0,0,0
63144,2,1,0,0,0,0,0,0,0,0,0,0
63144,3,1,0,0,0,0,0,0,0,21,0,0
63145,1,1,0,0,0,0,0,0,0,0,0,0
63145,2,1,0,16,0,0,0,0,0,0,0,0
63146,0,1,8,8,8,8,8,8,8,8,8,8
63146,1,1,22,4,13,21,24,25,16,17,13,30
63147,1,1,0,0,0,0,0,0,0,0,0,0
63147,2,1,0,0,0,0,0,0,0,0,0,0
63148,1,1,12,21,22,19,17,25,3,14,15,10
63148,2,1,0,0,0,0,0,0,0,0,0,0
63149,1,1,0,0,0,0,0,0,0,0,0,0
63150,0,1,0,0,0,0,0,0,0,0,0,0
63150,1,1,21,0,0,0,0,0,0,0,0,0
63150,2,1,8,8,8,8,8,8,8,8,8,8
63151,0,1,0,0,0,0,0,0,0,0,0,0
63151,1,1,0,0,0,0,0,0,0,0,0,0
63152,0,1,0,0,0,0,0,0,0,0,0,0
63152,1,1,0,36,0,0,0,0,0,0,0,0
63153,1,1,20,20,20,20,20,20,20,20,20,20
63153,2,1,11,11,11,11,11,11,11,11,11,11
63154,1,1,11,11,11,11,11,11,11,11,11,11
63154,2,1,0,0,0,0,0,0,0,0,15,0
63155,1,1,0,0,0,0,0,0,0,0,0,0
63155,2,1,0,0,0,0,0,0,0,0,0,0
63156,0,1,0,0,0,0,0,0,0,0,0,0
63156,1,1,0,0,0,0,0,0,0,0,0,0
63157,1,1,17,17,17,17,17,17,17,17,17,17
63157,2,1,34,21,25,21,12,13,16,17,27,6
63157,3,1,0,18,0,16,15,22,0,0,0,0
63158,1,1,0,0,0,0,0,0,0,0,0,0
63159,0,1,9,9,9,9,9,9,9,9,9,9
63159,1,1,0,0,0,0,0,0,0,0,0,0
63160,0,1,0,0,0,0,0,0,0,0,0,0
63160,1,1,0,0,0,12,0,0,0,0,0,0
63161,1,1,24,24,24,24,24,24,24,24,24,24
63161,2,1,0,0,0,0,0,0,0,0,0,0
63162,0,1,0,0,0,0,0,0,0,0,0,0
63162,1,1,0,0,0,0,0,0,0,0,0,0
63163,1,1,0,0,16,0,0,0,0,0,0,0
63163,2,1,0,0,0,0,0,0,0,20,30,0
63164,1,1,25,25,25,25,25,25,25,25,25,25
63165,0,1,0,0,0,0,0,0,0,0,0,0
63165,1,1,0,0,0,0,0,0,0,0,0,0
63166,1,1,9,9,9,9,9,9,9,9,9,9
63166,2,1,0,0,10,7,0,0,0,0,0,0
63167,1,1,0,0,0,0,0,0,0,0,0,0
63167,2,1,0,0,0,0,0,0,0,0,0,0
63168,1,1,0,0,0,0,0,0,0,0,0,0
63168,2,1,0,0,0,0,13,0,0,0,0,0
63169,1,1,13,0,0,0,0,0,0,0,0,0
63169,2,1,0,0,0,0,0,0,38,0,0,0
63170,0,1,26,26,26,26,26,26,26,26,26,26
63170,1,1,0,0,0,0,0,0,0,0,0,0
63171,1,1,15,18,0,15,8,0,0,0,0,0
63171,2,1,0,0,10,0,0,0,0,0,0,16
63172,0,1,26,26,26,26,26,26,26,26,26,26
63172,1,1,0,0,0,0,0,21,12,0,29,0
63173,1,1,0,0,0,0,0,0,0,0,0,0
63174,0,1,8,8,8,8,8,8,8,8,8,8
63174,1,1,0,0,0,0,0,0,0,0,0,0
63175,0,1,0,0,0,0,0,0,0,0,0,0
63175,1,1,0,0,0,0,0,0,0,0,0,0
63176,0,1,16,0,28,0,0,0,8,0,0,0
63176,1,1,0,0,0,0,0,0,0,0,0,0
63177,1,1,10,10,10,10,10,10,10,10,10,10
63177,2,1,0,0,0,0,0,0,0,0,0,0
63178,1,1,0,0,0,0,0,0,0,0,10,0
63178,2,1,0,0,0,0,0,0,0,0,0,0
63179,1,1,8,8,8,8,8,8,8,8,8,8
63180,0,1,28,8,23,32,17,7,18,6,32,12
63180,1,1,0,0,0,0,0,0,0,0,0,0
63181,1,1,0,0,0,0,0,0,0,0,0,0
63181,2,1,0,0,0,0,0,0,0,0,0,0
63182,1,1,0,0,0,0,0,0,0,0,0,0
63183,0,1,0,0,19,23,0,21,8,0,29,0
63183,0,2,27,5,0,0,21,0,0,0,0,0
63183,2,1,18,13,30,0,28,27,9,10,15,41
63183,3,1,0,0,0,0,0,11,0,0,0,0
63184,1,1,13,13,13,13,13,13,13,13,13,13
63184,2,1,0,0,0,0,0,0,0,0,0,0
63184,3,1,0,0,0,0,0,0,0,0,0,0
63185,0,1,0,0,0,0,0,0,0,0,0,0
63185,1,1,0,0,0,0,0,0,0,0,0,0
63185,2,1,0,0,0,0,0,0,0,0,0,0
63186,1,1,0,0,0,0,0,0,0,0,0,0
63186,2,1,0,0,0,0,0,0,0,0,0,0
63186,3,1,0,0,0,0,0,0,0,0,0,0
63187,1,1,25,25,25,25,25,25,25,25,25,25
63187,2,1,0,6,0,0,0,0,0,13,0,0
63188,0,1,0,0,0,0,0,0,0,0,0,0
63188,1,1,0,0,0,0,0,0,0,0,0,0
63189,1,1,0,0,0,0,0,0,0,0,0,0
63190,0,1,0,0,0,34,13,0,0,0,0,0
63190,1,1,0,0,0,0,0,0,0,0,0,0
63191,0,1,0,0,0,0,0,0,0,0,0,0
63191,1,1,0,0,0,0,0,0,0,0,0,0
63192,1,1,0,0,0,0,0,0,0,0,0,0
63192,2,1,0,0,0,0,0,0,0,0,0,0
63193,1,1,0,10,0,0,0,0,0,7,0,15
63193,2,1,40,0,0,0,0,0,0,0,0,0
63193,3,1,0,0,0,0,15,7,0,0,21,0
63194,1,1,0,0,0,0,0,0,0,0,0,0
63194,2,1,0,0,0,0,0,0,0,0,0,0
63195,1,1,0,0,14,0,0,0,0,0,0,0
63195,2,1,0,0,0,0,0,0,0,0,0,0
63195,3,1,0,0,0,14,0,45,0,0,22,0
63196,0,1,0,0,0,0,0,0,0,0,0,0
63196,1,1,0,0,11,0,10,0,0,22,15,0
63197,0,1,0,0,0,0,0,0,0,0,0,0
63197,1,1,13,13,19,30,17,0,19,11,15,13
63198,1,1,25,25,25,25,25,25,25,25,25,25
63199,1,1,8,0,14,0,28,27,0,0,0,20
63199,2,1,0,0,0,0,0,0,0,0,0,0
63200,1,1,0,0,0,0,0,0,0,0,0,0
63201,0,1,1,1,1,1,1,1,1,1,1,1
63201,1,1,21,0,14,0,0,0,0,21,0,58
63202,0,1,0,0,0,0,0,0,0,0,0,0
63202,1,1,0,0,24,0,0,25,8,19,0,0
63203,1,1,14,14,14,14,14,14,14,14,14,14
63203,2,1,0,0,0,0,0,0,0,0,0,0
63204,1,1,20,20,20,20,20,20,20,20,20,20
63204,2,1,17,8,13,0,0,0,0,6,0,0
63204,3,1,0,0,0,0,0,0,9,0,0,25
63205,1,1,0,0,0,0,0,0,0,0,0,0
63206,0,1,0,0,0,0,0,0,0,0,0,0
63206,1,1,0,0,0,0,0,0,0,0,0,0
63207,1,1,0,0,0,0,0,0,0,0,0,0
63208,0,1,0,0,0,0,0,0,0,0,0,0
63208,1,1,0,0,0,0,0,0,15,0,12,0
63209,1,1,22,22,22,22,22,22,22,22,22,22
63209,2,1,0,0,0,0,0,0,0,0,0,0
63210,1,1,0,0,0,0,0,0,0,0,0,0
63210,2,1,0,0,0,0,0,0,0,0,0,0
63211,1,1,0,0,5,0,0,0,0,0,12,0
63211,2,1,0,0,0,9,0,0,0,0,0,6
63211,3,1,0,0,0,7,0,0,0,0,0,0
63212,0,1,19,12,14,37,35,7,37,10,22,19
63212,1,1,22,22,22,22,22,22,22,22,22,22
63213,1,1,0,0,0,0,0,0,0,0,0,0
63213,2,1,0,0,0,0,0,0,0,0,0,0
63213,3,1,0,0,0,0,0,0,0,0,0,0
63214,0,1,12,12,12,12,12,12,12,12,12,12
63214,1,1,25,0,0,0,9,22,0,17,21,7
63215,1,1,0,0,0,0,0,0,0,0,0,0
63215,2,1,0,0,0,0,0,0,0,0,0,0
63216,0,1,2,2,2,2,2,2,2,2,2,2
63216,1,1,0,0,0,0,0,0,0,0,0,0
63217,1,1,0,3,0,12,0,0,0,0,0,0
63217,2,1,0,0,0,0,10,0,0,0,0,0
63218,0,1,0,0,0,0,24,0,14,0,0,0
63218,1,1,0,0,0,0,0,0,0,0,0,0
63219,1,1,18,18,18,18,18,18,18,18,18,18
63219,2,1,0,0,0,0,0,0,0,0,0,0
63219,3,1,0,0,0,0,0,0,0,0,0,0
63220,1,1,43,43,43,43,43,43,43,43,43,43
63220,2,1,0,0,0,0,0,4,0,0,0,0
63221,1,1,0,0,0,0,0,0,0,0,0,0
63222,1,1,0,0,0,0,0,0,0,0,0,0
63222,2,1,0,0,0,0,0,0,0,0,0,0
63223,1,1,12,12,12,12,12,12,12,12,12,12
63224,1,1,26,26,26,26,26,26,26,26,26,26
63224,2,1,0,0,0,0,0,0,0,0,0,0
63225,1,1,0,0,0,0,0,0,0,0,0,0
63225,2,1,0,0,0,0,0,0,0,0,0,0
63226,1,1,0,0,0,0,0,0,0,0,0,0
63226,2,1,0,0,0,0,0,0,0,0,0,0
63227,0,1,2,2,2,2,2,2,2,2,2,2
63227,1,1,0,40,12,21,0,0,1,12,2,15
63228,0,1,0,0,0,0,0,0,0,0,0,0
63228,1,1,0,0,0,0,0,0,0,0,0,0
63229,0,1,0,0,0,0,0,0,0,0,0,0
63229,1,1,0,0,0,0,0,0,0,0,0,0
63230,1,1,0,0,0,0,0,0,0,0,0,0
63230,2,1,0,0,0,0,0,0,0,0,0,0
63231,1,1,0,0,0,0,0,0,0,0,0,0
63231,2,1,0,0,0,0,0,0,0,0,0,0
63232,0,1,0,0,0,0,0,0,0,0,0,0
63232,1,1,0,0,0,0,0,0,0,0,0,0
63233,1,1,5,5,5,5,5,5,5,5,5,5
63233,2,1,0,0,0,0,0,0,0,0,0,0
63233,3,1,0,0,19,0,0,0,0,0,0,0
63234,0,1,0,0,0,0,0,0,0,0,0,0
63234,1,1,0,0,0,0,0,0,0,0,0,0
63235,0,1,0,0,0,0,0,0,0,0,0,0
63235,1,1,0,0,0,0,0,0,0,0,0,0
63235,2,1,0,0,0,0,0,0,0,0,0,0
63236,1,1,0,0,0,0,0,0,0,0,0,0
63236,2,1,0,0,0,0,0,0,0,0,0,0
63236,3,1,0,0,0,0,0,0,0,0,0,0
63237,1,1,23,23,23,23,23,23,23,23,23,23
63237,2,1,0,0,14,0,0,0,0,0,0,0
63237,3,1,0,0,0,0,0,0,0,0,0,0
63237,4,1,0,0,0,0,0,0,0,0,0,0
63238,1,1,0,0,0,0,0,0,0,0,0,0
63238,2,1,0,0,0,0,0,0,0,0,0,0
63238,3,1,0,0,0,23,0,0,0,0,0,8
63238,4,1,0,0,0,0,0,0,0,0,0,0
63238,5,1,15,6,0,0,10,3,0,11,0,7
63239,0,1,29,29,29,29,29,29,29,29,29,29
63239,1,1,20,4,28,16,15,31,27,0,0,32
63240,0,1,12,12,12,12,12,12,12,12,12,12
63240,1,1,0,0,0,0,0,0,0,0,0,0
63241,1,1,9,9,9,9,9,9,9,9,9,9
63241,2,1,0,0,0,0,0,0,0,0,0,0
63242,1,1,0,0,0,0,0,0,0,15,0,0
63242,2,1,0,0,0,0,0,0,0,0,0,0
63243,0,1,0,0,0,0,0,0,0,0,0,0
63243,1,1,0,0,0,0,0,0,0,0,0,0
63244,1,1,0,0,0,0,0,0,0,0,0,0
63244,2,1,0,0,0,0,0,0,0,0,0,0
63245,0,1,0,0,0,0,0,0,0,0,0,0
63245,1,1,0,0,0,0,0,0,0,0,0,0
63246,0,1,0,0,0,0,0,18,0,0,13,0
63246,1,1,0,0,0,0,0,0,0,0,0,0
63247,1,1,0,0,0,0,0,0,0,0,0,0
63248,0,1,0,0,0,0,0,0,0,0,0,0
63249,1,1,0,0,0,0,0,0,0,0,0,0
63249,2,1,0,0,0,0,0,0,0,0,0,0
63250,1,1,25,25,25,25,25,25,25,25,25,25
63250,2,1,1,1,1,1,1,1,1,1,1,1
63251,0,1,0,18,0,13,0,17,0,19,13,30
63251,1,1,0,0,0,0,0,0,0,0,0,0
63252,1,1,0,0,0,0,0,0,0,0,0,0
63253,0,1,0,0,0,0,0,0,0,0,0,0
63253,1,1,0,0,0,0,0,0,0,0,0,0
63254,0,1,32,32,32,32,32,32,32,32,32,32
63254,1,1,0,36,0,0,0,6,0,0,0,11
63255,1,1,0,0,0,0,0,0,0,0,0,0
63255,2,1,0,0,0,9,0,0,0,0,0,0
63256,1,1,0,21,16,16,20,0,10,27,16,12
63257,1,1,0,0,0,0,0,0,0,0,0,0
63257,2,1,0,0,0,0,0,0,0,0,0,0
63258,1,1,0,0,0,0,0,0,0,0,0,0
63258,2,1,0,0,0,0,0,0,0,0,0,0
63259,0,1,25,0,0,0,0,0,15,0,0,0
63259,1,1,0,0,0,0,0,0,0,0,0,0
63260,1,1,0,0,0,0,0,0,0,0,0,0
63260,2,1,0,0,0,0,0,0,0,0,0,0
63261,0,1,0,0,0,0,0,0,0,0,0,0
63261,1,1,0,0,0,0,0,0,0,0,0,0
63262,0,1,0,0,0,0,0,0,0,0,0,0
63262,1,1,0,16,0,0,0,0,0,0,0,0
63263,1,1,0,0,0,0,0,0,0,0,0,0
63264,0,1,2,2,2,2,2,2,2,2,2,2
63264,1,1,0,0,0,0,0,0,5,0,0,14
63265,1,1,2,2,2,2,2,2,2,2,2,2
63266,1,1,0,0,0,0,0,0,0,0,0,0
63266,2,1,0,0,0,0,0,0,0,0,0,0
63266,3,1,0,0,0,0,0,0,0,0,0,0
63267,0,1,10,10,10,10,10,10,10,10,10,10
63267,1,1,0,0,0,0,0,0,0,0,0,0
63267,2,1,0,0,0,0,12,0,0,0,0,0
63267,3,1,0,0,0,0,0,24,30,0,20,0
63268,1,1,0,0,0,0,0,0,0,0,0,0
63268,2,1,0,0,0,0,0,0,0,0,0,0
63268,3,1,0,0,0,0,0,0,0,0,0,0
63268,4,1,0,0,0,0,0,0,0,0,0,10
63269,1,1,0,0,0,0,0,0,0,0,0,0
63269,2,1,0,0,0,0,0,0,0,0,0,0
63269,3,1,0,0,0,0,0,0,0,0,0,0
63270,1,1,22,22,22,22,22,22,22,22,22,22
63270,2,1,0,0,0,0,0,0,6,0,0,0
63271,1,1,0,0,0,0,0,0,0,0,0,0
63271,2,1,0,0,0,0,0,0,0,0,0,0
63272,1,1,0,5,0,10,0,13,17,18,23,35
63273,0,1,20,20,20,20,20,20,20,20,20,20
63273,1,1,0,17,0,0,9,0,0,0,0,0
63274,1,1,14,14,14,14,14,14,14,14,14,14
63274,2,1,23,0,0,0,0,21,0,0,0,0
63275,1,1,0,0,11,0,0,0,0,26,24,0
63275,2,1,0,0,0,0,0,0,0,0,0,0
63276,1,1,0,0,0,0,0,0,0,0,0,0
63276,2,1,0,20,0,0,0,0,0,0,0,0
63277,0,1,33,33,33,33,33,33,33,33,33,33
63277,0,2,18,52,37,30,0,20,20,22,20,22
63277,1,1,0,0,0,0,0,0,0,0,0,0
63278,1,1,0,0,0,0,0,0,0,0,0,0
63278,2,1,0,0,0,0,0,0,0,0,0,0
63279,1,1,0,0,0,0,0,0,0,0,0,0
63279,2,1,0,0,0,0,0,0,0,0,0,0
63279,3,1,0,0,0,0,0,0,0,0,0,0
63281,1,1,19,19,19,19,19,19,19,19,19,19
63281,2,1,0,0,0,0,0,0,0,19,0,0
63281,3,1,0,0,0,0,0,0,16,0,0,0
63281,4,1,0,0,0,30,0,0,0,11,0,0
63281,5,1,16,35,28,17,8,28,22,0,27,6
63283,1,1,0,0,0,0,0,0,0,0,0,0
63283,2,1,0,0,0,0,0,0,0,0,0,0
63283,3,1,0,0,0,0,0,0,0,0,0,0
63283,4,1,0,0,0,0,0,0,0,0,0,0
63283,5,1,0,0,0,0,0,0,0,0,0,0
63283,6,1,0,0,0,0,0,0,0,0,0,0
63283,7,1,0,0,0,0,0,0,0,0,0,0
63284,1,1,0,0,0,0,0,0,0,0,0,0
63284,2,1,0,0,0,0,0,0,0,0,0,0
63284,3,1,0,0,0,4,0,0,0,0,0,0
63285,1,1,10,10,10,10,10,10,10,10,10,10
63285,2,1,9,9,9,9,9,9,9,9,9,9
63286,0,1,0,0,0,0,0,0,0,0,0,0
63286,1,1,0,0,0,0,0,0,0,0,0,0
63287,1,1,1,1,1,1,1,1,1,1,1,1
63287,2,1,0,0,0,0,0,0,0,0,0,0
63287,3,1,0,0,0,0,0,0,0,0,0,0
63287,4,1,15,0,14,0,0,0,0,11,0,0
63287,5,1,0,0,0,0,0,21,0,0,0,0
63288,1,1,0,0,0,0,0,0,0,0,0,0
63288,2,1,0,0,0,0,0,0,0,0,0,40
63289,1,1,0,0,0,0,0,0,0,0,0,0
63290,1,1,0,0,0,0,0,0,0,0,0,0
63290,2,1,0,0,0,0,0,0,0,0,0,0
63291,1,1,0,0,0,0,0,0,0,0,0,0
63291,2,1,0,0,0,0,0,0,0,0,0,0
63292,0,1,12,12,12,12,12,12,12,12,12,12
63292,1,1,0,0,0,0,0,0,26,0,0,0
63293,1,1,0,0,0,0,0,0,0,0,0,0
63294,0,1,8,8,8,8,8,8,8,8,8,8
63294,1,1,0,0,0,0,0,0,0,0,0,0
63295,1,1,0,0,0,0,0,0,0,0,0,0
63296,0,1,0,0,0,0,0,0,0,0,0,0
63296,1,1,0,0,0,0,0,0,0,0,0,0
63299,1,1,25,25,25,25,25,25,25,25,25,25
63300,2,1,11,11,11,11,11,11,11,11,11,11
63300,3,1,0,0,0,0,0,0,0,0,0,0
63301,0,1,0,0,0,0,31,0,0,0,0,0
63301,1,1,8,0,0,5,31,8,14,0,11,0
63302,1,1,0,0,0,0,0,0,0,0,0,0
63302,2,1,0,0,0,0,0,0,0,0,0,0
63303,1,1,5,5,5,5,5,5,5,5,5,5
63303,2,1,0,0,0,0,0,0,0,0,0,0
63303,3,1,0,0,0,0,0,0,0,0,0,0
63304,1,1,0,0,0,0,0,0,0,0,0,0
63304,2,1,0,0,14,0,0,0,0,17,0,0
63305,0,1,0,0,0,0,0,0,0,0,0,0
63305,1,1,0,0,0,0,0,0,0,0,0,0
63306,0,1,0,18,0,0,0,0,0,0,0,0
63306,1,1,0,0,0,0,0,0,0,0,0,0
63307,0,1,27,27,27,27,27,27,27,27,27,27
63307,1,1,0,0,0,0,0,0,0,0,0,0
63308,1,1,5,5,5,5,5,5,5,5,5,5
63309,1,1,0,0,0,17,8,0,17,0,0,0
63309,2,1,0,0,0,0,0,0,0,0,0,0
63309,3,1,0,0,0,0,0,0,0,0,0,0
63310,1,1,25,25,25,25,25,25,25,25,25,25
63311,1,1,0,0,0,0,0,0,0,0,0,0
63311,2,1,0,16,0,0,0,0,0,0,0,21
63312,1,1,13,13,13,13,13,13,13,13,13,13
63313,0,1,0,0,0,0,0,0,0,0,0,0
63313,1,1,0,0,0,0,0,0,0,0,0,0
63314,0,1,0,0,0,0,0,0,0,0,0,0
63314,1,1,19,19,19,19,19,19,19,19,19,19
63315,0,1,0,0,0,0,0,0,0,0,0,0
63315,1,1,0,0,0,0,0,0,0,0,0,0
63316,1,1,29,29,29,29,29,29,29,29,29,29
63316,2,1,0,0,0,0,0,0,7,0,0,0
63317,0,1,17,0,18,32,0,0,0,0,19,0
63317,1,1,0,0,8,0,0,0,0,0,0,0
63318,0,1,0,0,0,0,0,0,0,0,0,0
63318,1,1,14,26,20,12,0,0,10,40,0,0
63319,1,1,0,0,0,0,0,0,0,0,0,0
63319,2,1,0,0,0,0,0,0,0,0,0,0
63320,0,1,0,0,0,0,0,0,0,0,0,0
63320,1,1,0,0,0,0,0,0,0,0,0,0
63321,1,1,0,6,0,0,19,0,10,0,0,0
63321,2,1,0,0,0,0,0,0,0,0,0,0
63322,1,1,0,0,0,0,0,0,0,0,0,0
63322,2,1,0,0,0,0,0,0,0,0,0,0
63323,1,1,0,0,0,0,0,0,0,0,0,0
63324,1,1,0,0,0,0,0,0,0,0,0,0
63324,2,1,0,0,0,0,0,0,0,0,0,0
63325,0,1,32,32,32,32,32,32,32,32,32,32
63325,1,1,0,0,0,0,0,0,0,0,0,0
63326,0,1,0,0,0,0,0,0,0,0,0,0
63326,1,1,0,0,26,4,0,19,6,23,21,0
63327,1,1,16,16,16,16,16,16,16,16,16,16
63327,2,1,0,0,0,0,0,0,0,0,0,0
63327,3,1,0,11,0,0,0,0,38,0,0,0
63328,1,1,9,20,33,15,0,0,18,17,12,21
63329,1,1,1,1,1,1,1,1,1,1,1,1
63330,1,1,1,1,1,1,1,1,1,1,1,1
63330,2,1,0,0,0,0,0,19,0,0,0,0
63331,1,1,0,0,0,0,0,0,23,17,21,12
63331,2,1,17,37,3,0,26,0,0,0,0,20
63332,1,1,0,0,0,0,0,0,0,0,0,0
63332,2,1,0,0,0,0,0,0,0,0,15,0
63333,1,1,0,0,15,0,0,0,0,0,0,4
63334,0,1,0,0,0,0,0,0,0,0,0,0
63334,1,1,0,0,0,0,0,0,0,0,0,0
63335,1,1,26,26,26,26,26,26,26,26,26,26
63336,0,1,0,22,0,0,0,0,0,0,0,20
63336,1,1,0,0,0,0,0,0,0,0,0,0
63337,1,1,0,0,0,0,0,0,0,0,0,0
63337,2,1,0,0,0,0,0,0,0,0,0,0
63338,1,1,0,0,0,0,0,0,0,0,0,0
63339,0,1,0,0,0,0,0,0,0,0,0,0
63339,1,1,0,0,0,0,0,0,0,0,0,0
63340,1,1,0,0,0,0,0,0,0,0,0,0
63341,1,1,0,20,0,0,0,0,0,0,0,0
63342,1,1,0,0,0,0,0,0,0,0,0,0
63342,2,1,0,0,0,0,0,0,0,0,0,0
63343,1,1,0,0,0,0,0,0,0,0,0,0
63344,0,1,19,19,19,19,19,19,19,19,19,19
63344,1,1,0,0,0,0,0,0,0,0,0,0
63344,2,1,0,0,0,0,0,0,0,0,0,0
63345,1,1,17,17,17,17,17,17,17,17,17,17
63346,1,1,26,26,26,26,26,26,26,26,26,26
63346,2,1,0,0,0,0,0,0,0,0,0,0
63346,3,1,0,17,0,19,0,0,11,0,0,0
63346,4,1,0,0,0,0,0,0,0,0,0,13
63346,5,1,0,0,0,0,13,0,0,0,28,0
63347,1,1,7,7,7,7,7,7,7,7,7,7
63348,0,1,0,0,0,0,14,0,30,0,0,0
63348,1,1,0,16,0,13,0,0,4,12,0,0
63349,0,1,18,18,18,18,18,18,18,18,18,18
63349,1,1,12,12,11,3,0,23,0,0,0,0
63350,0,1,0,0,0,0,0,0,0,0,0,0
63350,0,2,0,0,0,0,0,0,0,0,0,0
63350,1,1,21,21,21,21,21,21,21,21,21,21
63351,1,1,0,0,0,0,0,0,0,0,0,0
63351,3,1,5,0,0,0,15,0,0,0,0,22
63352,1,1,28,28,28,28,28,28,28,28,28,28
63352,2,1,0,0,0,0,0,0,0,0,0,0
63352,3,1,0,0,0,0,0,0,0,0,0,0
63352,4,1,0,17,0,0,0,0,0,0,0,0
63352,5,1,8,0,0,0,0,0,0,0,0,0
63352,6,1,0,0,0,0,0,0,0,0,0,0
63352,7,1,0,0,0,0,0,0,0,0,0,0
63353,0,1,0,0,0,0,0,0,0,0,0,0
63353,1,1,0,0,0,0,0,14,0,0,0,0
63354,0,1,0,0,0,0,0,0,0,0,0,0
63354,1,1,0,0,0,0,0,0,0,0,0,0
63355,0,1,0,0,0,0,0,0,0,0,0,0
63355,1,1,0,0,0,0,0,0,0,0,0,0
63356,0,1,0,0,0,0,0,0,0,0,0,0
63356,1,1,0,0,0,0,0,0,0,0,13,0
63357,1,1,0,0,0,0,0,0,0,0,0,0
63357,2,1,0,0,0,0,0,0,0,0,0,0
63358,0,1,0,0,0,0,0,0,0,0,0,0
63358,1,1,0,0,0,0,19,0,0,0,0,0
63359,1,1,20,20,20,20,20,20,20,20,20,20
63359,2,1,0,0,0,0,0,0,0,0,0,0
63360,1,1,0,0,0,16,0,0,30,0,0,0
63360,2,1,0,0,0,0,0,0,0,0,0,0
63360,3,1,0,0,0,0,0,0,0,0,0,0
63361,0,1,6,6,6,6,6,6,6,6,6,6
63361,1,1,18,16,7,16,0,0,14,24,4,21
63362,1,1,25,25,25,25,25,25,25,25,25,25
63363,1,1,0,0,0,0,0,0,0,0,0,0
63363,2,1,0,0,0,0,0,0,0,0,0,0
63364,1,1,0,0,0,0,0,0,0,0,0,0
63364,2,1,0,0,0,0,0,0,0,0,0,0
63365,1,1,9,9,9,9,9,9,9,9,9,9
63366,1,1,20,20,20,20,20,20,20,20,20,20
63366,2,1,0,0,0,0,0,0,0,0,0,0
63367,1,1,0,0,0,0,0,0,0,0,0,0
63368,0,1,0,0,0,0,0,0,0,18,0,0
63368,0,2,0,0,0,0,0,0,0,0,0,0
63368,1,1,0,0,0,0,0,0,0,7,0,0
63369,1,1,8,8,8,8,8,8,8,8,8,8
63369,2,1,0,0,0,0,12,0,0,0,0,0
63370,1,1,0,0,0,3,0,18,0,0,0,0
63371,0,1,10,10,10,10,10,10,10,10,10,10
63371,1,1,0,0,0,0,0,0,0,0,0,0
63372,0,1,0,0,0,0,0,0,0,0,0,0
63372,1,1,0,0,0,0,0,0,0,0,0,0
63373,1,1,21,0,0,5,11,0,18,10,6,12
63373,2,1,0,0,0,0,0,0,0,0,0,0
63374,0,1,0,0,0,0,0,0,0,0,0,0
63374,1,1,15,0,0,6,0,0,0,0,0,0
63375,0,1,0,0,0,0,0,0,0,0,0,0
63375,0,2,0,0,0,0,0,0,0,0,0,0
63375,1,1,0,0,0,0,0,0,0,0,0,0
63376,0,1,0,0,0,0,0,0,0,0,0,0
63376,1,1,19,27,17,24,0,7,0,23,17,15